700.0,189.5,675.0,32.0,7.0
700.0,189.55,675.0,32.0,7.0
700.0,189.6,675.0,32.0,7.0
700.0,189.65,675.0,32.0,7.0
700.0,189.7,675.0,32.0,7.0
700.0,189.75,675.0,32.0,7.0
700.0,189.8,675.0,32.0,7.0
700.0,189.85,675.0,32.0,7.0
700.0,189.9,675.0,32.0,7.0
700.0,189.95,675.0,32.0,7.0
700.0,190.0,675.0,32.0,7.0
700.0,190.05,675.0,32.0,7.0
700.0,190.1,675.0,32.0,7.0
700.0,190.15,675.0,32.0,7.0
700.0,190.2,675.0,32.0,7.0
700.0,190.25,675.0,32.0,7.0
700.0,190.3,675.0,32.0,7.0
700.0,190.35,675.0,32.0,7.0
700.0,190.4,675.0,32.0,7.0
700.0,190.45,675.0,32.0,7.0
700.0,190.5,675.0,32.0,7.0
700.0,190.55,675.0,32.0,7.0
700.0,190.6,675.0,32.0,7.0
700.0,190.65,675.0,32.0,7.0
700.0,190.7,675.0,32.0,7.0
700.0,190.75,675.0,32.0,7.0
700.0,190.8,675.0,32.0,7.0
700.0,190.85,675.0,32.0,7.0
700.0,190.9,675.0,32.0,7.0
700.0,190.95,675.0,32.0,7.0
700.0,191.0,675.0,32.0,7.0
700.0,191.05,675.0,32.0,7.0
700.0,191.1,675.0,32.0,7.0
700.0,191.15,675.0,32.0,7.0
700.0,191.2,675.0,32.0,7.0
700.0,191.25,675.0,32.0,7.0
700.0,191.3,675.0,32.0,7.0
700.0,191.35,675.0,32.0,7.0
700.0,191.4,675.0,32.0,7.0
700.0,191.45,675.0,32.0,7.0
700.0,191.5,675.0,32.0,7.0
700.0,191.55,673.0,32.0,7.0
700.0,191.6,672.0,31.0,8.0
700.0,191.65,670.0,31.0,8.0
700.0,191.7,669.0,31.0,8.0
700.0,191.75,667.0,31.0,9.0
700.0,191.8,665.0,31.0,9.0
700.0,191.85,664.0,31.0,10.0
700.0,191.9,662.0,31.0,10.0
700.0,191.95,661.0,31.0,10.0
700.0,192.0,659.0,31.0,11.0
700.0,192.05,658.0,31.0,11.0
700.0,192.1,658.0,31.0,11.0
700.0,192.15,657.0,31.0,12.0
700.0,192.2,656.0,30.0,12.0
700.0,192.25,656.0,30.0,12.0
700.0,192.3,655.0,30.0,13.0
700.0,192.35,654.0,30.0,13.0
700.0,192.4,653.0,30.0,13.0
700.0,192.45,653.0,30.0,14.0
700.0,192.5,652.0,30.0,14.0
700.0,192.55,650.0,30.0,14.0
700.0,192.6,648.0,30.0,14.0
700.0,192.65,647.0,31.0,15.0
700.0,192.7,645.0,31.0,15.0
700.0,192.75,643.0,31.0,15.0
700.0,192.8,641.0,31.0,15.0
700.0,192.85,639.0,32.0,15.0
700.0,192.9,638.0,32.0,16.0
700.0,192.95,636.0,32.0,16.0
700.0,193.0,634.0,32.0,16.0
700.0,193.05,634.0,33.0,16.0
700.0,193.1,634.0,34.0,16.0
700.0,193.15,634.0,34.0,16.0
700.0,193.2,634.0,35.0,16.0
700.0,193.25,634.0,36.0,15.0
700.0,193.3,634.0,36.0,15.0
700.0,193.35,634.0,37.0,15.0
700.0,193.4,634.0,38.0,15.0
700.0,193.45,634.0,38.0,15.0
700.0,193.5,634.0,39.0,15.0
700.0,193.55,635.0,39.0,15.0
700.0,193.6,636.0,39.0,15.0
700.0,193.65,637.0,39.0,16.0
700.0,193.7,638.0,39.0,16.0
700.0,193.75,638.0,39.0,16.0
700.0,193.8,639.0,39.0,16.0
700.0,193.85,640.0,39.0,17.0
700.0,193.9,641.0,39.0,17.0
700.0,193.95,642.0,39.0,17.0
700.0,194.0,643.0,39.0,17.0
700.0,194.05,645.0,39.0,18.0
700.0,194.1,646.0,39.0,18.0
700.0,194.15,648.0,39.0,18.0
700.0,194.2,650.0,39.0,18.0
700.0,194.25,652.0,39.0,18.0
700.0,194.3,653.0,39.0,19.0
700.0,194.35,655.0,39.0,19.0
700.0,194.4,657.0,39.0,19.0
700.0,194.45,658.0,39.0,19.0
700.0,194.5,660.0,39.0,20.0
700.0,194.55,662.0,39.0,20.0
700.0,194.6,663.0,39.0,20.0
700.0,194.65,665.0,39.0,20.0
700.0,194.7,667.0,39.0,20.0
700.0,194.75,668.0,39.0,21.0
700.0,194.8,670.0,39.0,21.0
700.0,194.85,672.0,39.0,21.0
700.0,194.9,674.0,38.0,21.0
700.0,194.95,675.0,38.0,21.0
700.0,195.0,677.0,38.0,21.0
700.0,195.05,678.0,39.0,21.0
700.0,195.1,678.0,39.0,22.0
700.0,195.15,678.0,40.0,22.0
700.0,195.2,679.0,41.0,22.0
700.0,195.25,680.0,41.0,22.0
700.0,195.3,680.0,42.0,22.0
700.0,195.35,680.0,43.0,22.0
700.0,195.4,681.0,43.0,22.0
700.0,195.45,681.0,44.0,22.0
700.0,195.5,682.0,45.0,22.0
700.0,195.55,677.0,45.0,23.0
700.0,195.6,671.0,45.0,23.0
700.0,195.65,666.0,45.0,24.0
700.0,195.7,661.0,45.0,24.0
700.0,195.75,656.0,46.0,24.0
700.0,195.8,650.0,46.0,25.0
700.0,195.85,645.0,46.0,25.0
700.0,195.9,640.0,46.0,26.0
700.0,195.95,634.0,46.0,26.0
700.0,196.0,629.0,47.0,27.0
700.0,196.05,637.0,47.0,26.0
700.0,196.1,645.0,47.0,26.0
700.0,196.15,653.0,47.0,25.0
700.0,196.2,661.0,47.0,25.0
700.0,196.25,669.0,47.0,25.0
700.0,196.3,677.0,47.0,24.0
700.0,196.35,685.0,47.0,24.0
700.0,196.4,693.0,47.0,23.0
700.0,196.45,701.0,47.0,23.0
700.0,196.5,709.0,47.0,23.0
700.0,196.55,712.0,47.0,23.0
700.0,196.6,715.0,47.0,23.0
700.0,196.65,717.0,47.0,23.0
700.0,196.7,720.0,47.0,24.0
700.0,196.75,723.0,47.0,24.0
700.0,196.8,726.0,48.0,24.0
700.0,196.85,729.0,48.0,24.0
700.0,196.9,731.0,48.0,25.0
700.0,196.95,734.0,48.0,25.0
700.0,197.0,737.0,48.0,25.0
700.0,197.05,740.0,48.0,25.0
700.0,197.1,743.0,49.0,25.0
700.0,197.15,746.0,49.0,26.0
700.0,197.2,749.0,49.0,26.0
700.0,197.25,752.0,49.0,26.0
700.0,197.3,754.0,49.0,26.0
700.0,197.35,757.0,50.0,26.0
700.0,197.4,760.0,50.0,27.0
700.0,197.45,763.0,50.0,27.0
700.0,197.5,766.0,50.0,27.0
700.0,197.55,768.0,51.0,27.0
700.0,197.6,770.0,51.0,27.0
700.0,197.65,773.0,52.0,28.0
700.0,197.7,775.0,52.0,28.0
700.0,197.75,777.0,52.0,28.0
700.0,197.8,779.0,53.0,28.0
700.0,197.85,781.0,53.0,28.0
700.0,197.9,784.0,54.0,29.0
700.0,197.95,786.0,54.0,29.0
700.0,198.0,788.0,55.0,29.0
700.0,198.05,789.0,55.0,29.0
700.0,198.1,791.0,55.0,29.0
700.0,198.15,792.0,55.0,28.0
700.0,198.2,793.0,55.0,28.0
700.0,198.25,794.0,55.0,28.0
700.0,198.3,796.0,55.0,28.0
700.0,198.35,797.0,55.0,27.0
700.0,198.4,798.0,55.0,27.0
700.0,198.45,800.0,55.0,27.0
700.0,198.5,801.0,54.0,27.0
700.0,198.55,801.0,54.0,27.0
700.0,198.6,801.0,54.0,27.0
700.0,198.65,801.0,54.0,27.0
700.0,198.7,801.0,54.0,27.0
700.0,198.75,801.0,54.0,27.0
700.0,198.8,801.0,54.0,27.0
700.0,198.85,801.0,54.0,27.0
700.0,198.9,801.0,54.0,27.0
700.0,198.95,801.0,54.0,27.0
700.0,199.0,801.0,54.0,27.0
700.0,199.05,801.0,54.0,27.0
700.0,199.1,801.0,54.0,27.0
700.0,199.15,801.0,54.0,27.0
700.0,199.2,801.0,54.0,27.0
700.0,199.25,801.0,54.0,27.0
700.0,199.3,801.0,54.0,27.0
700.0,199.35,801.0,54.0,27.0
700.0,199.4,801.0,54.0,27.0
700.0,199.45,801.0,54.0,27.0
700.0,199.5,801.0,54.0,27.0
700.0,199.55,801.0,54.0,27.0
700.0,199.6,801.0,54.0,27.0
700.0,199.65,801.0,54.0,27.0
700.0,199.7,801.0,54.0,27.0
700.0,199.75,801.0,54.0,27.0
700.0,199.8,801.0,54.0,27.0
700.0,199.85,801.0,54.0,27.0
700.0,199.9,801.0,54.0,27.0
700.0,199.95,801.0,54.0,27.0
700.0,200.0,801.0,54.0,27.0
700.0,200.05,801.0,54.0,27.0
700.0,200.1,801.0,54.0,27.0
700.0,200.15,801.0,54.0,27.0
700.0,200.2,801.0,54.0,27.0
700.0,200.25,801.0,54.0,27.0
700.0,200.3,801.0,54.0,27.0
700.0,200.35,801.0,54.0,27.0
700.0,200.4,801.0,54.0,27.0
700.0,200.45,801.0,54.0,27.0
700.0,200.5,801.0,54.0,27.0
710.0,189.5,682.0,32.0,7.0
710.0,189.55,682.0,32.0,7.0
710.0,189.6,682.0,32.0,7.0
710.0,189.65,682.0,32.0,7.0
710.0,189.7,682.0,32.0,7.0
710.0,189.75,682.0,32.0,7.0
710.0,189.8,682.0,32.0,7.0
710.0,189.85,682.0,32.0,7.0
710.0,189.9,682.0,32.0,7.0
710.0,189.95,682.0,32.0,7.0
710.0,190.0,682.0,32.0,7.0
710.0,190.05,682.0,32.0,7.0
710.0,190.1,682.0,32.0,7.0
710.0,190.15,682.0,32.0,7.0
710.0,190.2,682.0,32.0,7.0
710.0,190.25,682.0,32.0,7.0
710.0,190.3,682.0,32.0,7.0
710.0,190.35,682.0,32.0,7.0
710.0,190.4,682.0,32.0,7.0
710.0,190.45,682.0,32.0,7.0
710.0,190.5,682.0,32.0,7.0
710.0,190.55,682.0,32.0,7.0
710.0,190.6,682.0,32.0,7.0
710.0,190.65,682.0,32.0,7.0
710.0,190.7,682.0,32.0,7.0
710.0,190.75,682.0,32.0,7.0
710.0,190.8,682.0,32.0,7.0
710.0,190.85,682.0,32.0,7.0
710.0,190.9,682.0,32.0,7.0
710.0,190.95,682.0,32.0,7.0
710.0,191.0,682.0,32.0,7.0
710.0,191.05,682.0,32.0,7.0
710.0,191.1,682.0,32.0,7.0
710.0,191.15,682.0,32.0,7.0
710.0,191.2,682.0,32.0,7.0
710.0,191.25,682.0,32.0,7.0
710.0,191.3,682.0,32.0,7.0
710.0,191.35,682.0,32.0,7.0
710.0,191.4,682.0,32.0,7.0
710.0,191.45,682.0,32.0,7.0
710.0,191.5,682.0,32.0,7.0
710.0,191.55,681.0,32.0,7.0
710.0,191.6,679.0,32.0,8.0
710.0,191.65,677.0,32.0,8.0
710.0,191.7,676.0,31.0,8.0
710.0,191.75,674.0,31.0,9.0
710.0,191.8,673.0,31.0,9.0
710.0,191.85,671.0,31.0,10.0
710.0,191.9,669.0,31.0,10.0
710.0,191.95,668.0,31.0,10.0
710.0,192.0,666.0,31.0,11.0
710.0,192.05,665.0,31.0,11.0
710.0,192.1,665.0,31.0,12.0
710.0,192.15,664.0,31.0,12.0
710.0,192.2,663.0,31.0,12.0
710.0,192.25,663.0,30.0,12.0
710.0,192.3,662.0,30.0,13.0
710.0,192.35,661.0,30.0,13.0
710.0,192.4,661.0,30.0,13.0
710.0,192.45,660.0,30.0,14.0
710.0,192.5,659.0,30.0,14.0
710.0,192.55,657.0,30.0,14.0
710.0,192.6,655.0,30.0,14.0
710.0,192.65,654.0,31.0,15.0
710.0,192.7,652.0,31.0,15.0
710.0,192.75,650.0,31.0,15.0
710.0,192.8,648.0,31.0,15.0
710.0,192.85,646.0,32.0,15.0
710.0,192.9,645.0,32.0,16.0
710.0,192.95,643.0,32.0,16.0
710.0,193.0,641.0,32.0,16.0
710.0,193.05,641.0,33.0,16.0
710.0,193.1,641.0,34.0,16.0
710.0,193.15,641.0,34.0,16.0
710.0,193.2,641.0,35.0,16.0
710.0,193.25,641.0,36.0,16.0
710.0,193.3,641.0,36.0,15.0
710.0,193.35,641.0,37.0,15.0
710.0,193.4,641.0,38.0,15.0
710.0,193.45,641.0,38.0,15.0
710.0,193.5,641.0,39.0,15.0
710.0,193.55,642.0,39.0,15.0
710.0,193.6,643.0,39.0,15.0
710.0,193.65,644.0,39.0,16.0
710.0,193.7,645.0,39.0,16.0
710.0,193.75,645.0,39.0,16.0
710.0,193.8,646.0,39.0,16.0
710.0,193.85,647.0,39.0,17.0
710.0,193.9,648.0,39.0,17.0
710.0,193.95,649.0,39.0,17.0
710.0,194.0,650.0,39.0,17.0
710.0,194.05,652.0,39.0,18.0
710.0,194.1,653.0,39.0,18.0
710.0,194.15,655.0,39.0,18.0
710.0,194.2,657.0,39.0,18.0
710.0,194.25,659.0,39.0,19.0
710.0,194.3,660.0,39.0,19.0
710.0,194.35,662.0,39.0,19.0
710.0,194.4,664.0,39.0,19.0
710.0,194.45,665.0,40.0,19.0
710.0,194.5,667.0,40.0,20.0
710.0,194.55,669.0,39.0,20.0
710.0,194.6,670.0,39.0,20.0
710.0,194.65,672.0,39.0,20.0
710.0,194.7,674.0,39.0,20.0
710.0,194.75,676.0,39.0,21.0
710.0,194.8,677.0,39.0,21.0
710.0,194.85,679.0,39.0,21.0
710.0,194.9,681.0,39.0,21.0
710.0,194.95,682.0,38.0,21.0
710.0,195.0,684.0,38.0,22.0
710.0,195.05,685.0,39.0,22.0
710.0,195.1,685.0,40.0,22.0
710.0,195.15,686.0,40.0,22.0
710.0,195.2,686.0,41.0,22.0
710.0,195.25,687.0,42.0,22.0
710.0,195.3,687.0,42.0,22.0
710.0,195.35,688.0,43.0,22.0
710.0,195.4,688.0,43.0,22.0
710.0,195.45,689.0,44.0,22.0
710.0,195.5,689.0,45.0,22.0
710.0,195.55,683.0,45.0,23.0
710.0,195.6,678.0,45.0,23.0
710.0,195.65,673.0,45.0,24.0
710.0,195.7,668.0,45.0,24.0
710.0,195.75,662.0,46.0,25.0
710.0,195.8,657.0,46.0,25.0
710.0,195.85,652.0,46.0,25.0
710.0,195.9,646.0,46.0,26.0
710.0,195.95,641.0,46.0,26.0
710.0,196.0,636.0,47.0,27.0
710.0,196.05,644.0,47.0,26.0
710.0,196.1,652.0,47.0,26.0
710.0,196.15,660.0,47.0,26.0
710.0,196.2,668.0,47.0,25.0
710.0,196.25,676.0,47.0,25.0
710.0,196.3,684.0,47.0,24.0
710.0,196.35,692.0,47.0,24.0
710.0,196.4,700.0,47.0,24.0
710.0,196.45,708.0,47.0,23.0
710.0,196.5,716.0,47.0,23.0
710.0,196.55,719.0,47.0,23.0
710.0,196.6,722.0,47.0,23.0
710.0,196.65,724.0,47.0,23.0
710.0,196.7,727.0,47.0,24.0
710.0,196.75,730.0,48.0,24.0
710.0,196.8,733.0,48.0,24.0
710.0,196.85,736.0,48.0,24.0
710.0,196.9,738.0,48.0,25.0
710.0,196.95,741.0,48.0,25.0
710.0,197.0,744.0,48.0,25.0
710.0,197.05,747.0,49.0,25.0
710.0,197.1,750.0,49.0,26.0
710.0,197.15,753.0,49.0,26.0
710.0,197.2,756.0,49.0,26.0
710.0,197.25,758.0,49.0,26.0
710.0,197.3,761.0,50.0,26.0
710.0,197.35,764.0,50.0,27.0
710.0,197.4,767.0,50.0,27.0
710.0,197.45,770.0,50.0,27.0
710.0,197.5,773.0,50.0,27.0
710.0,197.55,775.0,51.0,27.0
710.0,197.6,777.0,51.0,27.0
710.0,197.65,780.0,52.0,28.0
710.0,197.7,782.0,52.0,28.0
710.0,197.75,784.0,53.0,28.0
710.0,197.8,786.0,53.0,28.0
710.0,197.85,788.0,53.0,28.0
710.0,197.9,791.0,54.0,29.0
710.0,197.95,793.0,54.0,29.0
710.0,198.0,795.0,55.0,29.0
710.0,198.05,796.0,55.0,29.0
710.0,198.1,797.0,55.0,29.0
710.0,198.15,799.0,55.0,28.0
710.0,198.2,800.0,55.0,28.0
710.0,198.25,801.0,55.0,28.0
710.0,198.3,803.0,55.0,28.0
710.0,198.35,804.0,55.0,28.0
710.0,198.4,805.0,55.0,27.0
710.0,198.45,806.0,55.0,27.0
710.0,198.5,808.0,55.0,27.0
710.0,198.55,808.0,55.0,27.0
710.0,198.6,808.0,55.0,27.0
710.0,198.65,808.0,55.0,27.0
710.0,198.7,808.0,55.0,27.0
710.0,198.75,808.0,55.0,27.0
710.0,198.8,808.0,55.0,27.0
710.0,198.85,808.0,55.0,27.0
710.0,198.9,808.0,55.0,27.0
710.0,198.95,808.0,55.0,27.0
710.0,199.0,808.0,55.0,27.0
710.0,199.05,808.0,55.0,27.0
710.0,199.1,808.0,55.0,27.0
710.0,199.15,808.0,55.0,27.0
710.0,199.2,808.0,55.0,27.0
710.0,199.25,808.0,55.0,27.0
710.0,199.3,808.0,55.0,27.0
710.0,199.35,808.0,55.0,27.0
710.0,199.4,808.0,55.0,27.0
710.0,199.45,808.0,55.0,27.0
710.0,199.5,808.0,55.0,27.0
710.0,199.55,808.0,55.0,27.0
710.0,199.6,808.0,55.0,27.0
710.0,199.65,808.0,55.0,27.0
710.0,199.7,808.0,55.0,27.0
710.0,199.75,808.0,55.0,27.0
710.0,199.8,808.0,55.0,27.0
710.0,199.85,808.0,55.0,27.0
710.0,199.9,808.0,55.0,27.0
710.0,199.95,808.0,55.0,27.0
710.0,200.0,808.0,55.0,27.0
710.0,200.05,808.0,55.0,27.0
710.0,200.1,808.0,55.0,27.0
710.0,200.15,808.0,55.0,27.0
710.0,200.2,808.0,55.0,27.0
710.0,200.25,808.0,55.0,27.0
710.0,200.3,808.0,55.0,27.0
710.0,200.35,808.0,55.0,27.0
710.0,200.4,808.0,55.0,27.0
710.0,200.45,808.0,55.0,27.0
710.0,200.5,808.0,55.0,27.0
720.0,189.5,689.0,32.0,7.0
720.0,189.55,689.0,32.0,7.0
720.0,189.6,689.0,32.0,7.0
720.0,189.65,689.0,32.0,7.0
720.0,189.7,689.0,32.0,7.0
720.0,189.75,689.0,32.0,7.0
720.0,189.8,689.0,32.0,7.0
720.0,189.85,689.0,32.0,7.0
720.0,189.9,689.0,32.0,7.0
720.0,189.95,689.0,32.0,7.0
720.0,190.0,689.0,32.0,7.0
720.0,190.05,689.0,32.0,7.0
720.0,190.1,689.0,32.0,7.0
720.0,190.15,689.0,32.0,7.0
720.0,190.2,689.0,32.0,7.0
720.0,190.25,689.0,32.0,7.0
720.0,190.3,689.0,32.0,7.0
720.0,190.35,689.0,32.0,7.0
720.0,190.4,689.0,32.0,7.0
720.0,190.45,689.0,32.0,7.0
720.0,190.5,689.0,32.0,7.0
720.0,190.55,689.0,32.0,7.0
720.0,190.6,689.0,32.0,7.0
720.0,190.65,689.0,32.0,7.0
720.0,190.7,689.0,32.0,7.0
720.0,190.75,689.0,32.0,7.0
720.0,190.8,689.0,32.0,7.0
720.0,190.85,689.0,32.0,7.0
720.0,190.9,689.0,32.0,7.0
720.0,190.95,689.0,32.0,7.0
720.0,191.0,689.0,32.0,7.0
720.0,191.05,689.0,32.0,7.0
720.0,191.1,689.0,32.0,7.0
720.0,191.15,689.0,32.0,7.0
720.0,191.2,689.0,32.0,7.0
720.0,191.25,689.0,32.0,7.0
720.0,191.3,689.0,32.0,7.0
720.0,191.35,689.0,32.0,7.0
720.0,191.4,689.0,32.0,7.0
720.0,191.45,689.0,32.0,7.0
720.0,191.5,689.0,32.0,7.0
720.0,191.55,688.0,32.0,7.0
720.0,191.6,686.0,32.0,8.0
720.0,191.65,685.0,32.0,8.0
720.0,191.7,683.0,32.0,9.0
720.0,191.75,681.0,31.0,9.0
720.0,191.8,680.0,31.0,9.0
720.0,191.85,678.0,31.0,10.0
720.0,191.9,677.0,31.0,10.0
720.0,191.95,675.0,31.0,11.0
720.0,192.0,673.0,31.0,11.0
720.0,192.05,673.0,31.0,11.0
720.0,192.1,672.0,31.0,12.0
720.0,192.15,671.0,31.0,12.0
720.0,192.2,671.0,31.0,12.0
720.0,192.25,670.0,31.0,13.0
720.0,192.3,669.0,30.0,13.0
720.0,192.35,669.0,30.0,13.0
720.0,192.4,668.0,30.0,13.0
720.0,192.45,667.0,30.0,14.0
720.0,192.5,666.0,30.0,14.0
720.0,192.55,664.0,30.0,14.0
720.0,192.6,662.0,31.0,15.0
720.0,192.65,661.0,31.0,15.0
720.0,192.7,659.0,31.0,15.0
720.0,192.75,657.0,31.0,15.0
720.0,192.8,655.0,32.0,15.0
720.0,192.85,653.0,32.0,16.0
720.0,192.9,652.0,32.0,16.0
720.0,192.95,650.0,32.0,16.0
720.0,193.0,648.0,33.0,16.0
720.0,193.05,648.0,33.0,16.0
720.0,193.1,648.0,34.0,16.0
720.0,193.15,648.0,35.0,16.0
720.0,193.2,648.0,35.0,16.0
720.0,193.25,648.0,36.0,16.0
720.0,193.3,648.0,37.0,15.0
720.0,193.35,648.0,37.0,15.0
720.0,193.4,648.0,38.0,15.0
720.0,193.45,648.0,39.0,15.0
720.0,193.5,648.0,39.0,15.0
720.0,193.55,649.0,39.0,15.0
720.0,193.6,650.0,39.0,15.0
720.0,193.65,651.0,39.0,16.0
720.0,193.7,652.0,39.0,16.0
720.0,193.75,652.0,39.0,16.0
720.0,193.8,653.0,39.0,16.0
720.0,193.85,654.0,39.0,17.0
720.0,193.9,655.0,39.0,17.0
720.0,193.95,656.0,39.0,17.0
720.0,194.0,657.0,39.0,17.0
720.0,194.05,659.0,39.0,18.0
720.0,194.1,660.0,39.0,18.0
720.0,194.15,662.0,39.0,18.0
720.0,194.2,664.0,39.0,18.0
720.0,194.25,666.0,39.0,19.0
720.0,194.3,667.0,40.0,19.0
720.0,194.35,669.0,40.0,19.0
720.0,194.4,671.0,40.0,19.0
720.0,194.45,672.0,40.0,20.0
720.0,194.5,674.0,40.0,20.0
720.0,194.55,676.0,40.0,20.0
720.0,194.6,677.0,39.0,20.0
720.0,194.65,679.0,39.0,20.0
720.0,194.7,681.0,39.0,21.0
720.0,194.75,683.0,39.0,21.0
720.0,194.8,684.0,39.0,21.0
720.0,194.85,686.0,39.0,21.0
720.0,194.9,688.0,39.0,21.0
720.0,194.95,689.0,39.0,21.0
720.0,195.0,691.0,39.0,22.0
720.0,195.05,692.0,39.0,22.0
720.0,195.1,692.0,40.0,22.0
720.0,195.15,693.0,41.0,22.0
720.0,195.2,693.0,41.0,22.0
720.0,195.25,694.0,42.0,22.0
720.0,195.3,694.0,42.0,22.0
720.0,195.35,695.0,43.0,22.0
720.0,195.4,695.0,44.0,22.0
720.0,195.45,696.0,44.0,22.0
720.0,195.5,696.0,45.0,22.0
720.0,195.55,690.0,45.0,23.0
720.0,195.6,685.0,45.0,23.0
720.0,195.65,680.0,45.0,24.0
720.0,195.7,674.0,46.0,24.0
720.0,195.75,669.0,46.0,25.0
720.0,195.8,664.0,46.0,25.0
720.0,195.85,658.0,46.0,25.0
720.0,195.9,653.0,46.0,26.0
720.0,195.95,648.0,47.0,26.0
720.0,196.0,642.0,47.0,27.0
720.0,196.05,651.0,47.0,26.0
720.0,196.1,659.0,47.0,26.0
720.0,196.15,667.0,47.0,26.0
720.0,196.2,675.0,47.0,25.0
720.0,196.25,683.0,47.0,25.0
720.0,196.3,691.0,47.0,24.0
720.0,196.35,699.0,47.0,24.0
720.0,196.4,707.0,47.0,24.0
720.0,196.45,715.0,47.0,23.0
720.0,196.5,723.0,47.0,23.0
720.0,196.55,726.0,47.0,23.0
720.0,196.6,728.0,47.0,23.0
720.0,196.65,731.0,47.0,24.0
720.0,196.7,734.0,47.0,24.0
720.0,196.75,737.0,48.0,24.0
720.0,196.8,740.0,48.0,24.0
720.0,196.85,742.0,48.0,25.0
720.0,196.9,745.0,48.0,25.0
720.0,196.95,748.0,48.0,25.0
720.0,197.0,751.0,48.0,25.0
720.0,197.05,754.0,49.0,25.0
720.0,197.1,757.0,49.0,26.0
720.0,197.15,760.0,49.0,26.0
720.0,197.2,763.0,49.0,26.0
720.0,197.25,765.0,50.0,26.0
720.0,197.3,768.0,50.0,26.0
720.0,197.35,771.0,50.0,27.0
720.0,197.4,774.0,50.0,27.0
720.0,197.45,777.0,50.0,27.0
720.0,197.5,780.0,51.0,27.0
720.0,197.55,782.0,51.0,27.0
720.0,197.6,784.0,51.0,28.0
720.0,197.65,787.0,52.0,28.0
720.0,197.7,789.0,52.0,28.0
720.0,197.75,791.0,53.0,28.0
720.0,197.8,793.0,53.0,28.0
720.0,197.85,795.0,54.0,29.0
720.0,197.9,798.0,54.0,29.0
720.0,197.95,800.0,54.0,29.0
720.0,198.0,802.0,55.0,29.0
720.0,198.05,803.0,55.0,29.0
720.0,198.1,804.0,55.0,29.0
720.0,198.15,805.0,55.0,29.0
720.0,198.2,807.0,55.0,28.0
720.0,198.25,808.0,55.0,28.0
720.0,198.3,809.0,55.0,28.0
720.0,198.35,811.0,55.0,28.0
720.0,198.4,812.0,55.0,27.0
720.0,198.45,813.0,55.0,27.0
720.0,198.5,815.0,55.0,27.0
720.0,198.55,815.0,55.0,27.0
720.0,198.6,815.0,55.0,27.0
720.0,198.65,815.0,55.0,27.0
720.0,198.7,815.0,55.0,27.0
720.0,198.75,815.0,55.0,27.0
720.0,198.8,815.0,55.0,27.0
720.0,198.85,815.0,55.0,27.0
720.0,198.9,815.0,55.0,27.0
720.0,198.95,815.0,55.0,27.0
720.0,199.0,815.0,55.0,27.0
720.0,199.05,815.0,55.0,27.0
720.0,199.1,815.0,55.0,27.0
720.0,199.15,815.0,55.0,27.0
720.0,199.2,815.0,55.0,27.0
720.0,199.25,815.0,55.0,27.0
720.0,199.3,815.0,55.0,27.0
720.0,199.35,815.0,55.0,27.0
720.0,199.4,815.0,55.0,27.0
720.0,199.45,815.0,55.0,27.0
720.0,199.5,815.0,55.0,27.0
720.0,199.55,815.0,55.0,27.0
720.0,199.6,815.0,55.0,27.0
720.0,199.65,815.0,55.0,27.0
720.0,199.7,815.0,55.0,27.0
720.0,199.75,815.0,55.0,27.0
720.0,199.8,815.0,55.0,27.0
720.0,199.85,815.0,55.0,27.0
720.0,199.9,815.0,55.0,27.0
720.0,199.95,815.0,55.0,27.0
720.0,200.0,815.0,55.0,27.0
720.0,200.05,815.0,55.0,27.0
720.0,200.1,815.0,55.0,27.0
720.0,200.15,815.0,55.0,27.0
720.0,200.2,815.0,55.0,27.0
720.0,200.25,815.0,55.0,27.0
720.0,200.3,815.0,55.0,27.0
720.0,200.35,815.0,55.0,27.0
720.0,200.4,815.0,55.0,27.0
720.0,200.45,815.0,55.0,27.0
720.0,200.5,815.0,55.0,27.0
730.0,189.5,697.0,32.0,7.0
730.0,189.55,697.0,32.0,7.0
730.0,189.6,697.0,32.0,7.0
730.0,189.65,697.0,32.0,7.0
730.0,189.7,697.0,32.0,7.0
730.0,189.75,697.0,32.0,7.0
730.0,189.8,697.0,32.0,7.0
730.0,189.85,697.0,32.0,7.0
730.0,189.9,697.0,32.0,7.0
730.0,189.95,697.0,32.0,7.0
730.0,190.0,697.0,32.0,7.0
730.0,190.05,697.0,32.0,7.0
730.0,190.1,697.0,32.0,7.0
730.0,190.15,697.0,32.0,7.0
730.0,190.2,697.0,32.0,7.0
730.0,190.25,697.0,32.0,7.0
730.0,190.3,697.0,32.0,7.0
730.0,190.35,697.0,32.0,7.0
730.0,190.4,697.0,32.0,7.0
730.0,190.45,697.0,32.0,7.0
730.0,190.5,697.0,32.0,7.0
730.0,190.55,697.0,32.0,7.0
730.0,190.6,697.0,32.0,7.0
730.0,190.65,697.0,32.0,7.0
730.0,190.7,697.0,32.0,7.0
730.0,190.75,697.0,32.0,7.0
730.0,190.8,697.0,32.0,7.0
730.0,190.85,697.0,32.0,7.0
730.0,190.9,697.0,32.0,7.0
730.0,190.95,697.0,32.0,7.0
730.0,191.0,697.0,32.0,7.0
730.0,191.05,697.0,32.0,7.0
730.0,191.1,697.0,32.0,7.0
730.0,191.15,697.0,32.0,7.0
730.0,191.2,697.0,32.0,7.0
730.0,191.25,697.0,32.0,7.0
730.0,191.3,697.0,32.0,7.0
730.0,191.35,697.0,32.0,7.0
730.0,191.4,697.0,32.0,7.0
730.0,191.45,697.0,32.0,7.0
730.0,191.5,697.0,32.0,7.0
730.0,191.55,695.0,32.0,7.0
730.0,191.6,693.0,32.0,8.0
730.0,191.65,692.0,32.0,8.0
730.0,191.7,690.0,32.0,9.0
730.0,191.75,689.0,32.0,9.0
730.0,191.8,687.0,32.0,9.0
730.0,191.85,685.0,31.0,10.0
730.0,191.9,684.0,31.0,10.0
730.0,191.95,682.0,31.0,11.0
730.0,192.0,681.0,31.0,11.0
730.0,192.05,680.0,31.0,11.0
730.0,192.1,679.0,31.0,12.0
730.0,192.15,678.0,31.0,12.0
730.0,192.2,678.0,31.0,12.0
730.0,192.25,677.0,31.0,13.0
730.0,192.3,676.0,31.0,13.0
730.0,192.35,676.0,30.0,13.0
730.0,192.4,675.0,30.0,14.0
730.0,192.45,674.0,30.0,14.0
730.0,192.5,674.0,30.0,14.0
730.0,192.55,671.0,30.0,14.0
730.0,192.6,670.0,31.0,15.0
730.0,192.65,668.0,31.0,15.0
730.0,192.7,666.0,31.0,15.0
730.0,192.75,664.0,31.0,15.0
730.0,192.8,662.0,32.0,15.0
730.0,192.85,661.0,32.0,16.0
730.0,192.9,659.0,32.0,16.0
730.0,192.95,657.0,32.0,16.0
730.0,193.0,655.0,33.0,16.0
730.0,193.05,655.0,33.0,16.0
730.0,193.1,655.0,34.0,16.0
730.0,193.15,655.0,35.0,16.0
730.0,193.2,655.0,35.0,16.0
730.0,193.25,655.0,36.0,16.0
730.0,193.3,655.0,37.0,16.0
730.0,193.35,655.0,37.0,15.0
730.0,193.4,655.0,38.0,15.0
730.0,193.45,655.0,39.0,15.0
730.0,193.5,655.0,39.0,15.0
730.0,193.55,656.0,39.0,15.0
730.0,193.6,657.0,39.0,16.0
730.0,193.65,658.0,39.0,16.0
730.0,193.7,658.0,39.0,16.0
730.0,193.75,659.0,39.0,16.0
730.0,193.8,660.0,39.0,16.0
730.0,193.85,661.0,39.0,17.0
730.0,193.9,662.0,39.0,17.0
730.0,193.95,663.0,39.0,17.0
730.0,194.0,664.0,39.0,17.0
730.0,194.05,666.0,39.0,18.0
730.0,194.1,667.0,39.0,18.0
730.0,194.15,669.0,39.0,18.0
730.0,194.2,671.0,40.0,18.0
730.0,194.25,673.0,40.0,19.0
730.0,194.3,674.0,40.0,19.0
730.0,194.35,676.0,40.0,19.0
730.0,194.4,678.0,40.0,19.0
730.0,194.45,679.0,40.0,20.0
730.0,194.5,681.0,40.0,20.0
730.0,194.55,683.0,40.0,20.0
730.0,194.6,684.0,40.0,20.0
730.0,194.65,686.0,39.0,20.0
730.0,194.7,688.0,39.0,21.0
730.0,194.75,690.0,39.0,21.0
730.0,194.8,691.0,39.0,21.0
730.0,194.85,693.0,39.0,21.0
730.0,194.9,695.0,39.0,21.0
730.0,194.95,696.0,39.0,21.0
730.0,195.0,698.0,39.0,22.0
730.0,195.05,699.0,39.0,22.0
730.0,195.1,699.0,40.0,22.0
730.0,195.15,700.0,41.0,22.0
730.0,195.2,700.0,41.0,22.0
730.0,195.25,701.0,42.0,22.0
730.0,195.3,701.0,43.0,22.0
730.0,195.35,702.0,43.0,22.0
730.0,195.4,702.0,44.0,22.0
730.0,195.45,703.0,45.0,22.0
730.0,195.5,703.0,45.0,22.0
730.0,195.55,697.0,45.0,23.0
730.0,195.6,692.0,45.0,23.0
730.0,195.65,686.0,46.0,24.0
730.0,195.7,681.0,46.0,24.0
730.0,195.75,676.0,46.0,25.0
730.0,195.8,670.0,46.0,25.0
730.0,195.85,665.0,46.0,26.0
730.0,195.9,660.0,47.0,26.0
730.0,195.95,655.0,47.0,26.0
730.0,196.0,649.0,47.0,27.0
730.0,196.05,658.0,47.0,26.0
730.0,196.1,666.0,47.0,26.0
730.0,196.15,674.0,47.0,26.0
730.0,196.2,682.0,47.0,25.0
730.0,196.25,690.0,47.0,25.0
730.0,196.3,698.0,47.0,24.0
730.0,196.35,706.0,47.0,24.0
730.0,196.4,714.0,47.0,24.0
730.0,196.45,722.0,47.0,23.0
730.0,196.5,730.0,47.0,23.0
730.0,196.55,733.0,47.0,23.0
730.0,196.6,735.0,47.0,23.0
730.0,196.65,738.0,47.0,24.0
730.0,196.7,741.0,48.0,24.0
730.0,196.75,744.0,48.0,24.0
730.0,196.8,747.0,48.0,24.0
730.0,196.85,749.0,48.0,25.0
730.0,196.9,752.0,48.0,25.0
730.0,196.95,755.0,48.0,25.0
730.0,197.0,758.0,49.0,25.0
730.0,197.05,761.0,49.0,26.0
730.0,197.1,764.0,49.0,26.0
730.0,197.15,767.0,49.0,26.0
730.0,197.2,769.0,49.0,26.0
730.0,197.25,772.0,50.0,26.0
730.0,197.3,775.0,50.0,27.0
730.0,197.35,778.0,50.0,27.0
730.0,197.4,781.0,50.0,27.0
730.0,197.45,784.0,50.0,27.0
730.0,197.5,787.0,51.0,27.0
730.0,197.55,789.0,51.0,27.0
730.0,197.6,791.0,52.0,28.0
730.0,197.65,794.0,52.0,28.0
730.0,197.7,796.0,52.0,28.0
730.0,197.75,798.0,53.0,28.0
730.0,197.8,800.0,53.0,28.0
730.0,197.85,802.0,54.0,29.0
730.0,197.9,805.0,54.0,29.0
730.0,197.95,807.0,55.0,29.0
730.0,198.0,809.0,55.0,29.0
730.0,198.05,810.0,55.0,29.0
730.0,198.1,811.0,55.0,29.0
730.0,198.15,812.0,55.0,29.0
730.0,198.2,813.0,55.0,28.0
730.0,198.25,815.0,55.0,28.0
730.0,198.3,816.0,55.0,28.0
730.0,198.35,817.0,55.0,28.0
730.0,198.4,819.0,55.0,28.0
730.0,198.45,820.0,55.0,27.0
730.0,198.5,821.0,55.0,27.0
730.0,198.55,821.0,55.0,27.0
730.0,198.6,821.0,55.0,27.0
730.0,198.65,821.0,55.0,27.0
730.0,198.7,821.0,55.0,27.0
730.0,198.75,821.0,55.0,27.0
730.0,198.8,821.0,55.0,27.0
730.0,198.85,821.0,55.0,27.0
730.0,198.9,821.0,55.0,27.0
730.0,198.95,821.0,55.0,27.0
730.0,199.0,821.0,55.0,27.0
730.0,199.05,821.0,55.0,27.0
730.0,199.1,821.0,55.0,27.0
730.0,199.15,821.0,55.0,27.0
730.0,199.2,821.0,55.0,27.0
730.0,199.25,821.0,55.0,27.0
730.0,199.3,821.0,55.0,27.0
730.0,199.35,821.0,55.0,27.0
730.0,199.4,821.0,55.0,27.0
730.0,199.45,821.0,55.0,27.0
730.0,199.5,821.0,55.0,27.0
730.0,199.55,821.0,55.0,27.0
730.0,199.6,821.0,55.0,27.0
730.0,199.65,821.0,55.0,27.0
730.0,199.7,821.0,55.0,27.0
730.0,199.75,821.0,55.0,27.0
730.0,199.8,821.0,55.0,27.0
730.0,199.85,821.0,55.0,27.0
730.0,199.9,821.0,55.0,27.0
730.0,199.95,821.0,55.0,27.0
730.0,200.0,821.0,55.0,27.0
730.0,200.05,821.0,55.0,27.0
730.0,200.1,821.0,55.0,27.0
730.0,200.15,821.0,55.0,27.0
730.0,200.2,821.0,55.0,27.0
730.0,200.25,821.0,55.0,27.0
730.0,200.3,821.0,55.0,27.0
730.0,200.35,821.0,55.0,27.0
730.0,200.4,821.0,55.0,27.0
730.0,200.45,821.0,55.0,27.0
730.0,200.5,821.0,55.0,27.0
740.0,189.5,704.0,32.0,7.0
740.0,189.55,704.0,32.0,7.0
740.0,189.6,704.0,32.0,7.0
740.0,189.65,704.0,32.0,7.0
740.0,189.7,704.0,32.0,7.0
740.0,189.75,704.0,32.0,7.0
740.0,189.8,704.0,32.0,7.0
740.0,189.85,704.0,32.0,7.0
740.0,189.9,704.0,32.0,7.0
740.0,189.95,704.0,32.0,7.0
740.0,190.0,704.0,32.0,7.0
740.0,190.05,704.0,32.0,7.0
740.0,190.1,704.0,32.0,7.0
740.0,190.15,704.0,32.0,7.0
740.0,190.2,704.0,32.0,7.0
740.0,190.25,704.0,32.0,7.0
740.0,190.3,704.0,32.0,7.0
740.0,190.35,704.0,32.0,7.0
740.0,190.4,704.0,32.0,7.0
740.0,190.45,704.0,32.0,7.0
740.0,190.5,704.0,32.0,7.0
740.0,190.55,704.0,32.0,7.0
740.0,190.6,704.0,32.0,7.0
740.0,190.65,704.0,32.0,7.0
740.0,190.7,704.0,32.0,7.0
740.0,190.75,704.0,32.0,7.0
740.0,190.8,704.0,32.0,7.0
740.0,190.85,704.0,32.0,7.0
740.0,190.9,704.0,32.0,7.0
740.0,190.95,704.0,32.0,7.0
740.0,191.0,704.0,32.0,7.0
740.0,191.05,704.0,32.0,7.0
740.0,191.1,704.0,32.0,7.0
740.0,191.15,704.0,32.0,7.0
740.0,191.2,704.0,32.0,7.0
740.0,191.25,704.0,32.0,7.0
740.0,191.3,704.0,32.0,7.0
740.0,191.35,704.0,32.0,7.0
740.0,191.4,704.0,32.0,7.0
740.0,191.45,704.0,32.0,7.0
740.0,191.5,704.0,32.0,7.0
740.0,191.55,702.0,32.0,7.0
740.0,191.6,701.0,32.0,8.0
740.0,191.65,699.0,32.0,8.0
740.0,191.7,697.0,32.0,9.0
740.0,191.75,696.0,32.0,9.0
740.0,191.8,694.0,32.0,9.0
740.0,191.85,693.0,32.0,10.0
740.0,191.9,691.0,32.0,10.0
740.0,191.95,689.0,31.0,11.0
740.0,192.0,688.0,31.0,11.0
740.0,192.05,687.0,31.0,11.0
740.0,192.1,686.0,31.0,12.0
740.0,192.15,686.0,31.0,12.0
740.0,192.2,685.0,31.0,12.0
740.0,192.25,684.0,31.0,13.0
740.0,192.3,684.0,31.0,13.0
740.0,192.35,683.0,31.0,13.0
740.0,192.4,682.0,30.0,14.0
740.0,192.45,682.0,30.0,14.0
740.0,192.5,681.0,30.0,14.0
740.0,192.55,678.0,30.0,14.0
740.0,192.6,677.0,31.0,15.0
740.0,192.65,675.0,31.0,15.0
740.0,192.7,673.0,31.0,15.0
740.0,192.75,671.0,32.0,15.0
740.0,192.8,669.0,32.0,15.0
740.0,192.85,668.0,32.0,16.0
740.0,192.9,666.0,32.0,16.0
740.0,192.95,664.0,33.0,16.0
740.0,193.0,662.0,33.0,16.0
740.0,193.05,662.0,33.0,16.0
740.0,193.1,662.0,34.0,16.0
740.0,193.15,662.0,35.0,16.0
740.0,193.2,662.0,35.0,16.0
740.0,193.25,662.0,36.0,16.0
740.0,193.3,662.0,37.0,16.0
740.0,193.35,662.0,37.0,15.0
740.0,193.4,662.0,38.0,15.0
740.0,193.45,662.0,39.0,15.0
740.0,193.5,662.0,40.0,15.0
740.0,193.55,663.0,40.0,15.0
740.0,193.6,664.0,40.0,16.0
740.0,193.65,665.0,40.0,16.0
740.0,193.7,665.0,40.0,16.0
740.0,193.75,666.0,40.0,16.0
740.0,193.8,667.0,40.0,17.0
740.0,193.85,668.0,40.0,17.0
740.0,193.9,669.0,40.0,17.0
740.0,193.95,670.0,40.0,17.0
740.0,194.0,671.0,40.0,18.0
740.0,194.05,673.0,40.0,18.0
740.0,194.1,675.0,40.0,18.0
740.0,194.15,676.0,40.0,18.0
740.0,194.2,678.0,40.0,19.0
740.0,194.25,680.0,40.0,19.0
740.0,194.3,681.0,40.0,19.0
740.0,194.35,683.0,40.0,19.0
740.0,194.4,685.0,40.0,19.0
740.0,194.45,686.0,40.0,20.0
740.0,194.5,688.0,40.0,20.0
740.0,194.55,690.0,40.0,20.0
740.0,194.6,692.0,40.0,20.0
740.0,194.65,693.0,40.0,20.0
740.0,194.7,695.0,39.0,21.0
740.0,194.75,697.0,39.0,21.0
740.0,194.8,698.0,39.0,21.0
740.0,194.85,700.0,39.0,21.0
740.0,194.9,702.0,39.0,21.0
740.0,194.95,704.0,39.0,22.0
740.0,195.0,706.0,39.0,22.0
740.0,195.05,706.0,40.0,22.0
740.0,195.1,707.0,40.0,22.0
740.0,195.15,707.0,41.0,22.0
740.0,195.2,708.0,42.0,22.0
740.0,195.25,708.0,42.0,22.0
740.0,195.3,709.0,43.0,22.0
740.0,195.35,709.0,44.0,22.0
740.0,195.4,710.0,44.0,22.0
740.0,195.45,710.0,45.0,22.0
740.0,195.5,710.0,45.0,23.0
740.0,195.55,704.0,45.0,23.0
740.0,195.6,698.0,46.0,23.0
740.0,195.65,693.0,46.0,24.0
740.0,195.7,688.0,46.0,24.0
740.0,195.75,682.0,46.0,25.0
740.0,195.8,677.0,46.0,25.0
740.0,195.85,672.0,47.0,26.0
740.0,195.9,667.0,47.0,26.0
740.0,195.95,661.0,47.0,27.0
740.0,196.0,656.0,47.0,27.0
740.0,196.05,665.0,47.0,27.0
740.0,196.1,673.0,47.0,26.0
740.0,196.15,681.0,47.0,26.0
740.0,196.2,689.0,47.0,25.0
740.0,196.25,697.0,47.0,25.0
740.0,196.3,705.0,47.0,25.0
740.0,196.35,713.0,47.0,24.0
740.0,196.4,721.0,47.0,24.0
740.0,196.45,729.0,47.0,23.0
740.0,196.5,737.0,47.0,23.0
740.0,196.55,740.0,47.0,23.0
740.0,196.6,742.0,47.0,23.0
740.0,196.65,745.0,48.0,24.0
740.0,196.7,748.0,48.0,24.0
740.0,196.75,751.0,48.0,24.0
740.0,196.8,754.0,48.0,24.0
740.0,196.85,756.0,48.0,25.0
740.0,196.9,759.0,48.0,25.0
740.0,196.95,762.0,49.0,25.0
740.0,197.0,765.0,49.0,25.0
740.0,197.05,768.0,49.0,26.0
740.0,197.1,771.0,49.0,26.0
740.0,197.15,774.0,49.0,26.0
740.0,197.2,776.0,50.0,26.0
740.0,197.25,779.0,50.0,26.0
740.0,197.3,782.0,50.0,27.0
740.0,197.35,785.0,50.0,27.0
740.0,197.4,788.0,50.0,27.0
740.0,197.45,791.0,51.0,27.0
740.0,197.5,794.0,51.0,27.0
740.0,197.55,796.0,51.0,28.0
740.0,197.6,798.0,52.0,28.0
740.0,197.65,800.0,52.0,28.0
740.0,197.7,803.0,53.0,28.0
740.0,197.75,805.0,53.0,28.0
740.0,197.8,807.0,53.0,29.0
740.0,197.85,809.0,54.0,29.0
740.0,197.9,811.0,54.0,29.0
740.0,197.95,814.0,55.0,29.0
740.0,198.0,816.0,55.0,29.0
740.0,198.05,817.0,56.0,29.0
740.0,198.1,818.0,56.0,29.0
740.0,198.15,819.0,56.0,29.0
740.0,198.2,820.0,56.0,28.0
740.0,198.25,822.0,56.0,28.0
740.0,198.3,823.0,56.0,28.0
740.0,198.35,824.0,56.0,28.0
740.0,198.4,825.0,56.0,28.0
740.0,198.45,827.0,56.0,27.0
740.0,198.5,828.0,56.0,27.0
740.0,198.55,828.0,56.0,27.0
740.0,198.6,828.0,56.0,27.0
740.0,198.65,828.0,56.0,27.0
740.0,198.7,828.0,56.0,27.0
740.0,198.75,828.0,56.0,27.0
740.0,198.8,828.0,56.0,27.0
740.0,198.85,828.0,56.0,27.0
740.0,198.9,828.0,56.0,27.0
740.0,198.95,828.0,56.0,27.0
740.0,199.0,828.0,56.0,27.0
740.0,199.05,828.0,56.0,27.0
740.0,199.1,828.0,56.0,27.0
740.0,199.15,828.0,56.0,27.0
740.0,199.2,828.0,56.0,27.0
740.0,199.25,828.0,56.0,27.0
740.0,199.3,828.0,56.0,27.0
740.0,199.35,828.0,56.0,27.0
740.0,199.4,828.0,56.0,27.0
740.0,199.45,828.0,56.0,27.0
740.0,199.5,828.0,56.0,27.0
740.0,199.55,828.0,56.0,27.0
740.0,199.6,828.0,56.0,27.0
740.0,199.65,828.0,56.0,27.0
740.0,199.7,828.0,56.0,27.0
740.0,199.75,828.0,56.0,27.0
740.0,199.8,828.0,56.0,27.0
740.0,199.85,828.0,56.0,27.0
740.0,199.9,828.0,56.0,27.0
740.0,199.95,828.0,56.0,27.0
740.0,200.0,828.0,56.0,27.0
740.0,200.05,828.0,56.0,27.0
740.0,200.1,828.0,56.0,27.0
740.0,200.15,828.0,56.0,27.0
740.0,200.2,828.0,56.0,27.0
740.0,200.25,828.0,56.0,27.0
740.0,200.3,828.0,56.0,27.0
740.0,200.35,828.0,56.0,27.0
740.0,200.4,828.0,56.0,27.0
740.0,200.45,828.0,56.0,27.0
740.0,200.5,828.0,56.0,27.0
750.0,189.5,711.0,32.0,7.0
750.0,189.55,711.0,32.0,7.0
750.0,189.6,711.0,32.0,7.0
750.0,189.65,711.0,32.0,7.0
750.0,189.7,711.0,32.0,7.0
750.0,189.75,711.0,32.0,7.0
750.0,189.8,711.0,32.0,7.0
750.0,189.85,711.0,32.0,7.0
750.0,189.9,711.0,32.0,7.0
750.0,189.95,711.0,32.0,7.0
750.0,190.0,711.0,32.0,7.0
750.0,190.05,711.0,32.0,7.0
750.0,190.1,711.0,32.0,7.0
750.0,190.15,711.0,32.0,7.0
750.0,190.2,711.0,32.0,7.0
750.0,190.25,711.0,32.0,7.0
750.0,190.3,711.0,32.0,7.0
750.0,190.35,711.0,32.0,7.0
750.0,190.4,711.0,32.0,7.0
750.0,190.45,711.0,32.0,7.0
750.0,190.5,711.0,32.0,7.0
750.0,190.55,711.0,32.0,7.0
750.0,190.6,711.0,32.0,7.0
750.0,190.65,711.0,32.0,7.0
750.0,190.7,711.0,32.0,7.0
750.0,190.75,711.0,32.0,7.0
750.0,190.8,711.0,32.0,7.0
750.0,190.85,711.0,32.0,7.0
750.0,190.9,711.0,32.0,7.0
750.0,190.95,711.0,32.0,7.0
750.0,191.0,711.0,32.0,7.0
750.0,191.05,711.0,32.0,7.0
750.0,191.1,711.0,32.0,7.0
750.0,191.15,711.0,32.0,7.0
750.0,191.2,711.0,32.0,7.0
750.0,191.25,711.0,32.0,7.0
750.0,191.3,711.0,32.0,7.0
750.0,191.35,711.0,32.0,7.0
750.0,191.4,711.0,32.0,7.0
750.0,191.45,711.0,32.0,7.0
750.0,191.5,711.0,32.0,7.0
750.0,191.55,709.0,32.0,7.0
750.0,191.6,708.0,32.0,8.0
750.0,191.65,706.0,32.0,8.0
750.0,191.7,705.0,32.0,9.0
750.0,191.75,703.0,32.0,9.0
750.0,191.8,701.0,32.0,9.0
750.0,191.85,700.0,32.0,10.0
750.0,191.9,698.0,32.0,10.0
750.0,191.95,697.0,32.0,11.0
750.0,192.0,695.0,31.0,11.0
750.0,192.05,694.0,31.0,11.0
750.0,192.1,694.0,31.0,12.0
750.0,192.15,693.0,31.0,12.0
750.0,192.2,692.0,31.0,12.0
750.0,192.25,692.0,31.0,13.0
750.0,192.3,691.0,31.0,13.0
750.0,192.35,690.0,31.0,13.0
750.0,192.4,689.0,31.0,14.0
750.0,192.45,689.0,30.0,14.0
750.0,192.5,688.0,30.0,14.0
750.0,192.55,686.0,31.0,15.0
750.0,192.6,684.0,31.0,15.0
750.0,192.65,682.0,31.0,15.0
750.0,192.7,680.0,31.0,15.0
750.0,192.75,678.0,32.0,15.0
750.0,192.8,676.0,32.0,16.0
750.0,192.85,675.0,32.0,16.0
750.0,192.9,673.0,32.0,16.0
750.0,192.95,671.0,33.0,16.0
750.0,193.0,669.0,33.0,16.0
750.0,193.05,669.0,34.0,16.0
750.0,193.1,669.0,34.0,16.0
750.0,193.15,669.0,35.0,16.0
750.0,193.2,669.0,36.0,16.0
750.0,193.25,669.0,36.0,16.0
750.0,193.3,669.0,37.0,16.0
750.0,193.35,669.0,38.0,16.0
750.0,193.4,669.0,38.0,15.0
750.0,193.45,669.0,39.0,15.0
750.0,193.5,669.0,40.0,15.0
750.0,193.55,670.0,40.0,15.0
750.0,193.6,671.0,40.0,16.0
750.0,193.65,672.0,40.0,16.0
750.0,193.7,672.0,40.0,16.0
750.0,193.75,673.0,40.0,16.0
750.0,193.8,674.0,40.0,17.0
750.0,193.85,675.0,40.0,17.0
750.0,193.9,676.0,40.0,17.0
750.0,193.95,677.0,40.0,17.0
750.0,194.0,678.0,40.0,18.0
750.0,194.05,680.0,40.0,18.0
750.0,194.1,682.0,40.0,18.0
750.0,194.15,683.0,40.0,18.0
750.0,194.2,685.0,40.0,19.0
750.0,194.25,687.0,40.0,19.0
750.0,194.3,688.0,40.0,19.0
750.0,194.35,690.0,40.0,19.0
750.0,194.4,692.0,40.0,20.0
750.0,194.45,693.0,40.0,20.0
750.0,194.5,695.0,40.0,20.0
750.0,194.55,697.0,40.0,20.0
750.0,194.6,699.0,40.0,20.0
750.0,194.65,700.0,40.0,21.0
750.0,194.7,702.0,40.0,21.0
750.0,194.75,704.0,39.0,21.0
750.0,194.8,705.0,39.0,21.0
750.0,194.85,707.0,39.0,21.0
750.0,194.9,709.0,39.0,21.0
750.0,194.95,711.0,39.0,22.0
750.0,195.0,713.0,39.0,22.0
750.0,195.05,713.0,40.0,22.0
750.0,195.1,714.0,41.0,22.0
750.0,195.15,714.0,41.0,22.0
750.0,195.2,715.0,42.0,22.0
750.0,195.25,715.0,42.0,22.0
750.0,195.3,716.0,43.0,22.0
750.0,195.35,716.0,44.0,22.0
750.0,195.4,717.0,44.0,23.0
750.0,195.45,717.0,45.0,23.0
750.0,195.5,717.0,45.0,23.0
750.0,195.55,711.0,45.0,23.0
750.0,195.6,705.0,46.0,24.0
750.0,195.65,700.0,46.0,24.0
750.0,195.7,694.0,46.0,24.0
750.0,195.75,689.0,46.0,25.0
750.0,195.8,684.0,46.0,25.0
750.0,195.85,679.0,47.0,26.0
750.0,195.9,673.0,47.0,26.0
750.0,195.95,668.0,47.0,27.0
750.0,196.0,663.0,47.0,27.0
750.0,196.05,671.0,47.0,27.0
750.0,196.1,680.0,47.0,26.0
750.0,196.15,688.0,47.0,26.0
750.0,196.2,696.0,47.0,25.0
750.0,196.25,704.0,47.0,25.0
750.0,196.3,712.0,47.0,25.0
750.0,196.35,720.0,47.0,24.0
750.0,196.4,728.0,47.0,24.0
750.0,196.45,736.0,47.0,23.0
750.0,196.5,744.0,47.0,23.0
750.0,196.55,746.0,47.0,23.0
750.0,196.6,749.0,48.0,23.0
750.0,196.65,752.0,48.0,24.0
750.0,196.7,755.0,48.0,24.0
750.0,196.75,758.0,48.0,24.0
750.0,196.8,760.0,48.0,24.0
750.0,196.85,763.0,48.0,25.0
750.0,196.9,766.0,49.0,25.0
750.0,196.95,769.0,49.0,25.0
750.0,197.0,772.0,49.0,26.0
750.0,197.05,775.0,49.0,26.0
750.0,197.1,778.0,49.0,26.0
750.0,197.15,781.0,49.0,26.0
750.0,197.2,783.0,50.0,26.0
750.0,197.25,786.0,50.0,27.0
750.0,197.3,789.0,50.0,27.0
750.0,197.35,792.0,50.0,27.0
750.0,197.4,795.0,50.0,27.0
750.0,197.45,798.0,51.0,27.0
750.0,197.5,801.0,51.0,27.0
750.0,197.55,803.0,51.0,28.0
750.0,197.6,805.0,52.0,28.0
750.0,197.65,807.0,52.0,28.0
750.0,197.7,810.0,53.0,28.0
750.0,197.75,812.0,53.0,28.0
750.0,197.8,814.0,54.0,29.0
750.0,197.85,816.0,54.0,29.0
750.0,197.9,818.0,54.0,29.0
750.0,197.95,821.0,55.0,29.0
750.0,198.0,823.0,55.0,29.0
750.0,198.05,824.0,56.0,29.0
750.0,198.1,824.0,56.0,29.0
750.0,198.15,826.0,56.0,29.0
750.0,198.2,827.0,56.0,29.0
750.0,198.25,828.0,56.0,28.0
750.0,198.3,830.0,56.0,28.0
750.0,198.35,831.0,56.0,28.0
750.0,198.4,832.0,56.0,28.0
750.0,198.45,834.0,56.0,27.0
750.0,198.5,835.0,56.0,27.0
750.0,198.55,835.0,56.0,27.0
750.0,198.6,835.0,56.0,27.0
750.0,198.65,835.0,56.0,27.0
750.0,198.7,835.0,56.0,27.0
750.0,198.75,835.0,56.0,27.0
750.0,198.8,835.0,56.0,27.0
750.0,198.85,835.0,56.0,27.0
750.0,198.9,835.0,56.0,27.0
750.0,198.95,835.0,56.0,27.0
750.0,199.0,835.0,56.0,27.0
750.0,199.05,835.0,56.0,27.0
750.0,199.1,835.0,56.0,27.0
750.0,199.15,835.0,56.0,27.0
750.0,199.2,835.0,56.0,27.0
750.0,199.25,835.0,56.0,27.0
750.0,199.3,835.0,56.0,27.0
750.0,199.35,835.0,56.0,27.0
750.0,199.4,835.0,56.0,27.0
750.0,199.45,835.0,56.0,27.0
750.0,199.5,835.0,56.0,27.0
750.0,199.55,835.0,56.0,27.0
750.0,199.6,835.0,56.0,27.0
750.0,199.65,835.0,56.0,27.0
750.0,199.7,835.0,56.0,27.0
750.0,199.75,835.0,56.0,27.0
750.0,199.8,835.0,56.0,27.0
750.0,199.85,835.0,56.0,27.0
750.0,199.9,835.0,56.0,27.0
750.0,199.95,835.0,56.0,27.0
750.0,200.0,835.0,56.0,27.0
750.0,200.05,835.0,56.0,27.0
750.0,200.1,835.0,56.0,27.0
750.0,200.15,835.0,56.0,27.0
750.0,200.2,835.0,56.0,27.0
750.0,200.25,835.0,56.0,27.0
750.0,200.3,835.0,56.0,27.0
750.0,200.35,835.0,56.0,27.0
750.0,200.4,835.0,56.0,27.0
750.0,200.45,835.0,56.0,27.0
750.0,200.5,835.0,56.0,27.0
760.0,189.5,718.0,32.0,7.0
760.0,189.55,718.0,32.0,7.0
760.0,189.6,718.0,32.0,7.0
760.0,189.65,718.0,32.0,7.0
760.0,189.7,718.0,32.0,7.0
760.0,189.75,718.0,32.0,7.0
760.0,189.8,718.0,32.0,7.0
760.0,189.85,718.0,32.0,7.0
760.0,189.9,718.0,32.0,7.0
760.0,189.95,718.0,32.0,7.0
760.0,190.0,718.0,32.0,7.0
760.0,190.05,718.0,32.0,7.0
760.0,190.1,718.0,32.0,7.0
760.0,190.15,718.0,32.0,7.0
760.0,190.2,718.0,32.0,7.0
760.0,190.25,718.0,32.0,7.0
760.0,190.3,718.0,32.0,7.0
760.0,190.35,718.0,32.0,7.0
760.0,190.4,718.0,32.0,7.0
760.0,190.45,718.0,32.0,7.0
760.0,190.5,718.0,32.0,7.0
760.0,190.55,718.0,32.0,7.0
760.0,190.6,718.0,32.0,7.0
760.0,190.65,718.0,32.0,7.0
760.0,190.7,718.0,32.0,7.0
760.0,190.75,718.0,32.0,7.0
760.0,190.8,718.0,32.0,7.0
760.0,190.85,718.0,32.0,7.0
760.0,190.9,718.0,32.0,7.0
760.0,190.95,718.0,32.0,7.0
760.0,191.0,718.0,32.0,7.0
760.0,191.05,718.0,32.0,7.0
760.0,191.1,718.0,32.0,7.0
760.0,191.15,718.0,32.0,7.0
760.0,191.2,718.0,32.0,7.0
760.0,191.25,718.0,32.0,7.0
760.0,191.3,718.0,32.0,7.0
760.0,191.35,718.0,32.0,7.0
760.0,191.4,718.0,32.0,7.0
760.0,191.45,718.0,32.0,7.0
760.0,191.5,718.0,32.0,7.0
760.0,191.55,717.0,32.0,7.0
760.0,191.6,715.0,32.0,8.0
760.0,191.65,713.0,32.0,8.0
760.0,191.7,712.0,32.0,9.0
760.0,191.75,710.0,32.0,9.0
760.0,191.8,709.0,32.0,9.0
760.0,191.85,707.0,32.0,10.0
760.0,191.9,705.0,32.0,10.0
760.0,191.95,704.0,32.0,11.0
760.0,192.0,702.0,32.0,11.0
760.0,192.05,701.0,31.0,11.0
760.0,192.1,701.0,31.0,12.0
760.0,192.15,700.0,31.0,12.0
760.0,192.2,699.0,31.0,13.0
760.0,192.25,699.0,31.0,13.0
760.0,192.3,698.0,31.0,13.0
760.0,192.35,697.0,31.0,13.0
760.0,192.4,697.0,31.0,14.0
760.0,192.45,696.0,31.0,14.0
760.0,192.5,695.0,30.0,14.0
760.0,192.55,693.0,31.0,15.0
760.0,192.6,691.0,31.0,15.0
760.0,192.65,689.0,31.0,15.0
760.0,192.7,687.0,31.0,15.0
760.0,192.75,685.0,32.0,15.0
760.0,192.8,683.0,32.0,16.0
760.0,192.85,682.0,32.0,16.0
760.0,192.9,680.0,32.0,16.0
760.0,192.95,678.0,33.0,16.0
760.0,193.0,676.0,33.0,16.0
760.0,193.05,676.0,34.0,16.0
760.0,193.1,676.0,34.0,16.0
760.0,193.15,676.0,35.0,16.0
760.0,193.2,676.0,36.0,16.0
760.0,193.25,676.0,36.0,16.0
760.0,193.3,676.0,37.0,16.0
760.0,193.35,676.0,38.0,16.0
760.0,193.4,676.0,38.0,15.0
760.0,193.45,676.0,39.0,15.0
760.0,193.5,676.0,40.0,15.0
760.0,193.55,677.0,40.0,15.0
760.0,193.6,678.0,40.0,16.0
760.0,193.65,679.0,40.0,16.0
760.0,193.7,679.0,40.0,16.0
760.0,193.75,680.0,40.0,16.0
760.0,193.8,681.0,40.0,17.0
760.0,193.85,682.0,40.0,17.0
760.0,193.9,683.0,40.0,17.0
760.0,193.95,684.0,40.0,17.0
760.0,194.0,685.0,40.0,18.0
760.0,194.05,687.0,40.0,18.0
760.0,194.1,689.0,40.0,18.0
760.0,194.15,690.0,40.0,18.0
760.0,194.2,692.0,40.0,19.0
760.0,194.25,694.0,40.0,19.0
760.0,194.3,695.0,40.0,19.0
760.0,194.35,697.0,40.0,19.0
760.0,194.4,699.0,40.0,20.0
760.0,194.45,700.0,40.0,20.0
760.0,194.5,702.0,40.0,20.0
760.0,194.55,704.0,40.0,20.0
760.0,194.6,706.0,40.0,20.0
760.0,194.65,707.0,40.0,21.0
760.0,194.7,709.0,40.0,21.0
760.0,194.75,711.0,40.0,21.0
760.0,194.8,712.0,39.0,21.0
760.0,194.85,714.0,39.0,21.0
760.0,194.9,716.0,39.0,22.0
760.0,194.95,718.0,39.0,22.0
760.0,195.0,720.0,39.0,22.0
760.0,195.05,720.0,40.0,22.0
760.0,195.1,721.0,41.0,22.0
760.0,195.15,721.0,41.0,22.0
760.0,195.2,722.0,42.0,22.0
760.0,195.25,722.0,43.0,22.0
760.0,195.3,723.0,43.0,22.0
760.0,195.35,723.0,44.0,23.0
760.0,195.4,724.0,45.0,23.0
760.0,195.45,724.0,45.0,23.0
760.0,195.5,724.0,45.0,23.0
760.0,195.55,718.0,46.0,23.0
760.0,195.6,712.0,46.0,24.0
760.0,195.65,706.0,46.0,24.0
760.0,195.7,701.0,46.0,24.0
760.0,195.75,696.0,46.0,25.0
760.0,195.8,691.0,47.0,25.0
760.0,195.85,685.0,47.0,26.0
760.0,195.9,680.0,47.0,26.0
760.0,195.95,675.0,47.0,27.0
760.0,196.0,669.0,47.0,27.0
760.0,196.05,678.0,47.0,27.0
760.0,196.1,687.0,47.0,26.0
760.0,196.15,695.0,47.0,26.0
760.0,196.2,703.0,47.0,25.0
760.0,196.25,711.0,47.0,25.0
760.0,196.3,719.0,47.0,25.0
760.0,196.35,727.0,47.0,24.0
760.0,196.4,735.0,47.0,24.0
760.0,196.45,743.0,47.0,23.0
760.0,196.5,751.0,47.0,23.0
760.0,196.55,753.0,48.0,23.0
760.0,196.6,756.0,48.0,24.0
760.0,196.65,759.0,48.0,24.0
760.0,196.7,762.0,48.0,24.0
760.0,196.75,765.0,48.0,24.0
760.0,196.8,767.0,48.0,25.0
760.0,196.85,770.0,49.0,25.0
760.0,196.9,773.0,49.0,25.0
760.0,196.95,776.0,49.0,25.0
760.0,197.0,779.0,49.0,26.0
760.0,197.05,782.0,49.0,26.0
760.0,197.1,785.0,49.0,26.0
760.0,197.15,788.0,50.0,26.0
760.0,197.2,790.0,50.0,26.0
760.0,197.25,793.0,50.0,27.0
760.0,197.3,796.0,50.0,27.0
760.0,197.35,799.0,50.0,27.0
760.0,197.4,802.0,51.0,27.0
760.0,197.45,805.0,51.0,27.0
760.0,197.5,808.0,51.0,28.0
760.0,197.55,810.0,51.0,28.0
760.0,197.6,812.0,52.0,28.0
760.0,197.65,814.0,52.0,28.0
760.0,197.7,817.0,53.0,28.0
760.0,197.75,819.0,53.0,29.0
760.0,197.8,821.0,54.0,29.0
760.0,197.85,823.0,54.0,29.0
760.0,197.9,825.0,54.0,29.0
760.0,197.95,828.0,55.0,29.0
760.0,198.0,830.0,55.0,30.0
760.0,198.05,831.0,56.0,29.0
760.0,198.1,831.0,56.0,29.0
760.0,198.15,833.0,56.0,29.0
760.0,198.2,834.0,56.0,29.0
760.0,198.25,835.0,56.0,28.0
760.0,198.3,836.0,56.0,28.0
760.0,198.35,838.0,56.0,28.0
760.0,198.4,839.0,56.0,28.0
760.0,198.45,840.0,56.0,28.0
760.0,198.5,842.0,56.0,27.0
760.0,198.55,842.0,56.0,27.0
760.0,198.6,842.0,56.0,27.0
760.0,198.65,842.0,56.0,27.0
760.0,198.7,842.0,56.0,27.0
760.0,198.75,842.0,56.0,27.0
760.0,198.8,842.0,56.0,27.0
760.0,198.85,842.0,56.0,27.0
760.0,198.9,842.0,56.0,27.0
760.0,198.95,842.0,56.0,27.0
760.0,199.0,842.0,56.0,27.0
760.0,199.05,842.0,56.0,27.0
760.0,199.1,842.0,56.0,27.0
760.0,199.15,842.0,56.0,27.0
760.0,199.2,842.0,56.0,27.0
760.0,199.25,842.0,56.0,27.0
760.0,199.3,842.0,56.0,27.0
760.0,199.35,842.0,56.0,27.0
760.0,199.4,842.0,56.0,27.0
760.0,199.45,842.0,56.0,27.0
760.0,199.5,842.0,56.0,27.0
760.0,199.55,842.0,56.0,27.0
760.0,199.6,842.0,56.0,27.0
760.0,199.65,842.0,56.0,27.0
760.0,199.7,842.0,56.0,27.0
760.0,199.75,842.0,56.0,27.0
760.0,199.8,842.0,56.0,27.0
760.0,199.85,842.0,56.0,27.0
760.0,199.9,842.0,56.0,27.0
760.0,199.95,842.0,56.0,27.0
760.0,200.0,842.0,56.0,27.0
760.0,200.05,842.0,56.0,27.0
760.0,200.1,842.0,56.0,27.0
760.0,200.15,842.0,56.0,27.0
760.0,200.2,842.0,56.0,27.0
760.0,200.25,842.0,56.0,27.0
760.0,200.3,842.0,56.0,27.0
760.0,200.35,842.0,56.0,27.0
760.0,200.4,842.0,56.0,27.0
760.0,200.45,842.0,56.0,27.0
760.0,200.5,842.0,56.0,27.0
770.0,189.5,725.0,33.0,7.0
770.0,189.55,725.0,33.0,7.0
770.0,189.6,725.0,33.0,7.0
770.0,189.65,725.0,33.0,7.0
770.0,189.7,725.0,33.0,7.0
770.0,189.75,725.0,33.0,7.0
770.0,189.8,725.0,33.0,7.0
770.0,189.85,725.0,33.0,7.0
770.0,189.9,725.0,33.0,7.0
770.0,189.95,725.0,33.0,7.0
770.0,190.0,725.0,33.0,7.0
770.0,190.05,725.0,33.0,7.0
770.0,190.1,725.0,33.0,7.0
770.0,190.15,725.0,33.0,7.0
770.0,190.2,725.0,33.0,7.0
770.0,190.25,725.0,33.0,7.0
770.0,190.3,725.0,33.0,7.0
770.0,190.35,725.0,33.0,7.0
770.0,190.4,725.0,33.0,7.0
770.0,190.45,725.0,33.0,7.0
770.0,190.5,725.0,33.0,7.0
770.0,190.55,725.0,33.0,7.0
770.0,190.6,725.0,33.0,7.0
770.0,190.65,725.0,33.0,7.0
770.0,190.7,725.0,33.0,7.0
770.0,190.75,725.0,33.0,7.0
770.0,190.8,725.0,33.0,7.0
770.0,190.85,725.0,33.0,7.0
770.0,190.9,725.0,33.0,7.0
770.0,190.95,725.0,33.0,7.0
770.0,191.0,725.0,33.0,7.0
770.0,191.05,725.0,33.0,7.0
770.0,191.1,725.0,33.0,7.0
770.0,191.15,725.0,33.0,7.0
770.0,191.2,725.0,33.0,7.0
770.0,191.25,725.0,33.0,7.0
770.0,191.3,725.0,33.0,7.0
770.0,191.35,725.0,33.0,7.0
770.0,191.4,725.0,33.0,7.0
770.0,191.45,725.0,33.0,7.0
770.0,191.5,725.0,33.0,7.0
770.0,191.55,724.0,32.0,7.0
770.0,191.6,722.0,32.0,8.0
770.0,191.65,721.0,32.0,8.0
770.0,191.7,719.0,32.0,9.0
770.0,191.75,717.0,32.0,9.0
770.0,191.8,716.0,32.0,10.0
770.0,191.85,714.0,32.0,10.0
770.0,191.9,713.0,32.0,10.0
770.0,191.95,711.0,32.0,11.0
770.0,192.0,709.0,32.0,11.0
770.0,192.05,709.0,32.0,12.0
770.0,192.1,708.0,31.0,12.0
770.0,192.15,707.0,31.0,12.0
770.0,192.2,707.0,31.0,13.0
770.0,192.25,706.0,31.0,13.0
770.0,192.3,705.0,31.0,13.0
770.0,192.35,704.0,31.0,14.0
770.0,192.4,704.0,31.0,14.0
770.0,192.45,703.0,31.0,14.0
770.0,192.5,702.0,30.0,14.0
770.0,192.55,700.0,31.0,15.0
770.0,192.6,698.0,31.0,15.0
770.0,192.65,696.0,31.0,15.0
770.0,192.7,694.0,32.0,15.0
770.0,192.75,692.0,32.0,15.0
770.0,192.8,690.0,32.0,16.0
770.0,192.85,689.0,32.0,16.0
770.0,192.9,687.0,33.0,16.0
770.0,192.95,685.0,33.0,16.0
770.0,193.0,683.0,33.0,16.0
770.0,193.05,683.0,34.0,16.0
770.0,193.1,683.0,34.0,16.0
770.0,193.15,683.0,35.0,16.0
770.0,193.2,683.0,36.0,16.0
770.0,193.25,683.0,36.0,16.0
770.0,193.3,683.0,37.0,16.0
770.0,193.35,683.0,38.0,16.0
770.0,193.4,683.0,38.0,16.0
770.0,193.45,683.0,39.0,15.0
770.0,193.5,683.0,40.0,15.0
770.0,193.55,684.0,40.0,15.0
770.0,193.6,685.0,40.0,16.0
770.0,193.65,685.0,40.0,16.0
770.0,193.7,686.0,40.0,16.0
770.0,193.75,687.0,40.0,16.0
770.0,193.8,688.0,40.0,17.0
770.0,193.85,689.0,40.0,17.0
770.0,193.9,690.0,40.0,17.0
770.0,193.95,691.0,40.0,17.0
770.0,194.0,692.0,40.0,18.0
770.0,194.05,694.0,40.0,18.0
770.0,194.1,696.0,40.0,18.0
770.0,194.15,697.0,40.0,19.0
770.0,194.2,699.0,40.0,19.0
770.0,194.25,701.0,40.0,19.0
770.0,194.3,702.0,40.0,19.0
770.0,194.35,704.0,40.0,19.0
770.0,194.4,706.0,40.0,20.0
770.0,194.45,708.0,40.0,20.0
770.0,194.5,709.0,40.0,20.0
770.0,194.55,711.0,40.0,20.0
770.0,194.6,713.0,40.0,21.0
770.0,194.65,714.0,40.0,21.0
770.0,194.7,716.0,40.0,21.0
770.0,194.75,718.0,40.0,21.0
770.0,194.8,719.0,40.0,21.0
770.0,194.85,721.0,39.0,21.0
770.0,194.9,723.0,39.0,22.0
770.0,194.95,725.0,40.0,22.0
770.0,195.0,727.0,40.0,22.0
770.0,195.05,727.0,40.0,22.0
770.0,195.1,728.0,41.0,22.0
770.0,195.15,728.0,42.0,22.0
770.0,195.2,729.0,42.0,22.0
770.0,195.25,729.0,43.0,22.0
770.0,195.3,730.0,44.0,23.0
770.0,195.35,730.0,44.0,23.0
770.0,195.4,731.0,45.0,23.0
770.0,195.45,731.0,45.0,23.0
770.0,195.5,731.0,45.0,23.0
770.0,195.55,725.0,46.0,23.0
770.0,195.6,719.0,46.0,24.0
770.0,195.65,713.0,46.0,24.0
770.0,195.7,708.0,46.0,25.0
770.0,195.75,703.0,47.0,25.0
770.0,195.8,697.0,47.0,25.0
770.0,195.85,692.0,47.0,26.0
770.0,195.9,687.0,47.0,26.0
770.0,195.95,681.0,47.0,27.0
770.0,196.0,676.0,48.0,27.0
770.0,196.05,685.0,48.0,27.0
770.0,196.1,693.0,48.0,26.0
770.0,196.15,702.0,48.0,26.0
770.0,196.2,710.0,48.0,26.0
770.0,196.25,718.0,48.0,25.0
770.0,196.3,726.0,48.0,25.0
770.0,196.35,734.0,48.0,24.0
770.0,196.4,742.0,48.0,24.0
770.0,196.45,750.0,48.0,24.0
770.0,196.5,758.0,48.0,23.0
770.0,196.55,760.0,48.0,23.0
770.0,196.6,763.0,48.0,24.0
770.0,196.65,766.0,48.0,24.0
770.0,196.7,769.0,48.0,24.0
770.0,196.75,772.0,48.0,24.0
770.0,196.8,774.0,49.0,25.0
770.0,196.85,777.0,49.0,25.0
770.0,196.9,780.0,49.0,25.0
770.0,196.95,783.0,49.0,25.0
770.0,197.0,786.0,49.0,26.0
770.0,197.05,789.0,49.0,26.0
770.0,197.1,792.0,49.0,26.0
770.0,197.15,794.0,50.0,26.0
770.0,197.2,797.0,50.0,27.0
770.0,197.25,800.0,50.0,27.0
770.0,197.3,803.0,50.0,27.0
770.0,197.35,806.0,51.0,27.0
770.0,197.4,809.0,51.0,27.0
770.0,197.45,812.0,51.0,27.0
770.0,197.5,815.0,51.0,28.0
770.0,197.55,817.0,52.0,28.0
770.0,197.6,819.0,52.0,28.0
770.0,197.65,821.0,52.0,28.0
770.0,197.7,824.0,53.0,28.0
770.0,197.75,826.0,53.0,29.0
770.0,197.8,828.0,54.0,29.0
770.0,197.85,830.0,54.0,29.0
770.0,197.9,832.0,55.0,29.0
770.0,197.95,835.0,55.0,29.0
770.0,198.0,837.0,56.0,30.0
770.0,198.05,837.0,56.0,29.0
770.0,198.1,838.0,56.0,29.0
770.0,198.15,839.0,57.0,29.0
770.0,198.2,841.0,57.0,29.0
770.0,198.25,842.0,57.0,28.0
770.0,198.3,843.0,57.0,28.0
770.0,198.35,844.0,57.0,28.0
770.0,198.4,846.0,57.0,28.0
770.0,198.45,847.0,56.0,28.0
770.0,198.5,848.0,56.0,27.0
770.0,198.55,848.0,56.0,27.0
770.0,198.6,848.0,56.0,27.0
770.0,198.65,848.0,56.0,27.0
770.0,198.7,848.0,56.0,27.0
770.0,198.75,848.0,56.0,27.0
770.0,198.8,848.0,56.0,27.0
770.0,198.85,848.0,56.0,27.0
770.0,198.9,848.0,56.0,27.0
770.0,198.95,848.0,56.0,27.0
770.0,199.0,848.0,56.0,27.0
770.0,199.05,848.0,56.0,27.0
770.0,199.1,848.0,56.0,27.0
770.0,199.15,848.0,56.0,27.0
770.0,199.2,848.0,56.0,27.0
770.0,199.25,848.0,56.0,27.0
770.0,199.3,848.0,56.0,27.0
770.0,199.35,848.0,56.0,27.0
770.0,199.4,848.0,56.0,27.0
770.0,199.45,848.0,56.0,27.0
770.0,199.5,848.0,56.0,27.0
770.0,199.55,848.0,56.0,27.0
770.0,199.6,848.0,56.0,27.0
770.0,199.65,848.0,56.0,27.0
770.0,199.7,848.0,56.0,27.0
770.0,199.75,848.0,56.0,27.0
770.0,199.8,848.0,56.0,27.0
770.0,199.85,848.0,56.0,27.0
770.0,199.9,848.0,56.0,27.0
770.0,199.95,848.0,56.0,27.0
770.0,200.0,848.0,56.0,27.0
770.0,200.05,848.0,56.0,27.0
770.0,200.1,848.0,56.0,27.0
770.0,200.15,848.0,56.0,27.0
770.0,200.2,848.0,56.0,27.0
770.0,200.25,848.0,56.0,27.0
770.0,200.3,848.0,56.0,27.0
770.0,200.35,848.0,56.0,27.0
770.0,200.4,848.0,56.0,27.0
770.0,200.45,848.0,56.0,27.0
770.0,200.5,848.0,56.0,27.0
780.0,189.5,733.0,33.0,7.0
780.0,189.55,733.0,33.0,7.0
780.0,189.6,733.0,33.0,7.0
780.0,189.65,733.0,33.0,7.0
780.0,189.7,733.0,33.0,7.0
780.0,189.75,733.0,33.0,7.0
780.0,189.8,733.0,33.0,7.0
780.0,189.85,733.0,33.0,7.0
780.0,189.9,733.0,33.0,7.0
780.0,189.95,733.0,33.0,7.0
780.0,190.0,733.0,33.0,7.0
780.0,190.05,733.0,33.0,7.0
780.0,190.1,733.0,33.0,7.0
780.0,190.15,733.0,33.0,7.0
780.0,190.2,733.0,33.0,7.0
780.0,190.25,733.0,33.0,7.0
780.0,190.3,733.0,33.0,7.0
780.0,190.35,733.0,33.0,7.0
780.0,190.4,733.0,33.0,7.0
780.0,190.45,733.0,33.0,7.0
780.0,190.5,733.0,33.0,7.0
780.0,190.55,733.0,33.0,7.0
780.0,190.6,733.0,33.0,7.0
780.0,190.65,733.0,33.0,7.0
780.0,190.7,733.0,33.0,7.0
780.0,190.75,733.0,33.0,7.0
780.0,190.8,733.0,33.0,7.0
780.0,190.85,733.0,33.0,7.0
780.0,190.9,733.0,33.0,7.0
780.0,190.95,733.0,33.0,7.0
780.0,191.0,733.0,33.0,7.0
780.0,191.05,733.0,33.0,7.0
780.0,191.1,733.0,33.0,7.0
780.0,191.15,733.0,33.0,7.0
780.0,191.2,733.0,33.0,7.0
780.0,191.25,733.0,33.0,7.0
780.0,191.3,733.0,33.0,7.0
780.0,191.35,733.0,33.0,7.0
780.0,191.4,733.0,33.0,7.0
780.0,191.45,733.0,33.0,7.0
780.0,191.5,733.0,33.0,7.0
780.0,191.55,731.0,33.0,7.0
780.0,191.6,729.0,32.0,8.0
780.0,191.65,728.0,32.0,8.0
780.0,191.7,726.0,32.0,9.0
780.0,191.75,725.0,32.0,9.0
780.0,191.8,723.0,32.0,10.0
780.0,191.85,721.0,32.0,10.0
780.0,191.9,720.0,32.0,10.0
780.0,191.95,718.0,32.0,11.0
780.0,192.0,717.0,32.0,11.0
780.0,192.05,716.0,32.0,12.0
780.0,192.1,715.0,31.0,12.0
780.0,192.15,714.0,31.0,12.0
780.0,192.2,714.0,31.0,13.0
780.0,192.25,713.0,31.0,13.0
780.0,192.3,712.0,31.0,13.0
780.0,192.35,712.0,31.0,14.0
780.0,192.4,711.0,31.0,14.0
780.0,192.45,710.0,31.0,14.0
780.0,192.5,710.0,31.0,15.0
780.0,192.55,707.0,31.0,15.0
780.0,192.6,705.0,31.0,15.0
780.0,192.65,703.0,31.0,15.0
780.0,192.7,701.0,32.0,15.0
780.0,192.75,699.0,32.0,16.0
780.0,192.8,697.0,32.0,16.0
780.0,192.85,696.0,32.0,16.0
780.0,192.9,694.0,33.0,16.0
780.0,192.95,692.0,33.0,16.0
780.0,193.0,690.0,33.0,17.0
780.0,193.05,690.0,34.0,16.0
780.0,193.1,690.0,35.0,16.0
780.0,193.15,690.0,35.0,16.0
780.0,193.2,690.0,36.0,16.0
780.0,193.25,690.0,37.0,16.0
780.0,193.3,690.0,37.0,16.0
780.0,193.35,690.0,38.0,16.0
780.0,193.4,690.0,39.0,16.0
780.0,193.45,690.0,39.0,15.0
780.0,193.5,689.0,40.0,15.0
780.0,193.55,690.0,40.0,16.0
780.0,193.6,691.0,40.0,16.0
780.0,193.65,692.0,40.0,16.0
780.0,193.7,693.0,40.0,16.0
780.0,193.75,694.0,40.0,17.0
780.0,193.8,695.0,40.0,17.0
780.0,193.85,696.0,40.0,17.0
780.0,193.9,697.0,40.0,17.0
780.0,193.95,698.0,40.0,18.0
780.0,194.0,699.0,40.0,18.0
780.0,194.05,701.0,40.0,18.0
780.0,194.1,703.0,40.0,18.0
780.0,194.15,704.0,40.0,19.0
780.0,194.2,706.0,40.0,19.0
780.0,194.25,708.0,40.0,19.0
780.0,194.3,709.0,40.0,19.0
780.0,194.35,711.0,40.0,20.0
780.0,194.4,713.0,40.0,20.0
780.0,194.45,715.0,40.0,20.0
780.0,194.5,716.0,40.0,20.0
780.0,194.55,718.0,40.0,20.0
780.0,194.6,720.0,40.0,21.0
780.0,194.65,721.0,40.0,21.0
780.0,194.7,723.0,40.0,21.0
780.0,194.75,725.0,40.0,21.0
780.0,194.8,726.0,40.0,21.0
780.0,194.85,728.0,40.0,22.0
780.0,194.9,730.0,40.0,22.0
780.0,194.95,732.0,40.0,22.0
780.0,195.0,734.0,40.0,22.0
780.0,195.05,735.0,41.0,22.0
780.0,195.1,735.0,41.0,22.0
780.0,195.15,736.0,42.0,22.0
780.0,195.2,736.0,42.0,22.0
780.0,195.25,737.0,43.0,23.0
780.0,195.3,737.0,44.0,23.0
780.0,195.35,738.0,44.0,23.0
780.0,195.4,738.0,45.0,23.0
780.0,195.45,738.0,45.0,23.0
780.0,195.5,738.0,45.0,23.0
780.0,195.55,732.0,46.0,23.0
780.0,195.6,726.0,46.0,24.0
780.0,195.65,720.0,46.0,24.0
780.0,195.7,715.0,47.0,25.0
780.0,195.75,709.0,47.0,25.0
780.0,195.8,704.0,47.0,26.0
780.0,195.85,699.0,47.0,26.0
780.0,195.9,693.0,47.0,26.0
780.0,195.95,688.0,48.0,27.0
780.0,196.0,683.0,48.0,27.0
780.0,196.05,691.0,48.0,27.0
780.0,196.1,700.0,48.0,26.0
780.0,196.15,708.0,48.0,26.0
780.0,196.2,716.0,48.0,26.0
780.0,196.25,724.0,48.0,25.0
780.0,196.3,732.0,48.0,25.0
780.0,196.35,740.0,48.0,24.0
780.0,196.4,748.0,48.0,24.0
780.0,196.45,756.0,48.0,24.0
780.0,196.5,764.0,48.0,23.0
780.0,196.55,767.0,48.0,23.0
780.0,196.6,770.0,48.0,24.0
780.0,196.65,773.0,48.0,24.0
780.0,196.7,776.0,48.0,24.0
780.0,196.75,778.0,49.0,24.0
780.0,196.8,781.0,49.0,25.0
780.0,196.85,784.0,49.0,25.0
780.0,196.9,787.0,49.0,25.0
780.0,196.95,790.0,49.0,26.0
780.0,197.0,792.0,49.0,26.0
780.0,197.05,795.0,49.0,26.0
780.0,197.1,798.0,50.0,26.0
780.0,197.15,801.0,50.0,26.0
780.0,197.2,804.0,50.0,27.0
780.0,197.25,807.0,50.0,27.0
780.0,197.3,810.0,50.0,27.0
780.0,197.35,813.0,51.0,27.0
780.0,197.4,816.0,51.0,27.0
780.0,197.45,819.0,51.0,28.0
780.0,197.5,822.0,51.0,28.0
780.0,197.55,824.0,52.0,28.0
780.0,197.6,826.0,52.0,28.0
780.0,197.65,828.0,53.0,28.0
780.0,197.7,831.0,53.0,29.0
780.0,197.75,833.0,53.0,29.0
780.0,197.8,835.0,54.0,29.0
780.0,197.85,837.0,54.0,29.0
780.0,197.9,839.0,55.0,29.0
780.0,197.95,842.0,55.0,30.0
780.0,198.0,844.0,56.0,30.0
780.0,198.05,844.0,56.0,30.0
780.0,198.1,845.0,57.0,29.0
780.0,198.15,846.0,57.0,29.0
780.0,198.2,847.0,57.0,29.0
780.0,198.25,849.0,57.0,29.0
780.0,198.3,850.0,57.0,28.0
780.0,198.35,851.0,57.0,28.0
780.0,198.4,853.0,57.0,28.0
780.0,198.45,854.0,57.0,28.0
780.0,198.5,855.0,57.0,27.0
780.0,198.55,855.0,57.0,27.0
780.0,198.6,855.0,57.0,27.0
780.0,198.65,855.0,57.0,27.0
780.0,198.7,855.0,57.0,27.0
780.0,198.75,855.0,57.0,27.0
780.0,198.8,855.0,57.0,27.0
780.0,198.85,855.0,57.0,27.0
780.0,198.9,855.0,57.0,27.0
780.0,198.95,855.0,57.0,27.0
780.0,199.0,855.0,57.0,27.0
780.0,199.05,855.0,57.0,27.0
780.0,199.1,855.0,57.0,27.0
780.0,199.15,855.0,57.0,27.0
780.0,199.2,855.0,57.0,27.0
780.0,199.25,855.0,57.0,27.0
780.0,199.3,855.0,57.0,27.0
780.0,199.35,855.0,57.0,27.0
780.0,199.4,855.0,57.0,27.0
780.0,199.45,855.0,57.0,27.0
780.0,199.5,855.0,57.0,27.0
780.0,199.55,855.0,57.0,27.0
780.0,199.6,855.0,57.0,27.0
780.0,199.65,855.0,57.0,27.0
780.0,199.7,855.0,57.0,27.0
780.0,199.75,855.0,57.0,27.0
780.0,199.8,855.0,57.0,27.0
780.0,199.85,855.0,57.0,27.0
780.0,199.9,855.0,57.0,27.0
780.0,199.95,855.0,57.0,27.0
780.0,200.0,855.0,57.0,27.0
780.0,200.05,855.0,57.0,27.0
780.0,200.1,855.0,57.0,27.0
780.0,200.15,855.0,57.0,27.0
780.0,200.2,855.0,57.0,27.0
780.0,200.25,855.0,57.0,27.0
780.0,200.3,855.0,57.0,27.0
780.0,200.35,855.0,57.0,27.0
780.0,200.4,855.0,57.0,27.0
780.0,200.45,855.0,57.0,27.0
780.0,200.5,855.0,57.0,27.0
790.0,189.5,740.0,33.0,7.0
790.0,189.55,740.0,33.0,7.0
790.0,189.6,740.0,33.0,7.0
790.0,189.65,740.0,33.0,7.0
790.0,189.7,740.0,33.0,7.0
790.0,189.75,740.0,33.0,7.0
790.0,189.8,740.0,33.0,7.0
790.0,189.85,740.0,33.0,7.0
790.0,189.9,740.0,33.0,7.0
790.0,189.95,740.0,33.0,7.0
790.0,190.0,740.0,33.0,7.0
790.0,190.05,740.0,33.0,7.0
790.0,190.1,740.0,33.0,7.0
790.0,190.15,740.0,33.0,7.0
790.0,190.2,740.0,33.0,7.0
790.0,190.25,740.0,33.0,7.0
790.0,190.3,740.0,33.0,7.0
790.0,190.35,740.0,33.0,7.0
790.0,190.4,740.0,33.0,7.0
790.0,190.45,740.0,33.0,7.0
790.0,190.5,740.0,33.0,7.0
790.0,190.55,740.0,33.0,7.0
790.0,190.6,740.0,33.0,7.0
790.0,190.65,740.0,33.0,7.0
790.0,190.7,740.0,33.0,7.0
790.0,190.75,740.0,33.0,7.0
790.0,190.8,740.0,33.0,7.0
790.0,190.85,740.0,33.0,7.0
790.0,190.9,740.0,33.0,7.0
790.0,190.95,740.0,33.0,7.0
790.0,191.0,740.0,33.0,7.0
790.0,191.05,740.0,33.0,7.0
790.0,191.1,740.0,33.0,7.0
790.0,191.15,740.0,33.0,7.0
790.0,191.2,740.0,33.0,7.0
790.0,191.25,740.0,33.0,7.0
790.0,191.3,740.0,33.0,7.0
790.0,191.35,740.0,33.0,7.0
790.0,191.4,740.0,33.0,7.0
790.0,191.45,740.0,33.0,7.0
790.0,191.5,740.0,33.0,7.0
790.0,191.55,738.0,33.0,7.0
790.0,191.6,737.0,33.0,8.0
790.0,191.65,735.0,32.0,8.0
790.0,191.7,733.0,32.0,9.0
790.0,191.75,732.0,32.0,9.0
790.0,191.8,730.0,32.0,10.0
790.0,191.85,729.0,32.0,10.0
790.0,191.9,727.0,32.0,10.0
790.0,191.95,725.0,32.0,11.0
790.0,192.0,724.0,32.0,11.0
790.0,192.05,723.0,32.0,12.0
790.0,192.1,722.0,32.0,12.0
790.0,192.15,722.0,31.0,12.0
790.0,192.2,721.0,31.0,13.0
790.0,192.25,720.0,31.0,13.0
790.0,192.3,720.0,31.0,13.0
790.0,192.35,719.0,31.0,14.0
790.0,192.4,718.0,31.0,14.0
790.0,192.45,718.0,31.0,14.0
790.0,192.5,717.0,31.0,15.0
790.0,192.55,714.0,31.0,15.0
790.0,192.6,712.0,31.0,15.0
790.0,192.65,710.0,32.0,15.0
790.0,192.7,708.0,32.0,15.0
790.0,192.75,706.0,32.0,16.0
790.0,192.8,704.0,32.0,16.0
790.0,192.85,703.0,33.0,16.0
790.0,192.9,701.0,33.0,16.0
790.0,192.95,699.0,33.0,16.0
790.0,193.0,697.0,33.0,17.0
790.0,193.05,697.0,34.0,17.0
790.0,193.1,697.0,35.0,16.0
790.0,193.15,697.0,35.0,16.0
790.0,193.2,697.0,36.0,16.0
790.0,193.25,697.0,37.0,16.0
790.0,193.3,697.0,37.0,16.0
790.0,193.35,697.0,38.0,16.0
790.0,193.4,697.0,39.0,16.0
790.0,193.45,697.0,40.0,16.0
790.0,193.5,696.0,40.0,15.0
790.0,193.55,697.0,40.0,16.0
790.0,193.6,698.0,40.0,16.0
790.0,193.65,699.0,40.0,16.0
790.0,193.7,700.0,40.0,16.0
790.0,193.75,701.0,40.0,17.0
790.0,193.8,702.0,40.0,17.0
790.0,193.85,703.0,40.0,17.0
790.0,193.9,704.0,40.0,17.0
790.0,193.95,705.0,40.0,18.0
790.0,194.0,706.0,40.0,18.0
790.0,194.05,708.0,40.0,18.0
790.0,194.1,709.0,40.0,18.0
790.0,194.15,711.0,40.0,19.0
790.0,194.2,713.0,40.0,19.0
790.0,194.25,715.0,40.0,19.0
790.0,194.3,717.0,40.0,19.0
790.0,194.35,718.0,40.0,20.0
790.0,194.4,720.0,40.0,20.0
790.0,194.45,722.0,41.0,20.0
790.0,194.5,723.0,41.0,20.0
790.0,194.55,725.0,40.0,21.0
790.0,194.6,727.0,40.0,21.0
790.0,194.65,728.0,40.0,21.0
790.0,194.7,730.0,40.0,21.0
790.0,194.75,732.0,40.0,21.0
790.0,194.8,734.0,40.0,21.0
790.0,194.85,735.0,40.0,22.0
790.0,194.9,737.0,40.0,22.0
790.0,194.95,739.0,40.0,22.0
790.0,195.0,741.0,40.0,22.0
790.0,195.05,742.0,41.0,22.0
790.0,195.1,742.0,41.0,22.0
790.0,195.15,743.0,42.0,22.0
790.0,195.2,743.0,43.0,23.0
790.0,195.25,744.0,43.0,23.0
790.0,195.3,744.0,44.0,23.0
790.0,195.35,745.0,45.0,23.0
790.0,195.4,745.0,45.0,23.0
790.0,195.45,745.0,45.0,23.0
790.0,195.5,745.0,46.0,23.0
790.0,195.55,739.0,46.0,23.0
790.0,195.6,733.0,46.0,24.0
790.0,195.65,727.0,46.0,24.0
790.0,195.7,721.0,47.0,25.0
790.0,195.75,716.0,47.0,25.0
790.0,195.8,711.0,47.0,26.0
790.0,195.85,706.0,47.0,26.0
790.0,195.9,700.0,47.0,27.0
790.0,195.95,695.0,48.0,27.0
790.0,196.0,690.0,48.0,27.0
790.0,196.05,698.0,48.0,27.0
790.0,196.1,707.0,48.0,27.0
790.0,196.15,715.0,48.0,26.0
790.0,196.2,723.0,48.0,26.0
790.0,196.25,731.0,48.0,25.0
790.0,196.3,739.0,48.0,25.0
790.0,196.35,747.0,48.0,24.0
790.0,196.4,755.0,48.0,24.0
790.0,196.45,763.0,48.0,24.0
790.0,196.5,771.0,48.0,23.0
790.0,196.55,774.0,48.0,24.0
790.0,196.6,777.0,48.0,24.0
790.0,196.65,780.0,48.0,24.0
790.0,196.7,783.0,48.0,24.0
790.0,196.75,785.0,49.0,25.0
790.0,196.8,788.0,49.0,25.0
790.0,196.85,791.0,49.0,25.0
790.0,196.9,794.0,49.0,25.0
790.0,196.95,797.0,49.0,26.0
790.0,197.0,799.0,49.0,26.0
790.0,197.05,802.0,50.0,26.0
790.0,197.1,805.0,50.0,26.0
790.0,197.15,808.0,50.0,27.0
790.0,197.2,811.0,50.0,27.0
790.0,197.25,814.0,50.0,27.0
790.0,197.3,817.0,51.0,27.0
790.0,197.35,820.0,51.0,27.0
790.0,197.4,823.0,51.0,27.0
790.0,197.45,826.0,51.0,28.0
790.0,197.5,829.0,51.0,28.0
790.0,197.55,831.0,52.0,28.0
790.0,197.6,833.0,52.0,28.0
790.0,197.65,835.0,53.0,28.0
790.0,197.7,837.0,53.0,29.0
790.0,197.75,840.0,54.0,29.0
790.0,197.8,842.0,54.0,29.0
790.0,197.85,844.0,54.0,29.0
790.0,197.9,846.0,55.0,29.0
790.0,197.95,848.0,55.0,30.0
790.0,198.0,851.0,56.0,30.0
790.0,198.05,851.0,56.0,30.0
790.0,198.1,852.0,57.0,29.0
790.0,198.15,853.0,57.0,29.0
790.0,198.2,854.0,57.0,29.0
790.0,198.25,855.0,57.0,29.0
790.0,198.3,857.0,57.0,28.0
790.0,198.35,858.0,57.0,28.0
790.0,198.4,859.0,57.0,28.0
790.0,198.45,861.0,57.0,28.0
790.0,198.5,862.0,57.0,28.0
790.0,198.55,862.0,57.0,28.0
790.0,198.6,862.0,57.0,28.0
790.0,198.65,862.0,57.0,28.0
790.0,198.7,862.0,57.0,28.0
790.0,198.75,862.0,57.0,28.0
790.0,198.8,862.0,57.0,28.0
790.0,198.85,862.0,57.0,28.0
790.0,198.9,862.0,57.0,28.0
790.0,198.95,862.0,57.0,28.0
790.0,199.0,862.0,57.0,28.0
790.0,199.05,862.0,57.0,28.0
790.0,199.1,862.0,57.0,28.0
790.0,199.15,862.0,57.0,28.0
790.0,199.2,862.0,57.0,28.0
790.0,199.25,862.0,57.0,28.0
790.0,199.3,862.0,57.0,28.0
790.0,199.35,862.0,57.0,28.0
790.0,199.4,862.0,57.0,28.0
790.0,199.45,862.0,57.0,28.0
790.0,199.5,862.0,57.0,28.0
790.0,199.55,862.0,57.0,28.0
790.0,199.6,862.0,57.0,28.0
790.0,199.65,862.0,57.0,28.0
790.0,199.7,862.0,57.0,28.0
790.0,199.75,862.0,57.0,28.0
790.0,199.8,862.0,57.0,28.0
790.0,199.85,862.0,57.0,28.0
790.0,199.9,862.0,57.0,28.0
790.0,199.95,862.0,57.0,28.0
790.0,200.0,862.0,57.0,28.0
790.0,200.05,862.0,57.0,28.0
790.0,200.1,862.0,57.0,28.0
790.0,200.15,862.0,57.0,28.0
790.0,200.2,862.0,57.0,28.0
790.0,200.25,862.0,57.0,28.0
790.0,200.3,862.0,57.0,28.0
790.0,200.35,862.0,57.0,28.0
790.0,200.4,862.0,57.0,28.0
790.0,200.45,862.0,57.0,28.0
790.0,200.5,862.0,57.0,28.0
800.0,189.5,747.0,33.0,7.0
800.0,189.55,747.0,33.0,7.0
800.0,189.6,747.0,33.0,7.0
800.0,189.65,747.0,33.0,7.0
800.0,189.7,747.0,33.0,7.0
800.0,189.75,747.0,33.0,7.0
800.0,189.8,747.0,33.0,7.0
800.0,189.85,747.0,33.0,7.0
800.0,189.9,747.0,33.0,7.0
800.0,189.95,747.0,33.0,7.0
800.0,190.0,747.0,33.0,7.0
800.0,190.05,747.0,33.0,7.0
800.0,190.1,747.0,33.0,7.0
800.0,190.15,747.0,33.0,7.0
800.0,190.2,747.0,33.0,7.0
800.0,190.25,747.0,33.0,7.0
800.0,190.3,747.0,33.0,7.0
800.0,190.35,747.0,33.0,7.0
800.0,190.4,747.0,33.0,7.0
800.0,190.45,747.0,33.0,7.0
800.0,190.5,747.0,33.0,7.0
800.0,190.55,747.0,33.0,7.0
800.0,190.6,747.0,33.0,7.0
800.0,190.65,747.0,33.0,7.0
800.0,190.7,747.0,33.0,7.0
800.0,190.75,747.0,33.0,7.0
800.0,190.8,747.0,33.0,7.0
800.0,190.85,747.0,33.0,7.0
800.0,190.9,747.0,33.0,7.0
800.0,190.95,747.0,33.0,7.0
800.0,191.0,747.0,33.0,7.0
800.0,191.05,747.0,33.0,7.0
800.0,191.1,747.0,33.0,7.0
800.0,191.15,747.0,33.0,7.0
800.0,191.2,747.0,33.0,7.0
800.0,191.25,747.0,33.0,7.0
800.0,191.3,747.0,33.0,7.0
800.0,191.35,747.0,33.0,7.0
800.0,191.4,747.0,33.0,7.0
800.0,191.45,747.0,33.0,7.0
800.0,191.5,747.0,33.0,7.0
800.0,191.55,745.0,33.0,7.0
800.0,191.6,744.0,33.0,8.0
800.0,191.65,742.0,33.0,8.0
800.0,191.7,741.0,32.0,9.0
800.0,191.75,739.0,32.0,9.0
800.0,191.8,737.0,32.0,10.0
800.0,191.85,736.0,32.0,10.0
800.0,191.9,734.0,32.0,10.0
800.0,191.95,733.0,32.0,11.0
800.0,192.0,731.0,32.0,11.0
800.0,192.05,730.0,32.0,12.0
800.0,192.1,730.0,32.0,12.0
800.0,192.15,729.0,32.0,12.0
800.0,192.2,728.0,31.0,13.0
800.0,192.25,728.0,31.0,13.0
800.0,192.3,727.0,31.0,13.0
800.0,192.35,726.0,31.0,14.0
800.0,192.4,725.0,31.0,14.0
800.0,192.45,725.0,31.0,14.0
800.0,192.5,724.0,31.0,15.0
800.0,192.55,722.0,31.0,15.0
800.0,192.6,719.0,31.0,15.0
800.0,192.65,717.0,32.0,15.0
800.0,192.7,715.0,32.0,15.0
800.0,192.75,713.0,32.0,16.0
800.0,192.8,712.0,32.0,16.0
800.0,192.85,710.0,33.0,16.0
800.0,192.9,708.0,33.0,16.0
800.0,192.95,706.0,33.0,16.0
800.0,193.0,704.0,33.0,17.0
800.0,193.05,704.0,34.0,17.0
800.0,193.1,704.0,35.0,16.0
800.0,193.15,704.0,35.0,16.0
800.0,193.2,704.0,36.0,16.0
800.0,193.25,704.0,37.0,16.0
800.0,193.3,704.0,37.0,16.0
800.0,193.35,704.0,38.0,16.0
800.0,193.4,704.0,39.0,16.0
800.0,193.45,704.0,40.0,16.0
800.0,193.5,703.0,40.0,15.0
800.0,193.55,704.0,41.0,16.0
800.0,193.6,705.0,41.0,16.0
800.0,193.65,706.0,41.0,16.0
800.0,193.7,707.0,41.0,16.0
800.0,193.75,708.0,41.0,17.0
800.0,193.8,709.0,41.0,17.0
800.0,193.85,710.0,41.0,17.0
800.0,193.9,711.0,41.0,17.0
800.0,193.95,712.0,41.0,18.0
800.0,194.0,713.0,41.0,18.0
800.0,194.05,715.0,41.0,18.0
800.0,194.1,716.0,40.0,18.0
800.0,194.15,718.0,40.0,19.0
800.0,194.2,720.0,40.0,19.0
800.0,194.25,722.0,40.0,19.0
800.0,194.3,724.0,41.0,20.0
800.0,194.35,725.0,41.0,20.0
800.0,194.4,727.0,41.0,20.0
800.0,194.45,729.0,41.0,20.0
800.0,194.5,730.0,41.0,20.0
800.0,194.55,732.0,41.0,21.0
800.0,194.6,734.0,40.0,21.0
800.0,194.65,735.0,40.0,21.0
800.0,194.7,737.0,40.0,21.0
800.0,194.75,739.0,40.0,21.0
800.0,194.8,741.0,40.0,21.0
800.0,194.85,742.0,40.0,22.0
800.0,194.9,744.0,40.0,22.0
800.0,194.95,746.0,40.0,22.0
800.0,195.0,748.0,40.0,22.0
800.0,195.05,749.0,41.0,22.0
800.0,195.1,749.0,42.0,22.0
800.0,195.15,750.0,42.0,23.0
800.0,195.2,750.0,43.0,23.0
800.0,195.25,751.0,44.0,23.0
800.0,195.3,751.0,44.0,23.0
800.0,195.35,752.0,45.0,23.0
800.0,195.4,752.0,45.0,23.0
800.0,195.45,752.0,45.0,23.0
800.0,195.5,752.0,46.0,23.0
800.0,195.55,746.0,46.0,23.0
800.0,195.6,740.0,46.0,24.0
800.0,195.65,734.0,47.0,24.0
800.0,195.7,728.0,47.0,25.0
800.0,195.75,723.0,47.0,25.0
800.0,195.8,718.0,47.0,26.0
800.0,195.85,712.0,47.0,26.0
800.0,195.9,707.0,48.0,27.0
800.0,195.95,702.0,48.0,27.0
800.0,196.0,696.0,48.0,27.0
800.0,196.05,705.0,48.0,27.0
800.0,196.1,714.0,48.0,27.0
800.0,196.15,722.0,48.0,26.0
800.0,196.2,730.0,48.0,26.0
800.0,196.25,738.0,48.0,25.0
800.0,196.3,746.0,48.0,25.0
800.0,196.35,754.0,48.0,25.0
800.0,196.4,762.0,48.0,24.0
800.0,196.45,770.0,48.0,24.0
800.0,196.5,778.0,48.0,23.0
800.0,196.55,781.0,48.0,24.0
800.0,196.6,784.0,48.0,24.0
800.0,196.65,787.0,48.0,24.0
800.0,196.7,790.0,49.0,24.0
800.0,196.75,792.0,49.0,25.0
800.0,196.8,795.0,49.0,25.0
800.0,196.85,798.0,49.0,25.0
800.0,196.9,801.0,49.0,25.0
800.0,196.95,804.0,49.0,26.0
800.0,197.0,806.0,49.0,26.0
800.0,197.05,809.0,50.0,26.0
800.0,197.1,812.0,50.0,26.0
800.0,197.15,815.0,50.0,27.0
800.0,197.2,818.0,50.0,27.0
800.0,197.25,821.0,50.0,27.0
800.0,197.3,824.0,51.0,27.0
800.0,197.35,827.0,51.0,27.0
800.0,197.4,830.0,51.0,28.0
800.0,197.45,833.0,51.0,28.0
800.0,197.5,836.0,52.0,28.0
800.0,197.55,838.0,52.0,28.0
800.0,197.6,840.0,52.0,28.0
800.0,197.65,842.0,53.0,29.0
800.0,197.7,844.0,53.0,29.0
800.0,197.75,847.0,54.0,29.0
800.0,197.8,849.0,54.0,29.0
800.0,197.85,851.0,55.0,29.0
800.0,197.9,853.0,55.0,30.0
800.0,197.95,855.0,55.0,30.0
800.0,198.0,858.0,56.0,30.0
800.0,198.05,858.0,56.0,30.0
800.0,198.1,859.0,57.0,29.0
800.0,198.15,860.0,57.0,29.0
800.0,198.2,861.0,57.0,29.0
800.0,198.25,862.0,57.0,29.0
800.0,198.3,863.0,57.0,28.0
800.0,198.35,865.0,57.0,28.0
800.0,198.4,866.0,57.0,28.0
800.0,198.45,867.0,57.0,28.0
800.0,198.5,869.0,57.0,28.0
800.0,198.55,869.0,57.0,28.0
800.0,198.6,869.0,57.0,28.0
800.0,198.65,869.0,57.0,28.0
800.0,198.7,869.0,57.0,28.0
800.0,198.75,869.0,57.0,28.0
800.0,198.8,869.0,57.0,28.0
800.0,198.85,869.0,57.0,28.0
800.0,198.9,869.0,57.0,28.0
800.0,198.95,869.0,57.0,28.0
800.0,199.0,869.0,57.0,28.0
800.0,199.05,869.0,57.0,28.0
800.0,199.1,869.0,57.0,28.0
800.0,199.15,869.0,57.0,28.0
800.0,199.2,869.0,57.0,28.0
800.0,199.25,869.0,57.0,28.0
800.0,199.3,869.0,57.0,28.0
800.0,199.35,869.0,57.0,28.0
800.0,199.4,869.0,57.0,28.0
800.0,199.45,869.0,57.0,28.0
800.0,199.5,869.0,57.0,28.0
800.0,199.55,869.0,57.0,28.0
800.0,199.6,869.0,57.0,28.0
800.0,199.65,869.0,57.0,28.0
800.0,199.7,869.0,57.0,28.0
800.0,199.75,869.0,57.0,28.0
800.0,199.8,869.0,57.0,28.0
800.0,199.85,869.0,57.0,28.0
800.0,199.9,869.0,57.0,28.0
800.0,199.95,869.0,57.0,28.0
800.0,200.0,869.0,57.0,28.0
800.0,200.05,869.0,57.0,28.0
800.0,200.1,869.0,57.0,28.0
800.0,200.15,869.0,57.0,28.0
800.0,200.2,869.0,57.0,28.0
800.0,200.25,869.0,57.0,28.0
800.0,200.3,869.0,57.0,28.0
800.0,200.35,869.0,57.0,28.0
800.0,200.4,869.0,57.0,28.0
800.0,200.45,869.0,57.0,28.0
800.0,200.5,869.0,57.0,28.0
810.0,189.5,754.0,33.0,7.0
810.0,189.55,754.0,33.0,7.0
810.0,189.6,754.0,33.0,7.0
810.0,189.65,754.0,33.0,7.0
810.0,189.7,754.0,33.0,7.0
810.0,189.75,754.0,33.0,7.0
810.0,189.8,754.0,33.0,7.0
810.0,189.85,754.0,33.0,7.0
810.0,189.9,754.0,33.0,7.0
810.0,189.95,754.0,33.0,7.0
810.0,190.0,754.0,33.0,7.0
810.0,190.05,754.0,33.0,7.0
810.0,190.1,754.0,33.0,7.0
810.0,190.15,754.0,33.0,7.0
810.0,190.2,754.0,33.0,7.0
810.0,190.25,754.0,33.0,7.0
810.0,190.3,754.0,33.0,7.0
810.0,190.35,754.0,33.0,7.0
810.0,190.4,754.0,33.0,7.0
810.0,190.45,754.0,33.0,7.0
810.0,190.5,754.0,33.0,7.0
810.0,190.55,754.0,33.0,7.0
810.0,190.6,754.0,33.0,7.0
810.0,190.65,754.0,33.0,7.0
810.0,190.7,754.0,33.0,7.0
810.0,190.75,754.0,33.0,7.0
810.0,190.8,754.0,33.0,7.0
810.0,190.85,754.0,33.0,7.0
810.0,190.9,754.0,33.0,7.0
810.0,190.95,754.0,33.0,7.0
810.0,191.0,754.0,33.0,7.0
810.0,191.05,754.0,33.0,7.0
810.0,191.1,754.0,33.0,7.0
810.0,191.15,754.0,33.0,7.0
810.0,191.2,754.0,33.0,7.0
810.0,191.25,754.0,33.0,7.0
810.0,191.3,754.0,33.0,7.0
810.0,191.35,754.0,33.0,7.0
810.0,191.4,754.0,33.0,7.0
810.0,191.45,754.0,33.0,7.0
810.0,191.5,754.0,33.0,7.0
810.0,191.55,753.0,33.0,7.0
810.0,191.6,751.0,33.0,8.0
810.0,191.65,749.0,33.0,8.0
810.0,191.7,748.0,33.0,9.0
810.0,191.75,746.0,33.0,9.0
810.0,191.8,745.0,32.0,10.0
810.0,191.85,743.0,32.0,10.0
810.0,191.9,741.0,32.0,11.0
810.0,191.95,740.0,32.0,11.0
810.0,192.0,738.0,32.0,11.0
810.0,192.05,737.0,32.0,12.0
810.0,192.1,737.0,32.0,12.0
810.0,192.15,736.0,32.0,12.0
810.0,192.2,735.0,32.0,13.0
810.0,192.25,735.0,31.0,13.0
810.0,192.3,734.0,31.0,13.0
810.0,192.35,733.0,31.0,14.0
810.0,192.4,733.0,31.0,14.0
810.0,192.45,732.0,31.0,14.0
810.0,192.5,731.0,31.0,15.0
810.0,192.55,729.0,31.0,15.0
810.0,192.6,727.0,31.0,15.0
810.0,192.65,724.0,32.0,15.0
810.0,192.7,722.0,32.0,16.0
810.0,192.75,720.0,32.0,16.0
810.0,192.8,719.0,33.0,16.0
810.0,192.85,717.0,33.0,16.0
810.0,192.9,715.0,33.0,16.0
810.0,192.95,713.0,33.0,17.0
810.0,193.0,711.0,34.0,17.0
810.0,193.05,711.0,34.0,17.0
810.0,193.1,711.0,35.0,17.0
810.0,193.15,711.0,36.0,16.0
810.0,193.2,711.0,36.0,16.0
810.0,193.25,711.0,37.0,16.0
810.0,193.3,711.0,37.0,16.0
810.0,193.35,711.0,38.0,16.0
810.0,193.4,711.0,39.0,16.0
810.0,193.45,711.0,40.0,16.0
810.0,193.5,710.0,41.0,15.0
810.0,193.55,711.0,41.0,16.0
810.0,193.6,712.0,41.0,16.0
810.0,193.65,713.0,41.0,16.0
810.0,193.7,714.0,41.0,16.0
810.0,193.75,715.0,41.0,17.0
810.0,193.8,716.0,41.0,17.0
810.0,193.85,717.0,41.0,17.0
810.0,193.9,718.0,41.0,17.0
810.0,193.95,719.0,41.0,18.0
810.0,194.0,720.0,41.0,18.0
810.0,194.05,722.0,41.0,18.0
810.0,194.1,723.0,41.0,19.0
810.0,194.15,725.0,41.0,19.0
810.0,194.2,727.0,41.0,19.0
810.0,194.25,729.0,41.0,19.0
810.0,194.3,731.0,41.0,20.0
810.0,194.35,732.0,41.0,20.0
810.0,194.4,734.0,41.0,20.0
810.0,194.45,736.0,41.0,20.0
810.0,194.5,737.0,41.0,21.0
810.0,194.55,739.0,41.0,21.0
810.0,194.6,741.0,41.0,21.0
810.0,194.65,742.0,40.0,21.0
810.0,194.7,744.0,40.0,21.0
810.0,194.75,746.0,40.0,21.0
810.0,194.8,748.0,40.0,22.0
810.0,194.85,749.0,40.0,22.0
810.0,194.9,751.0,40.0,22.0
810.0,194.95,753.0,40.0,22.0
810.0,195.0,755.0,41.0,22.0
810.0,195.05,756.0,41.0,23.0
810.0,195.1,756.0,42.0,23.0
810.0,195.15,757.0,43.0,23.0
810.0,195.2,757.0,43.0,23.0
810.0,195.25,758.0,44.0,23.0
810.0,195.3,758.0,44.0,23.0
810.0,195.35,759.0,45.0,23.0
810.0,195.4,759.0,45.0,23.0
810.0,195.45,759.0,46.0,23.0
810.0,195.5,759.0,46.0,23.0
810.0,195.55,753.0,46.0,24.0
810.0,195.6,747.0,46.0,24.0
810.0,195.65,741.0,47.0,24.0
810.0,195.7,735.0,47.0,25.0
810.0,195.75,730.0,47.0,25.0
810.0,195.8,724.0,47.0,26.0
810.0,195.85,719.0,48.0,26.0
810.0,195.9,714.0,48.0,27.0
810.0,195.95,708.0,48.0,27.0
810.0,196.0,703.0,48.0,28.0
810.0,196.05,712.0,48.0,27.0
810.0,196.1,720.0,48.0,27.0
810.0,196.15,729.0,48.0,26.0
810.0,196.2,737.0,48.0,26.0
810.0,196.25,745.0,48.0,25.0
810.0,196.3,753.0,48.0,25.0
810.0,196.35,761.0,48.0,25.0
810.0,196.4,769.0,48.0,24.0
810.0,196.45,777.0,48.0,24.0
810.0,196.5,785.0,48.0,23.0
810.0,196.55,788.0,48.0,24.0
810.0,196.6,791.0,48.0,24.0
810.0,196.65,794.0,49.0,24.0
810.0,196.7,796.0,49.0,24.0
810.0,196.75,799.0,49.0,25.0
810.0,196.8,802.0,49.0,25.0
810.0,196.85,805.0,49.0,25.0
810.0,196.9,808.0,49.0,25.0
810.0,196.95,810.0,49.0,26.0
810.0,197.0,813.0,50.0,26.0
810.0,197.05,816.0,50.0,26.0
810.0,197.1,819.0,50.0,26.0
810.0,197.15,822.0,50.0,27.0
810.0,197.2,825.0,50.0,27.0
810.0,197.25,828.0,51.0,27.0
810.0,197.3,831.0,51.0,27.0
810.0,197.35,834.0,51.0,27.0
810.0,197.4,837.0,51.0,28.0
810.0,197.45,840.0,51.0,28.0
810.0,197.5,843.0,52.0,28.0
810.0,197.55,845.0,52.0,28.0
810.0,197.6,847.0,52.0,28.0
810.0,197.65,849.0,53.0,29.0
810.0,197.7,851.0,53.0,29.0
810.0,197.75,854.0,54.0,29.0
810.0,197.8,856.0,54.0,29.0
810.0,197.85,858.0,55.0,29.0
810.0,197.9,860.0,55.0,30.0
810.0,197.95,862.0,56.0,30.0
810.0,198.0,865.0,56.0,30.0
810.0,198.05,865.0,56.0,30.0
810.0,198.1,866.0,57.0,30.0
810.0,198.15,867.0,57.0,29.0
810.0,198.2,868.0,58.0,29.0
810.0,198.25,869.0,58.0,29.0
810.0,198.3,870.0,58.0,29.0
810.0,198.35,872.0,58.0,28.0
810.0,198.4,873.0,58.0,28.0
810.0,198.45,874.0,58.0,28.0
810.0,198.5,875.0,58.0,28.0
810.0,198.55,875.0,58.0,28.0
810.0,198.6,875.0,58.0,28.0
810.0,198.65,875.0,58.0,28.0
810.0,198.7,875.0,58.0,28.0
810.0,198.75,875.0,58.0,28.0
810.0,198.8,875.0,58.0,28.0
810.0,198.85,875.0,58.0,28.0
810.0,198.9,875.0,58.0,28.0
810.0,198.95,875.0,58.0,28.0
810.0,199.0,875.0,58.0,28.0
810.0,199.05,875.0,58.0,28.0
810.0,199.1,875.0,58.0,28.0
810.0,199.15,875.0,58.0,28.0
810.0,199.2,875.0,58.0,28.0
810.0,199.25,875.0,58.0,28.0
810.0,199.3,875.0,58.0,28.0
810.0,199.35,875.0,58.0,28.0
810.0,199.4,875.0,58.0,28.0
810.0,199.45,875.0,58.0,28.0
810.0,199.5,875.0,58.0,28.0
810.0,199.55,875.0,58.0,28.0
810.0,199.6,875.0,58.0,28.0
810.0,199.65,875.0,58.0,28.0
810.0,199.7,875.0,58.0,28.0
810.0,199.75,875.0,58.0,28.0
810.0,199.8,875.0,58.0,28.0
810.0,199.85,875.0,58.0,28.0
810.0,199.9,875.0,58.0,28.0
810.0,199.95,875.0,58.0,28.0
810.0,200.0,875.0,58.0,28.0
810.0,200.05,875.0,58.0,28.0
810.0,200.1,875.0,58.0,28.0
810.0,200.15,875.0,58.0,28.0
810.0,200.2,875.0,58.0,28.0
810.0,200.25,875.0,58.0,28.0
810.0,200.3,875.0,58.0,28.0
810.0,200.35,875.0,58.0,28.0
810.0,200.4,875.0,58.0,28.0
810.0,200.45,875.0,58.0,28.0
810.0,200.5,875.0,58.0,28.0
820.0,189.5,761.0,33.0,7.0
820.0,189.55,761.0,33.0,7.0
820.0,189.6,761.0,33.0,7.0
820.0,189.65,761.0,33.0,7.0
820.0,189.7,761.0,33.0,7.0
820.0,189.75,761.0,33.0,7.0
820.0,189.8,761.0,33.0,7.0
820.0,189.85,761.0,33.0,7.0
820.0,189.9,761.0,33.0,7.0
820.0,189.95,761.0,33.0,7.0
820.0,190.0,761.0,33.0,7.0
820.0,190.05,761.0,33.0,7.0
820.0,190.1,761.0,33.0,7.0
820.0,190.15,761.0,33.0,7.0
820.0,190.2,761.0,33.0,7.0
820.0,190.25,761.0,33.0,7.0
820.0,190.3,761.0,33.0,7.0
820.0,190.35,761.0,33.0,7.0
820.0,190.4,761.0,33.0,7.0
820.0,190.45,761.0,33.0,7.0
820.0,190.5,761.0,33.0,7.0
820.0,190.55,761.0,33.0,7.0
820.0,190.6,761.0,33.0,7.0
820.0,190.65,761.0,33.0,7.0
820.0,190.7,761.0,33.0,7.0
820.0,190.75,761.0,33.0,7.0
820.0,190.8,761.0,33.0,7.0
820.0,190.85,761.0,33.0,7.0
820.0,190.9,761.0,33.0,7.0
820.0,190.95,761.0,33.0,7.0
820.0,191.0,761.0,33.0,7.0
820.0,191.05,761.0,33.0,7.0
820.0,191.1,761.0,33.0,7.0
820.0,191.15,761.0,33.0,7.0
820.0,191.2,761.0,33.0,7.0
820.0,191.25,761.0,33.0,7.0
820.0,191.3,761.0,33.0,7.0
820.0,191.35,761.0,33.0,7.0
820.0,191.4,761.0,33.0,7.0
820.0,191.45,761.0,33.0,7.0
820.0,191.5,761.0,33.0,7.0
820.0,191.55,760.0,33.0,7.0
820.0,191.6,758.0,33.0,8.0
820.0,191.65,757.0,33.0,8.0
820.0,191.7,755.0,33.0,9.0
820.0,191.75,753.0,33.0,9.0
820.0,191.8,752.0,33.0,10.0
820.0,191.85,750.0,32.0,10.0
820.0,191.9,749.0,32.0,11.0
820.0,191.95,747.0,32.0,11.0
820.0,192.0,745.0,32.0,11.0
820.0,192.05,745.0,32.0,12.0
820.0,192.1,744.0,32.0,12.0
820.0,192.15,743.0,32.0,13.0
820.0,192.2,743.0,32.0,13.0
820.0,192.25,742.0,32.0,13.0
820.0,192.3,741.0,31.0,14.0
820.0,192.35,741.0,31.0,14.0
820.0,192.4,740.0,31.0,14.0
820.0,192.45,739.0,31.0,14.0
820.0,192.5,738.0,31.0,15.0
820.0,192.55,736.0,31.0,15.0
820.0,192.6,734.0,32.0,15.0
820.0,192.65,731.0,32.0,15.0
820.0,192.7,729.0,32.0,16.0
820.0,192.75,727.0,32.0,16.0
820.0,192.8,726.0,33.0,16.0
820.0,192.85,724.0,33.0,16.0
820.0,192.9,722.0,33.0,16.0
820.0,192.95,720.0,33.0,17.0
820.0,193.0,718.0,34.0,17.0
820.0,193.05,718.0,34.0,17.0
820.0,193.1,718.0,35.0,17.0
820.0,193.15,718.0,36.0,16.0
820.0,193.2,718.0,36.0,16.0
820.0,193.25,718.0,37.0,16.0
820.0,193.3,718.0,38.0,16.0
820.0,193.35,718.0,38.0,16.0
820.0,193.4,718.0,39.0,16.0
820.0,193.45,718.0,40.0,16.0
820.0,193.5,717.0,41.0,16.0
820.0,193.55,718.0,41.0,16.0
820.0,193.6,719.0,41.0,16.0
820.0,193.65,720.0,41.0,16.0
820.0,193.7,721.0,41.0,17.0
820.0,193.75,722.0,41.0,17.0
820.0,193.8,723.0,41.0,17.0
820.0,193.85,724.0,41.0,17.0
820.0,193.9,725.0,41.0,18.0
820.0,193.95,726.0,41.0,18.0
820.0,194.0,727.0,41.0,18.0
820.0,194.05,729.0,41.0,18.0
820.0,194.1,730.0,41.0,19.0
820.0,194.15,732.0,41.0,19.0
820.0,194.2,734.0,41.0,19.0
820.0,194.25,736.0,41.0,19.0
820.0,194.3,738.0,41.0,20.0
820.0,194.35,739.0,41.0,20.0
820.0,194.4,741.0,41.0,20.0
820.0,194.45,743.0,41.0,20.0
820.0,194.5,744.0,41.0,21.0
820.0,194.55,746.0,41.0,21.0
820.0,194.6,748.0,41.0,21.0
820.0,194.65,750.0,41.0,21.0
820.0,194.7,751.0,40.0,21.0
820.0,194.75,753.0,40.0,21.0
820.0,194.8,755.0,40.0,22.0
820.0,194.85,757.0,40.0,22.0
820.0,194.9,759.0,41.0,22.0
820.0,194.95,761.0,41.0,22.0
820.0,195.0,763.0,41.0,23.0
820.0,195.05,763.0,41.0,23.0
820.0,195.1,764.0,42.0,23.0
820.0,195.15,764.0,43.0,23.0
820.0,195.2,765.0,43.0,23.0
820.0,195.25,765.0,44.0,23.0
820.0,195.3,766.0,45.0,23.0
820.0,195.35,766.0,45.0,23.0
820.0,195.4,766.0,45.0,23.0
820.0,195.45,766.0,46.0,23.0
820.0,195.5,766.0,46.0,23.0
820.0,195.55,760.0,46.0,24.0
820.0,195.6,754.0,47.0,24.0
820.0,195.65,748.0,47.0,25.0
820.0,195.7,742.0,47.0,25.0
820.0,195.75,736.0,47.0,25.0
820.0,195.8,731.0,48.0,26.0
820.0,195.85,726.0,48.0,26.0
820.0,195.9,720.0,48.0,27.0
820.0,195.95,715.0,48.0,27.0
820.0,196.0,710.0,48.0,28.0
820.0,196.05,718.0,48.0,27.0
820.0,196.1,727.0,48.0,27.0
820.0,196.15,736.0,48.0,26.0
820.0,196.2,744.0,48.0,26.0
820.0,196.25,752.0,48.0,25.0
820.0,196.3,760.0,48.0,25.0
820.0,196.35,768.0,48.0,25.0
820.0,196.4,776.0,48.0,24.0
820.0,196.45,784.0,48.0,24.0
820.0,196.5,792.0,48.0,23.0
820.0,196.55,795.0,48.0,24.0
820.0,196.6,798.0,49.0,24.0
820.0,196.65,801.0,49.0,24.0
820.0,196.7,803.0,49.0,24.0
820.0,196.75,806.0,49.0,25.0
820.0,196.8,809.0,49.0,25.0
820.0,196.85,812.0,49.0,25.0
820.0,196.9,815.0,49.0,26.0
820.0,196.95,817.0,50.0,26.0
820.0,197.0,820.0,50.0,26.0
820.0,197.05,823.0,50.0,26.0
820.0,197.1,826.0,50.0,27.0
820.0,197.15,829.0,50.0,27.0
820.0,197.2,832.0,50.0,27.0
820.0,197.25,835.0,51.0,27.0
820.0,197.3,838.0,51.0,27.0
820.0,197.35,841.0,51.0,28.0
820.0,197.4,844.0,51.0,28.0
820.0,197.45,847.0,52.0,28.0
820.0,197.5,850.0,52.0,28.0
820.0,197.55,852.0,52.0,28.0
820.0,197.6,854.0,53.0,29.0
820.0,197.65,856.0,53.0,29.0
820.0,197.7,858.0,53.0,29.0
820.0,197.75,861.0,54.0,29.0
820.0,197.8,863.0,54.0,29.0
820.0,197.85,865.0,55.0,30.0
820.0,197.9,867.0,55.0,30.0
820.0,197.95,869.0,56.0,30.0
820.0,198.0,872.0,56.0,30.0
820.0,198.05,872.0,57.0,30.0
820.0,198.1,873.0,57.0,30.0
820.0,198.15,874.0,58.0,29.0
820.0,198.2,874.0,58.0,29.0
820.0,198.25,876.0,58.0,29.0
820.0,198.3,877.0,58.0,29.0
820.0,198.35,878.0,58.0,28.0
820.0,198.4,880.0,58.0,28.0
820.0,198.45,881.0,58.0,28.0
820.0,198.5,882.0,58.0,28.0
820.0,198.55,882.0,58.0,28.0
820.0,198.6,882.0,58.0,28.0
820.0,198.65,882.0,58.0,28.0
820.0,198.7,882.0,58.0,28.0
820.0,198.75,882.0,58.0,28.0
820.0,198.8,882.0,58.0,28.0
820.0,198.85,882.0,58.0,28.0
820.0,198.9,882.0,58.0,28.0
820.0,198.95,882.0,58.0,28.0
820.0,199.0,882.0,58.0,28.0
820.0,199.05,882.0,58.0,28.0
820.0,199.1,882.0,58.0,28.0
820.0,199.15,882.0,58.0,28.0
820.0,199.2,882.0,58.0,28.0
820.0,199.25,882.0,58.0,28.0
820.0,199.3,882.0,58.0,28.0
820.0,199.35,882.0,58.0,28.0
820.0,199.4,882.0,58.0,28.0
820.0,199.45,882.0,58.0,28.0
820.0,199.5,882.0,58.0,28.0
820.0,199.55,882.0,58.0,28.0
820.0,199.6,882.0,58.0,28.0
820.0,199.65,882.0,58.0,28.0
820.0,199.7,882.0,58.0,28.0
820.0,199.75,882.0,58.0,28.0
820.0,199.8,882.0,58.0,28.0
820.0,199.85,882.0,58.0,28.0
820.0,199.9,882.0,58.0,28.0
820.0,199.95,882.0,58.0,28.0
820.0,200.0,882.0,58.0,28.0
820.0,200.05,882.0,58.0,28.0
820.0,200.1,882.0,58.0,28.0
820.0,200.15,882.0,58.0,28.0
820.0,200.2,882.0,58.0,28.0
820.0,200.25,882.0,58.0,28.0
820.0,200.3,882.0,58.0,28.0
820.0,200.35,882.0,58.0,28.0
820.0,200.4,882.0,58.0,28.0
820.0,200.45,882.0,58.0,28.0
820.0,200.5,882.0,58.0,28.0
830.0,189.5,769.0,33.0,7.0
830.0,189.55,769.0,33.0,7.0
830.0,189.6,769.0,33.0,7.0
830.0,189.65,769.0,33.0,7.0
830.0,189.7,769.0,33.0,7.0
830.0,189.75,769.0,33.0,7.0
830.0,189.8,769.0,33.0,7.0
830.0,189.85,769.0,33.0,7.0
830.0,189.9,769.0,33.0,7.0
830.0,189.95,769.0,33.0,7.0
830.0,190.0,769.0,33.0,7.0
830.0,190.05,769.0,33.0,7.0
830.0,190.1,769.0,33.0,7.0
830.0,190.15,769.0,33.0,7.0
830.0,190.2,769.0,33.0,7.0
830.0,190.25,769.0,33.0,7.0
830.0,190.3,769.0,33.0,7.0
830.0,190.35,769.0,33.0,7.0
830.0,190.4,769.0,33.0,7.0
830.0,190.45,769.0,33.0,7.0
830.0,190.5,769.0,33.0,7.0
830.0,190.55,769.0,33.0,7.0
830.0,190.6,769.0,33.0,7.0
830.0,190.65,769.0,33.0,7.0
830.0,190.7,769.0,33.0,7.0
830.0,190.75,769.0,33.0,7.0
830.0,190.8,769.0,33.0,7.0
830.0,190.85,769.0,33.0,7.0
830.0,190.9,769.0,33.0,7.0
830.0,190.95,769.0,33.0,7.0
830.0,191.0,769.0,33.0,7.0
830.0,191.05,769.0,33.0,7.0
830.0,191.1,769.0,33.0,7.0
830.0,191.15,769.0,33.0,7.0
830.0,191.2,769.0,33.0,7.0
830.0,191.25,769.0,33.0,7.0
830.0,191.3,769.0,33.0,7.0
830.0,191.35,769.0,33.0,7.0
830.0,191.4,769.0,33.0,7.0
830.0,191.45,769.0,33.0,7.0
830.0,191.5,769.0,33.0,7.0
830.0,191.55,767.0,33.0,7.0
830.0,191.6,765.0,33.0,8.0
830.0,191.65,764.0,33.0,8.0
830.0,191.7,762.0,33.0,9.0
830.0,191.75,761.0,33.0,9.0
830.0,191.8,759.0,33.0,10.0
830.0,191.85,757.0,33.0,10.0
830.0,191.9,756.0,33.0,11.0
830.0,191.95,754.0,32.0,11.0
830.0,192.0,753.0,32.0,11.0
830.0,192.05,752.0,32.0,12.0
830.0,192.1,751.0,32.0,12.0
830.0,192.15,750.0,32.0,13.0
830.0,192.2,750.0,32.0,13.0
830.0,192.25,749.0,32.0,13.0
830.0,192.3,748.0,31.0,14.0
830.0,192.35,748.0,31.0,14.0
830.0,192.4,747.0,31.0,14.0
830.0,192.45,746.0,31.0,15.0
830.0,192.5,746.0,31.0,15.0
830.0,192.55,743.0,31.0,15.0
830.0,192.6,741.0,32.0,15.0
830.0,192.65,739.0,32.0,15.0
830.0,192.7,736.0,32.0,16.0
830.0,192.75,734.0,32.0,16.0
830.0,192.8,733.0,33.0,16.0
830.0,192.85,731.0,33.0,16.0
830.0,192.9,729.0,33.0,16.0
830.0,192.95,727.0,33.0,17.0
830.0,193.0,725.0,34.0,17.0
830.0,193.05,725.0,34.0,17.0
830.0,193.1,725.0,35.0,17.0
830.0,193.15,725.0,36.0,17.0
830.0,193.2,725.0,36.0,16.0
830.0,193.25,725.0,37.0,16.0
830.0,193.3,725.0,38.0,16.0
830.0,193.35,725.0,39.0,16.0
830.0,193.4,725.0,39.0,16.0
830.0,193.45,724.0,40.0,16.0
830.0,193.5,724.0,41.0,16.0
830.0,193.55,725.0,41.0,16.0
830.0,193.6,726.0,41.0,16.0
830.0,193.65,727.0,41.0,16.0
830.0,193.7,728.0,41.0,17.0
830.0,193.75,729.0,41.0,17.0
830.0,193.8,730.0,41.0,17.0
830.0,193.85,731.0,41.0,17.0
830.0,193.9,732.0,41.0,18.0
830.0,193.95,733.0,41.0,18.0
830.0,194.0,734.0,41.0,18.0
830.0,194.05,735.0,41.0,18.0
830.0,194.1,737.0,41.0,19.0
830.0,194.15,739.0,41.0,19.0
830.0,194.2,741.0,41.0,19.0
830.0,194.25,743.0,41.0,20.0
830.0,194.3,745.0,41.0,20.0
830.0,194.35,746.0,41.0,20.0
830.0,194.4,748.0,41.0,20.0
830.0,194.45,750.0,41.0,20.0
830.0,194.5,751.0,41.0,21.0
830.0,194.55,753.0,41.0,21.0
830.0,194.6,755.0,41.0,21.0
830.0,194.65,757.0,41.0,21.0
830.0,194.7,758.0,41.0,21.0
830.0,194.75,760.0,40.0,22.0
830.0,194.8,762.0,40.0,22.0
830.0,194.85,764.0,41.0,22.0
830.0,194.9,766.0,41.0,22.0
830.0,194.95,768.0,41.0,22.0
830.0,195.0,770.0,41.0,23.0
830.0,195.05,770.0,42.0,23.0
830.0,195.1,771.0,42.0,23.0
830.0,195.15,771.0,43.0,23.0
830.0,195.2,772.0,44.0,23.0
830.0,195.25,772.0,44.0,23.0
830.0,195.3,773.0,45.0,23.0
830.0,195.35,773.0,45.0,23.0
830.0,195.4,773.0,45.0,23.0
830.0,195.45,773.0,46.0,23.0
830.0,195.5,773.0,46.0,23.0
830.0,195.55,767.0,46.0,24.0
830.0,195.6,761.0,47.0,24.0
830.0,195.65,755.0,47.0,25.0
830.0,195.7,749.0,47.0,25.0
830.0,195.75,743.0,47.0,25.0
830.0,195.8,738.0,48.0,26.0
830.0,195.85,732.0,48.0,26.0
830.0,195.9,727.0,48.0,27.0
830.0,195.95,722.0,48.0,27.0
830.0,196.0,717.0,48.0,28.0
830.0,196.05,725.0,48.0,27.0
830.0,196.1,734.0,48.0,27.0
830.0,196.15,742.0,48.0,26.0
830.0,196.2,751.0,48.0,26.0
830.0,196.25,759.0,48.0,26.0
830.0,196.3,767.0,48.0,25.0
830.0,196.35,775.0,48.0,25.0
830.0,196.4,783.0,48.0,24.0
830.0,196.45,791.0,48.0,24.0
830.0,196.5,799.0,48.0,24.0
830.0,196.55,802.0,49.0,24.0
830.0,196.6,805.0,49.0,24.0
830.0,196.65,808.0,49.0,24.0
830.0,196.7,810.0,49.0,25.0
830.0,196.75,813.0,49.0,25.0
830.0,196.8,816.0,49.0,25.0
830.0,196.85,819.0,49.0,25.0
830.0,196.9,822.0,50.0,26.0
830.0,196.95,824.0,50.0,26.0
830.0,197.0,827.0,50.0,26.0
830.0,197.05,830.0,50.0,26.0
830.0,197.1,833.0,50.0,27.0
830.0,197.15,836.0,50.0,27.0
830.0,197.2,839.0,51.0,27.0
830.0,197.25,842.0,51.0,27.0
830.0,197.3,845.0,51.0,27.0
830.0,197.35,848.0,51.0,28.0
830.0,197.4,851.0,51.0,28.0
830.0,197.45,854.0,52.0,28.0
830.0,197.5,857.0,52.0,28.0
830.0,197.55,859.0,52.0,28.0
830.0,197.6,861.0,53.0,29.0
830.0,197.65,863.0,53.0,29.0
830.0,197.7,865.0,54.0,29.0
830.0,197.75,868.0,54.0,29.0
830.0,197.8,870.0,54.0,29.0
830.0,197.85,872.0,55.0,30.0
830.0,197.9,874.0,55.0,30.0
830.0,197.95,876.0,56.0,30.0
830.0,198.0,879.0,56.0,30.0
830.0,198.05,879.0,57.0,30.0
830.0,198.1,880.0,57.0,30.0
830.0,198.15,881.0,58.0,29.0
830.0,198.2,881.0,58.0,29.0
830.0,198.25,882.0,58.0,29.0
830.0,198.3,884.0,58.0,29.0
830.0,198.35,885.0,58.0,29.0
830.0,198.4,886.0,58.0,28.0
830.0,198.45,888.0,58.0,28.0
830.0,198.5,889.0,58.0,28.0
830.0,198.55,889.0,58.0,28.0
830.0,198.6,889.0,58.0,28.0
830.0,198.65,889.0,58.0,28.0
830.0,198.7,889.0,58.0,28.0
830.0,198.75,889.0,58.0,28.0
830.0,198.8,889.0,58.0,28.0
830.0,198.85,889.0,58.0,28.0
830.0,198.9,889.0,58.0,28.0
830.0,198.95,889.0,58.0,28.0
830.0,199.0,889.0,58.0,28.0
830.0,199.05,889.0,58.0,28.0
830.0,199.1,889.0,58.0,28.0
830.0,199.15,889.0,58.0,28.0
830.0,199.2,889.0,58.0,28.0
830.0,199.25,889.0,58.0,28.0
830.0,199.3,889.0,58.0,28.0
830.0,199.35,889.0,58.0,28.0
830.0,199.4,889.0,58.0,28.0
830.0,199.45,889.0,58.0,28.0
830.0,199.5,889.0,58.0,28.0
830.0,199.55,889.0,58.0,28.0
830.0,199.6,889.0,58.0,28.0
830.0,199.65,889.0,58.0,28.0
830.0,199.7,889.0,58.0,28.0
830.0,199.75,889.0,58.0,28.0
830.0,199.8,889.0,58.0,28.0
830.0,199.85,889.0,58.0,28.0
830.0,199.9,889.0,58.0,28.0
830.0,199.95,889.0,58.0,28.0
830.0,200.0,889.0,58.0,28.0
830.0,200.05,889.0,58.0,28.0
830.0,200.1,889.0,58.0,28.0
830.0,200.15,889.0,58.0,28.0
830.0,200.2,889.0,58.0,28.0
830.0,200.25,889.0,58.0,28.0
830.0,200.3,889.0,58.0,28.0
830.0,200.35,889.0,58.0,28.0
830.0,200.4,889.0,58.0,28.0
830.0,200.45,889.0,58.0,28.0
830.0,200.5,889.0,58.0,28.0
840.0,189.5,776.0,33.0,7.0
840.0,189.55,776.0,33.0,7.0
840.0,189.6,776.0,33.0,7.0
840.0,189.65,776.0,33.0,7.0
840.0,189.7,776.0,33.0,7.0
840.0,189.75,776.0,33.0,7.0
840.0,189.8,776.0,33.0,7.0
840.0,189.85,776.0,33.0,7.0
840.0,189.9,776.0,33.0,7.0
840.0,189.95,776.0,33.0,7.0
840.0,190.0,776.0,33.0,7.0
840.0,190.05,776.0,33.0,7.0
840.0,190.1,776.0,33.0,7.0
840.0,190.15,776.0,33.0,7.0
840.0,190.2,776.0,33.0,7.0
840.0,190.25,776.0,33.0,7.0
840.0,190.3,776.0,33.0,7.0
840.0,190.35,776.0,33.0,7.0
840.0,190.4,776.0,33.0,7.0
840.0,190.45,776.0,33.0,7.0
840.0,190.5,776.0,33.0,7.0
840.0,190.55,776.0,33.0,7.0
840.0,190.6,776.0,33.0,7.0
840.0,190.65,776.0,33.0,7.0
840.0,190.7,776.0,33.0,7.0
840.0,190.75,776.0,33.0,7.0
840.0,190.8,776.0,33.0,7.0
840.0,190.85,776.0,33.0,7.0
840.0,190.9,776.0,33.0,7.0
840.0,190.95,776.0,33.0,7.0
840.0,191.0,776.0,33.0,7.0
840.0,191.05,776.0,33.0,7.0
840.0,191.1,776.0,33.0,7.0
840.0,191.15,776.0,33.0,7.0
840.0,191.2,776.0,33.0,7.0
840.0,191.25,776.0,33.0,7.0
840.0,191.3,776.0,33.0,7.0
840.0,191.35,776.0,33.0,7.0
840.0,191.4,776.0,33.0,7.0
840.0,191.45,776.0,33.0,7.0
840.0,191.5,776.0,33.0,7.0
840.0,191.55,774.0,33.0,7.0
840.0,191.6,773.0,33.0,8.0
840.0,191.65,771.0,33.0,8.0
840.0,191.7,769.0,33.0,9.0
840.0,191.75,768.0,33.0,9.0
840.0,191.8,766.0,33.0,10.0
840.0,191.85,765.0,33.0,10.0
840.0,191.9,763.0,33.0,11.0
840.0,191.95,761.0,33.0,11.0
840.0,192.0,760.0,33.0,11.0
840.0,192.05,759.0,32.0,12.0
840.0,192.1,758.0,32.0,12.0
840.0,192.15,758.0,32.0,13.0
840.0,192.2,757.0,32.0,13.0
840.0,192.25,756.0,32.0,13.0
840.0,192.3,756.0,32.0,14.0
840.0,192.35,755.0,31.0,14.0
840.0,192.4,754.0,31.0,14.0
840.0,192.45,754.0,31.0,15.0
840.0,192.5,753.0,31.0,15.0
840.0,192.55,750.0,31.0,15.0
840.0,192.6,748.0,32.0,15.0
840.0,192.65,746.0,32.0,16.0
840.0,192.7,744.0,32.0,16.0
840.0,192.75,741.0,33.0,16.0
840.0,192.8,740.0,33.0,16.0
840.0,192.85,738.0,33.0,16.0
840.0,192.9,736.0,33.0,17.0
840.0,192.95,734.0,34.0,17.0
840.0,193.0,732.0,34.0,17.0
840.0,193.05,732.0,35.0,17.0
840.0,193.1,732.0,35.0,17.0
840.0,193.15,732.0,36.0,17.0
840.0,193.2,732.0,36.0,17.0
840.0,193.25,732.0,37.0,16.0
840.0,193.3,732.0,38.0,16.0
840.0,193.35,732.0,39.0,16.0
840.0,193.4,732.0,39.0,16.0
840.0,193.45,731.0,40.0,16.0
840.0,193.5,731.0,41.0,16.0
840.0,193.55,732.0,41.0,16.0
840.0,193.6,733.0,41.0,16.0
840.0,193.65,734.0,41.0,16.0
840.0,193.7,735.0,41.0,17.0
840.0,193.75,736.0,41.0,17.0
840.0,193.8,737.0,41.0,17.0
840.0,193.85,738.0,41.0,17.0
840.0,193.9,739.0,41.0,18.0
840.0,193.95,740.0,41.0,18.0
840.0,194.0,741.0,41.0,18.0
840.0,194.05,742.0,41.0,18.0
840.0,194.1,744.0,41.0,19.0
840.0,194.15,746.0,41.0,19.0
840.0,194.2,748.0,41.0,19.0
840.0,194.25,750.0,41.0,20.0
840.0,194.3,752.0,41.0,20.0
840.0,194.35,753.0,41.0,20.0
840.0,194.4,755.0,41.0,20.0
840.0,194.45,757.0,41.0,21.0
840.0,194.5,758.0,41.0,21.0
840.0,194.55,760.0,41.0,21.0
840.0,194.6,762.0,41.0,21.0
840.0,194.65,764.0,41.0,21.0
840.0,194.7,765.0,41.0,21.0
840.0,194.75,767.0,41.0,22.0
840.0,194.8,769.0,41.0,22.0
840.0,194.85,771.0,41.0,22.0
840.0,194.9,773.0,41.0,22.0
840.0,194.95,775.0,41.0,22.0
840.0,195.0,777.0,41.0,23.0
840.0,195.05,777.0,42.0,23.0
840.0,195.1,778.0,43.0,23.0
840.0,195.15,778.0,43.0,23.0
840.0,195.2,779.0,44.0,23.0
840.0,195.25,779.0,44.0,23.0
840.0,195.3,780.0,45.0,23.0
840.0,195.35,780.0,45.0,23.0
840.0,195.4,780.0,46.0,23.0
840.0,195.45,780.0,46.0,23.0
840.0,195.5,780.0,46.0,23.0
840.0,195.55,774.0,46.0,24.0
840.0,195.6,768.0,47.0,24.0
840.0,195.65,762.0,47.0,25.0
840.0,195.7,756.0,47.0,25.0
840.0,195.75,750.0,48.0,26.0
840.0,195.8,744.0,48.0,26.0
840.0,195.85,739.0,48.0,26.0
840.0,195.9,734.0,48.0,27.0
840.0,195.95,729.0,48.0,27.0
840.0,196.0,723.0,49.0,28.0
840.0,196.05,732.0,49.0,27.0
840.0,196.1,740.0,49.0,27.0
840.0,196.15,749.0,49.0,26.0
840.0,196.2,758.0,49.0,26.0
840.0,196.25,766.0,49.0,26.0
840.0,196.3,774.0,49.0,25.0
840.0,196.35,782.0,49.0,25.0
840.0,196.4,790.0,49.0,24.0
840.0,196.45,798.0,49.0,24.0
840.0,196.5,806.0,49.0,24.0
840.0,196.55,809.0,49.0,24.0
840.0,196.6,812.0,49.0,24.0
840.0,196.65,814.0,49.0,24.0
840.0,196.7,817.0,49.0,25.0
840.0,196.75,820.0,49.0,25.0
840.0,196.8,823.0,49.0,25.0
840.0,196.85,826.0,50.0,25.0
840.0,196.9,828.0,50.0,26.0
840.0,196.95,831.0,50.0,26.0
840.0,197.0,834.0,50.0,26.0
840.0,197.05,837.0,50.0,27.0
840.0,197.1,840.0,50.0,27.0
840.0,197.15,843.0,51.0,27.0
840.0,197.2,846.0,51.0,27.0
840.0,197.25,849.0,51.0,27.0
840.0,197.3,852.0,51.0,28.0
840.0,197.35,855.0,51.0,28.0
840.0,197.4,858.0,52.0,28.0
840.0,197.45,861.0,52.0,28.0
840.0,197.5,864.0,52.0,28.0
840.0,197.55,866.0,52.0,29.0
840.0,197.6,868.0,53.0,29.0
840.0,197.65,870.0,53.0,29.0
840.0,197.7,872.0,54.0,29.0
840.0,197.75,875.0,54.0,29.0
840.0,197.8,877.0,55.0,30.0
840.0,197.85,879.0,55.0,30.0
840.0,197.9,881.0,55.0,30.0
840.0,197.95,883.0,56.0,30.0
840.0,198.0,886.0,56.0,30.0
840.0,198.05,886.0,57.0,30.0
840.0,198.1,887.0,57.0,30.0
840.0,198.15,888.0,58.0,30.0
840.0,198.2,888.0,58.0,29.0
840.0,198.25,889.0,59.0,29.0
840.0,198.3,891.0,59.0,29.0
840.0,198.35,892.0,59.0,29.0
840.0,198.4,893.0,58.0,28.0
840.0,198.45,894.0,58.0,28.0
840.0,198.5,896.0,58.0,28.0
840.0,198.55,896.0,58.0,28.0
840.0,198.6,896.0,58.0,28.0
840.0,198.65,896.0,58.0,28.0
840.0,198.7,896.0,58.0,28.0
840.0,198.75,896.0,58.0,28.0
840.0,198.8,896.0,58.0,28.0
840.0,198.85,896.0,58.0,28.0
840.0,198.9,896.0,58.0,28.0
840.0,198.95,896.0,58.0,28.0
840.0,199.0,896.0,58.0,28.0
840.0,199.05,896.0,58.0,28.0
840.0,199.1,896.0,58.0,28.0
840.0,199.15,896.0,58.0,28.0
840.0,199.2,896.0,58.0,28.0
840.0,199.25,896.0,58.0,28.0
840.0,199.3,896.0,58.0,28.0
840.0,199.35,896.0,58.0,28.0
840.0,199.4,896.0,58.0,28.0
840.0,199.45,896.0,58.0,28.0
840.0,199.5,896.0,58.0,28.0
840.0,199.55,896.0,58.0,28.0
840.0,199.6,896.0,58.0,28.0
840.0,199.65,896.0,58.0,28.0
840.0,199.7,896.0,58.0,28.0
840.0,199.75,896.0,58.0,28.0
840.0,199.8,896.0,58.0,28.0
840.0,199.85,896.0,58.0,28.0
840.0,199.9,896.0,58.0,28.0
840.0,199.95,896.0,58.0,28.0
840.0,200.0,896.0,58.0,28.0
840.0,200.05,896.0,58.0,28.0
840.0,200.1,896.0,58.0,28.0
840.0,200.15,896.0,58.0,28.0
840.0,200.2,896.0,58.0,28.0
840.0,200.25,896.0,58.0,28.0
840.0,200.3,896.0,58.0,28.0
840.0,200.35,896.0,58.0,28.0
840.0,200.4,896.0,58.0,28.0
840.0,200.45,896.0,58.0,28.0
840.0,200.5,896.0,58.0,28.0
850.0,189.5,783.0,34.0,7.0
850.0,189.55,783.0,34.0,7.0
850.0,189.6,783.0,34.0,7.0
850.0,189.65,783.0,34.0,7.0
850.0,189.7,783.0,34.0,7.0
850.0,189.75,783.0,34.0,7.0
850.0,189.8,783.0,34.0,7.0
850.0,189.85,783.0,34.0,7.0
850.0,189.9,783.0,34.0,7.0
850.0,189.95,783.0,34.0,7.0
850.0,190.0,783.0,34.0,7.0
850.0,190.05,783.0,34.0,7.0
850.0,190.1,783.0,34.0,7.0
850.0,190.15,783.0,34.0,7.0
850.0,190.2,783.0,34.0,7.0
850.0,190.25,783.0,34.0,7.0
850.0,190.3,783.0,34.0,7.0
850.0,190.35,783.0,34.0,7.0
850.0,190.4,783.0,34.0,7.0
850.0,190.45,783.0,34.0,7.0
850.0,190.5,783.0,34.0,7.0
850.0,190.55,783.0,34.0,7.0
850.0,190.6,783.0,34.0,7.0
850.0,190.65,783.0,34.0,7.0
850.0,190.7,783.0,34.0,7.0
850.0,190.75,783.0,34.0,7.0
850.0,190.8,783.0,34.0,7.0
850.0,190.85,783.0,34.0,7.0
850.0,190.9,783.0,34.0,7.0
850.0,190.95,783.0,34.0,7.0
850.0,191.0,783.0,34.0,7.0
850.0,191.05,783.0,34.0,7.0
850.0,191.1,783.0,34.0,7.0
850.0,191.15,783.0,34.0,7.0
850.0,191.2,783.0,34.0,7.0
850.0,191.25,783.0,34.0,7.0
850.0,191.3,783.0,34.0,7.0
850.0,191.35,783.0,34.0,7.0
850.0,191.4,783.0,34.0,7.0
850.0,191.45,783.0,34.0,7.0
850.0,191.5,783.0,34.0,7.0
850.0,191.55,781.0,33.0,7.0
850.0,191.6,780.0,33.0,8.0
850.0,191.65,778.0,33.0,8.0
850.0,191.7,777.0,33.0,9.0
850.0,191.75,775.0,33.0,9.0
850.0,191.8,773.0,33.0,10.0
850.0,191.85,772.0,33.0,10.0
850.0,191.9,770.0,33.0,11.0
850.0,191.95,769.0,33.0,11.0
850.0,192.0,767.0,33.0,11.0
850.0,192.05,766.0,32.0,12.0
850.0,192.1,766.0,32.0,12.0
850.0,192.15,765.0,32.0,13.0
850.0,192.2,764.0,32.0,13.0
850.0,192.25,764.0,32.0,13.0
850.0,192.3,763.0,32.0,14.0
850.0,192.35,762.0,32.0,14.0
850.0,192.4,761.0,31.0,14.0
850.0,192.45,761.0,31.0,15.0
850.0,192.5,760.0,31.0,15.0
850.0,192.55,758.0,32.0,15.0
850.0,192.6,755.0,32.0,15.0
850.0,192.65,753.0,32.0,16.0
850.0,192.7,751.0,32.0,16.0
850.0,192.75,748.0,33.0,16.0
850.0,192.8,747.0,33.0,16.0
850.0,192.85,745.0,33.0,16.0
850.0,192.9,743.0,33.0,17.0
850.0,192.95,741.0,34.0,17.0
850.0,193.0,740.0,34.0,17.0
850.0,193.05,740.0,35.0,17.0
850.0,193.1,740.0,35.0,17.0
850.0,193.15,740.0,36.0,17.0
850.0,193.2,740.0,37.0,17.0
850.0,193.25,740.0,37.0,16.0
850.0,193.3,739.0,38.0,16.0
850.0,193.35,739.0,39.0,16.0
850.0,193.4,739.0,40.0,16.0
850.0,193.45,738.0,40.0,16.0
850.0,193.5,738.0,41.0,16.0
850.0,193.55,739.0,41.0,16.0
850.0,193.6,740.0,41.0,16.0
850.0,193.65,741.0,41.0,16.0
850.0,193.7,742.0,41.0,17.0
850.0,193.75,743.0,41.0,17.0
850.0,193.8,744.0,41.0,17.0
850.0,193.85,745.0,41.0,17.0
850.0,193.9,746.0,41.0,18.0
850.0,193.95,747.0,41.0,18.0
850.0,194.0,748.0,41.0,18.0
850.0,194.05,749.0,41.0,18.0
850.0,194.1,751.0,41.0,19.0
850.0,194.15,753.0,41.0,19.0
850.0,194.2,755.0,41.0,19.0
850.0,194.25,757.0,41.0,20.0
850.0,194.3,759.0,41.0,20.0
850.0,194.35,760.0,41.0,20.0
850.0,194.4,762.0,41.0,20.0
850.0,194.45,764.0,41.0,21.0
850.0,194.5,766.0,41.0,21.0
850.0,194.55,767.0,41.0,21.0
850.0,194.6,769.0,41.0,21.0
850.0,194.65,771.0,41.0,21.0
850.0,194.7,772.0,41.0,22.0
850.0,194.75,774.0,41.0,22.0
850.0,194.8,776.0,41.0,22.0
850.0,194.85,778.0,41.0,22.0
850.0,194.9,780.0,41.0,22.0
850.0,194.95,782.0,41.0,23.0
850.0,195.0,784.0,42.0,23.0
850.0,195.05,785.0,42.0,23.0
850.0,195.1,785.0,43.0,23.0
850.0,195.15,786.0,43.0,23.0
850.0,195.2,786.0,44.0,23.0
850.0,195.25,786.0,45.0,23.0
850.0,195.3,786.0,45.0,23.0
850.0,195.35,786.0,45.0,23.0
850.0,195.4,786.0,46.0,23.0
850.0,195.45,786.0,46.0,23.0
850.0,195.5,786.0,46.0,23.0
850.0,195.55,780.0,47.0,24.0
850.0,195.6,775.0,47.0,24.0
850.0,195.65,768.0,47.0,25.0
850.0,195.7,763.0,47.0,25.0
850.0,195.75,756.0,48.0,26.0
850.0,195.8,751.0,48.0,26.0
850.0,195.85,746.0,48.0,27.0
850.0,195.9,741.0,48.0,27.0
850.0,195.95,735.0,49.0,27.0
850.0,196.0,730.0,49.0,28.0
850.0,196.05,739.0,49.0,27.0
850.0,196.1,747.0,49.0,27.0
850.0,196.15,756.0,49.0,27.0
850.0,196.2,764.0,49.0,26.0
850.0,196.25,773.0,49.0,26.0
850.0,196.3,781.0,49.0,25.0
850.0,196.35,789.0,49.0,25.0
850.0,196.4,797.0,49.0,25.0
850.0,196.45,805.0,49.0,24.0
850.0,196.5,813.0,49.0,24.0
850.0,196.55,816.0,49.0,24.0
850.0,196.6,819.0,49.0,24.0
850.0,196.65,821.0,49.0,24.0
850.0,196.7,824.0,49.0,25.0
850.0,196.75,827.0,49.0,25.0
850.0,196.8,830.0,50.0,25.0
850.0,196.85,833.0,50.0,26.0
850.0,196.9,835.0,50.0,26.0
850.0,196.95,838.0,50.0,26.0
850.0,197.0,841.0,50.0,26.0
850.0,197.05,844.0,50.0,27.0
850.0,197.1,847.0,51.0,27.0
850.0,197.15,850.0,51.0,27.0
850.0,197.2,853.0,51.0,27.0
850.0,197.25,856.0,51.0,27.0
850.0,197.3,859.0,51.0,28.0
850.0,197.35,862.0,51.0,28.0
850.0,197.4,865.0,52.0,28.0
850.0,197.45,868.0,52.0,28.0
850.0,197.5,870.0,52.0,28.0
850.0,197.55,873.0,53.0,29.0
850.0,197.6,875.0,53.0,29.0
850.0,197.65,877.0,53.0,29.0
850.0,197.7,879.0,54.0,29.0
850.0,197.75,882.0,54.0,29.0
850.0,197.8,884.0,55.0,30.0
850.0,197.85,886.0,55.0,30.0
850.0,197.9,888.0,56.0,30.0
850.0,197.95,890.0,56.0,30.0
850.0,198.0,892.0,56.0,30.0
850.0,198.05,893.0,57.0,30.0
850.0,198.1,894.0,57.0,30.0
850.0,198.15,895.0,58.0,30.0
850.0,198.2,895.0,58.0,29.0
850.0,198.25,896.0,59.0,29.0
850.0,198.3,897.0,59.0,29.0
850.0,198.35,899.0,59.0,29.0
850.0,198.4,900.0,59.0,28.0
850.0,198.45,901.0,59.0,28.0
850.0,198.5,902.0,59.0,28.0
850.0,198.55,902.0,59.0,28.0
850.0,198.6,902.0,59.0,28.0
850.0,198.65,902.0,59.0,28.0
850.0,198.7,902.0,59.0,28.0
850.0,198.75,902.0,59.0,28.0
850.0,198.8,902.0,59.0,28.0
850.0,198.85,902.0,59.0,28.0
850.0,198.9,902.0,59.0,28.0
850.0,198.95,902.0,59.0,28.0
850.0,199.0,902.0,59.0,28.0
850.0,199.05,902.0,59.0,28.0
850.0,199.1,902.0,59.0,28.0
850.0,199.15,902.0,59.0,28.0
850.0,199.2,902.0,59.0,28.0
850.0,199.25,902.0,59.0,28.0
850.0,199.3,902.0,59.0,28.0
850.0,199.35,902.0,59.0,28.0
850.0,199.4,902.0,59.0,28.0
850.0,199.45,902.0,59.0,28.0
850.0,199.5,902.0,59.0,28.0
850.0,199.55,902.0,59.0,28.0
850.0,199.6,902.0,59.0,28.0
850.0,199.65,902.0,59.0,28.0
850.0,199.7,902.0,59.0,28.0
850.0,199.75,902.0,59.0,28.0
850.0,199.8,902.0,59.0,28.0
850.0,199.85,902.0,59.0,28.0
850.0,199.9,902.0,59.0,28.0
850.0,199.95,902.0,59.0,28.0
850.0,200.0,902.0,59.0,28.0
850.0,200.05,902.0,59.0,28.0
850.0,200.1,902.0,59.0,28.0
850.0,200.15,902.0,59.0,28.0
850.0,200.2,902.0,59.0,28.0
850.0,200.25,902.0,59.0,28.0
850.0,200.3,902.0,59.0,28.0
850.0,200.35,902.0,59.0,28.0
850.0,200.4,902.0,59.0,28.0
850.0,200.45,902.0,59.0,28.0
850.0,200.5,902.0,59.0,28.0
860.0,189.5,790.0,34.0,7.0
860.0,189.55,790.0,34.0,7.0
860.0,189.6,790.0,34.0,7.0
860.0,189.65,790.0,34.0,7.0
860.0,189.7,790.0,34.0,7.0
860.0,189.75,790.0,34.0,7.0
860.0,189.8,790.0,34.0,7.0
860.0,189.85,790.0,34.0,7.0
860.0,189.9,790.0,34.0,7.0
860.0,189.95,790.0,34.0,7.0
860.0,190.0,790.0,34.0,7.0
860.0,190.05,790.0,34.0,7.0
860.0,190.1,790.0,34.0,7.0
860.0,190.15,790.0,34.0,7.0
860.0,190.2,790.0,34.0,7.0
860.0,190.25,790.0,34.0,7.0
860.0,190.3,790.0,34.0,7.0
860.0,190.35,790.0,34.0,7.0
860.0,190.4,790.0,34.0,7.0
860.0,190.45,790.0,34.0,7.0
860.0,190.5,790.0,34.0,7.0
860.0,190.55,790.0,34.0,7.0
860.0,190.6,790.0,34.0,7.0
860.0,190.65,790.0,34.0,7.0
860.0,190.7,790.0,34.0,7.0
860.0,190.75,790.0,34.0,7.0
860.0,190.8,790.0,34.0,7.0
860.0,190.85,790.0,34.0,7.0
860.0,190.9,790.0,34.0,7.0
860.0,190.95,790.0,34.0,7.0
860.0,191.0,790.0,34.0,7.0
860.0,191.05,790.0,34.0,7.0
860.0,191.1,790.0,34.0,7.0
860.0,191.15,790.0,34.0,7.0
860.0,191.2,790.0,34.0,7.0
860.0,191.25,790.0,34.0,7.0
860.0,191.3,790.0,34.0,7.0
860.0,191.35,790.0,34.0,7.0
860.0,191.4,790.0,34.0,7.0
860.0,191.45,790.0,34.0,7.0
860.0,191.5,790.0,34.0,7.0
860.0,191.55,789.0,34.0,7.0
860.0,191.6,787.0,33.0,8.0
860.0,191.65,785.0,33.0,8.0
860.0,191.7,784.0,33.0,9.0
860.0,191.75,782.0,33.0,9.0
860.0,191.8,781.0,33.0,10.0
860.0,191.85,779.0,33.0,10.0
860.0,191.9,777.0,33.0,11.0
860.0,191.95,776.0,33.0,11.0
860.0,192.0,774.0,33.0,12.0
860.0,192.05,773.0,33.0,12.0
860.0,192.1,773.0,32.0,12.0
860.0,192.15,772.0,32.0,13.0
860.0,192.2,771.0,32.0,13.0
860.0,192.25,771.0,32.0,13.0
860.0,192.3,770.0,32.0,14.0
860.0,192.35,769.0,32.0,14.0
860.0,192.4,769.0,32.0,14.0
860.0,192.45,768.0,31.0,15.0
860.0,192.5,767.0,31.0,15.0
860.0,192.55,765.0,32.0,15.0
860.0,192.6,763.0,32.0,15.0
860.0,192.65,760.0,32.0,16.0
860.0,192.7,758.0,32.0,16.0
860.0,192.75,756.0,33.0,16.0
860.0,192.8,754.0,33.0,16.0
860.0,192.85,752.0,33.0,16.0
860.0,192.9,750.0,34.0,17.0
860.0,192.95,748.0,34.0,17.0
860.0,193.0,747.0,34.0,17.0
860.0,193.05,747.0,35.0,17.0
860.0,193.1,747.0,35.0,17.0
860.0,193.15,747.0,36.0,17.0
860.0,193.2,747.0,37.0,17.0
860.0,193.25,746.0,37.0,17.0
860.0,193.3,746.0,38.0,16.0
860.0,193.35,746.0,39.0,16.0
860.0,193.4,746.0,40.0,16.0
860.0,193.45,745.0,41.0,16.0
860.0,193.5,745.0,41.0,16.0
860.0,193.55,746.0,41.0,16.0
860.0,193.6,747.0,41.0,16.0
860.0,193.65,748.0,42.0,17.0
860.0,193.7,749.0,42.0,17.0
860.0,193.75,750.0,42.0,17.0
860.0,193.8,751.0,42.0,17.0
860.0,193.85,752.0,42.0,18.0
860.0,193.9,753.0,42.0,18.0
860.0,193.95,754.0,42.0,18.0
860.0,194.0,754.0,42.0,18.0
860.0,194.05,756.0,42.0,19.0
860.0,194.1,758.0,41.0,19.0
860.0,194.15,760.0,41.0,19.0
860.0,194.2,762.0,41.0,19.0
860.0,194.25,764.0,41.0,20.0
860.0,194.3,766.0,41.0,20.0
860.0,194.35,767.0,41.0,20.0
860.0,194.4,769.0,41.0,20.0
860.0,194.45,771.0,41.0,21.0
860.0,194.5,773.0,41.0,21.0
860.0,194.55,774.0,41.0,21.0
860.0,194.6,776.0,41.0,21.0
860.0,194.65,778.0,41.0,21.0
860.0,194.7,779.0,41.0,22.0
860.0,194.75,781.0,41.0,22.0
860.0,194.8,783.0,41.0,22.0
860.0,194.85,785.0,41.0,22.0
860.0,194.9,787.0,41.0,22.0
860.0,194.95,789.0,42.0,23.0
860.0,195.0,791.0,42.0,23.0
860.0,195.05,792.0,42.0,23.0
860.0,195.1,792.0,43.0,23.0
860.0,195.15,793.0,44.0,23.0
860.0,195.2,793.0,44.0,23.0
860.0,195.25,793.0,45.0,23.0
860.0,195.3,793.0,45.0,23.0
860.0,195.35,793.0,45.0,23.0
860.0,195.4,793.0,46.0,23.0
860.0,195.45,793.0,46.0,23.0
860.0,195.5,793.0,46.0,23.0
860.0,195.55,787.0,47.0,24.0
860.0,195.6,781.0,47.0,24.0
860.0,195.65,775.0,47.0,25.0
860.0,195.7,769.0,48.0,25.0
860.0,195.75,763.0,48.0,26.0
860.0,195.8,758.0,48.0,26.0
860.0,195.85,753.0,48.0,27.0
860.0,195.9,747.0,49.0,27.0
860.0,195.95,742.0,49.0,28.0
860.0,196.0,737.0,49.0,28.0
860.0,196.05,745.0,49.0,28.0
860.0,196.1,754.0,49.0,27.0
860.0,196.15,763.0,49.0,27.0
860.0,196.2,771.0,49.0,26.0
860.0,196.25,780.0,49.0,26.0
860.0,196.3,788.0,49.0,25.0
860.0,196.35,796.0,49.0,25.0
860.0,196.4,804.0,49.0,25.0
860.0,196.45,812.0,49.0,24.0
860.0,196.5,820.0,49.0,24.0
860.0,196.55,823.0,49.0,24.0
860.0,196.6,826.0,49.0,24.0
860.0,196.65,828.0,49.0,25.0
860.0,196.7,831.0,49.0,25.0
860.0,196.75,834.0,50.0,25.0
860.0,196.8,837.0,50.0,25.0
860.0,196.85,840.0,50.0,26.0
860.0,196.9,842.0,50.0,26.0
860.0,196.95,845.0,50.0,26.0
860.0,197.0,848.0,50.0,26.0
860.0,197.05,851.0,50.0,27.0
860.0,197.1,854.0,51.0,27.0
860.0,197.15,857.0,51.0,27.0
860.0,197.2,860.0,51.0,27.0
860.0,197.25,863.0,51.0,28.0
860.0,197.3,866.0,51.0,28.0
860.0,197.35,869.0,52.0,28.0
860.0,197.4,872.0,52.0,28.0
860.0,197.45,875.0,52.0,28.0
860.0,197.5,877.0,52.0,28.0
860.0,197.55,880.0,53.0,29.0
860.0,197.6,882.0,53.0,29.0
860.0,197.65,884.0,54.0,29.0
860.0,197.7,886.0,54.0,29.0
860.0,197.75,888.0,54.0,29.0
860.0,197.8,891.0,55.0,30.0
860.0,197.85,893.0,55.0,30.0
860.0,197.9,895.0,56.0,30.0
860.0,197.95,897.0,56.0,30.0
860.0,198.0,899.0,57.0,31.0
860.0,198.05,900.0,57.0,30.0
860.0,198.1,901.0,58.0,30.0
860.0,198.15,902.0,58.0,30.0
860.0,198.2,902.0,58.0,29.0
860.0,198.25,903.0,59.0,29.0
860.0,198.3,904.0,59.0,29.0
860.0,198.35,905.0,59.0,29.0
860.0,198.4,907.0,59.0,29.0
860.0,198.45,908.0,59.0,28.0
860.0,198.5,909.0,59.0,28.0
860.0,198.55,909.0,59.0,28.0
860.0,198.6,909.0,59.0,28.0
860.0,198.65,909.0,59.0,28.0
860.0,198.7,909.0,59.0,28.0
860.0,198.75,909.0,59.0,28.0
860.0,198.8,909.0,59.0,28.0
860.0,198.85,909.0,59.0,28.0
860.0,198.9,909.0,59.0,28.0
860.0,198.95,909.0,59.0,28.0
860.0,199.0,909.0,59.0,28.0
860.0,199.05,909.0,59.0,28.0
860.0,199.1,909.0,59.0,28.0
860.0,199.15,909.0,59.0,28.0
860.0,199.2,909.0,59.0,28.0
860.0,199.25,909.0,59.0,28.0
860.0,199.3,909.0,59.0,28.0
860.0,199.35,909.0,59.0,28.0
860.0,199.4,909.0,59.0,28.0
860.0,199.45,909.0,59.0,28.0
860.0,199.5,909.0,59.0,28.0
860.0,199.55,909.0,59.0,28.0
860.0,199.6,909.0,59.0,28.0
860.0,199.65,909.0,59.0,28.0
860.0,199.7,909.0,59.0,28.0
860.0,199.75,909.0,59.0,28.0
860.0,199.8,909.0,59.0,28.0
860.0,199.85,909.0,59.0,28.0
860.0,199.9,909.0,59.0,28.0
860.0,199.95,909.0,59.0,28.0
860.0,200.0,909.0,59.0,28.0
860.0,200.05,909.0,59.0,28.0
860.0,200.1,909.0,59.0,28.0
860.0,200.15,909.0,59.0,28.0
860.0,200.2,909.0,59.0,28.0
860.0,200.25,909.0,59.0,28.0
860.0,200.3,909.0,59.0,28.0
860.0,200.35,909.0,59.0,28.0
860.0,200.4,909.0,59.0,28.0
860.0,200.45,909.0,59.0,28.0
860.0,200.5,909.0,59.0,28.0
870.0,189.5,797.0,34.0,7.0
870.0,189.55,797.0,34.0,7.0
870.0,189.6,797.0,34.0,7.0
870.0,189.65,797.0,34.0,7.0
870.0,189.7,797.0,34.0,7.0
870.0,189.75,797.0,34.0,7.0
870.0,189.8,797.0,34.0,7.0
870.0,189.85,797.0,34.0,7.0
870.0,189.9,797.0,34.0,7.0
870.0,189.95,797.0,34.0,7.0
870.0,190.0,797.0,34.0,7.0
870.0,190.05,797.0,34.0,7.0
870.0,190.1,797.0,34.0,7.0
870.0,190.15,797.0,34.0,7.0
870.0,190.2,797.0,34.0,7.0
870.0,190.25,797.0,34.0,7.0
870.0,190.3,797.0,34.0,7.0
870.0,190.35,797.0,34.0,7.0
870.0,190.4,797.0,34.0,7.0
870.0,190.45,797.0,34.0,7.0
870.0,190.5,797.0,34.0,7.0
870.0,190.55,797.0,34.0,7.0
870.0,190.6,797.0,34.0,7.0
870.0,190.65,797.0,34.0,7.0
870.0,190.7,797.0,34.0,7.0
870.0,190.75,797.0,34.0,7.0
870.0,190.8,797.0,34.0,7.0
870.0,190.85,797.0,34.0,7.0
870.0,190.9,797.0,34.0,7.0
870.0,190.95,797.0,34.0,7.0
870.0,191.0,797.0,34.0,7.0
870.0,191.05,797.0,34.0,7.0
870.0,191.1,797.0,34.0,7.0
870.0,191.15,797.0,34.0,7.0
870.0,191.2,797.0,34.0,7.0
870.0,191.25,797.0,34.0,7.0
870.0,191.3,797.0,34.0,7.0
870.0,191.35,797.0,34.0,7.0
870.0,191.4,797.0,34.0,7.0
870.0,191.45,797.0,34.0,7.0
870.0,191.5,797.0,34.0,7.0
870.0,191.55,796.0,34.0,7.0
870.0,191.6,794.0,34.0,8.0
870.0,191.65,793.0,34.0,8.0
870.0,191.7,791.0,33.0,9.0
870.0,191.75,789.0,33.0,9.0
870.0,191.8,788.0,33.0,10.0
870.0,191.85,786.0,33.0,10.0
870.0,191.9,785.0,33.0,11.0
870.0,191.95,783.0,33.0,11.0
870.0,192.0,781.0,33.0,12.0
870.0,192.05,781.0,33.0,12.0
870.0,192.1,780.0,33.0,12.0
870.0,192.15,779.0,32.0,13.0
870.0,192.2,779.0,32.0,13.0
870.0,192.25,778.0,32.0,14.0
870.0,192.3,777.0,32.0,14.0
870.0,192.35,776.0,32.0,14.0
870.0,192.4,776.0,32.0,15.0
870.0,192.45,775.0,32.0,15.0
870.0,192.5,774.0,31.0,15.0
870.0,192.55,772.0,32.0,15.0
870.0,192.6,770.0,32.0,16.0
870.0,192.65,767.0,32.0,16.0
870.0,192.7,765.0,33.0,16.0
870.0,192.75,763.0,33.0,16.0
870.0,192.8,761.0,33.0,16.0
870.0,192.85,759.0,33.0,17.0
870.0,192.9,757.0,34.0,17.0
870.0,192.95,755.0,34.0,17.0
870.0,193.0,754.0,34.0,17.0
870.0,193.05,754.0,35.0,17.0
870.0,193.1,754.0,35.0,17.0
870.0,193.15,754.0,36.0,17.0
870.0,193.2,754.0,37.0,17.0
870.0,193.25,753.0,38.0,17.0
870.0,193.3,753.0,38.0,16.0
870.0,193.35,753.0,39.0,16.0
870.0,193.4,752.0,40.0,16.0
870.0,193.45,752.0,41.0,16.0
870.0,193.5,752.0,41.0,16.0
870.0,193.55,753.0,42.0,16.0
870.0,193.6,754.0,42.0,16.0
870.0,193.65,755.0,42.0,17.0
870.0,193.7,756.0,42.0,17.0
870.0,193.75,757.0,42.0,17.0
870.0,193.8,758.0,42.0,17.0
870.0,193.85,759.0,42.0,18.0
870.0,193.9,760.0,42.0,18.0
870.0,193.95,761.0,42.0,18.0
870.0,194.0,761.0,42.0,18.0
870.0,194.05,763.0,42.0,19.0
870.0,194.1,765.0,42.0,19.0
870.0,194.15,767.0,42.0,19.0
870.0,194.2,769.0,41.0,19.0
870.0,194.25,771.0,41.0,20.0
870.0,194.3,773.0,41.0,20.0
870.0,194.35,774.0,41.0,20.0
870.0,194.4,776.0,42.0,21.0
870.0,194.45,778.0,42.0,21.0
870.0,194.5,780.0,42.0,21.0
870.0,194.55,781.0,41.0,21.0
870.0,194.6,783.0,41.0,21.0
870.0,194.65,785.0,41.0,22.0
870.0,194.7,786.0,41.0,22.0
870.0,194.75,788.0,41.0,22.0
870.0,194.8,790.0,41.0,22.0
870.0,194.85,792.0,41.0,22.0
870.0,194.9,794.0,42.0,23.0
870.0,194.95,796.0,42.0,23.0
870.0,195.0,798.0,42.0,23.0
870.0,195.05,799.0,43.0,23.0
870.0,195.1,799.0,43.0,23.0
870.0,195.15,800.0,44.0,23.0
870.0,195.2,800.0,45.0,23.0
870.0,195.25,800.0,45.0,23.0
870.0,195.3,800.0,45.0,23.0
870.0,195.35,800.0,46.0,23.0
870.0,195.4,800.0,46.0,23.0
870.0,195.45,800.0,46.0,23.0
870.0,195.5,800.0,47.0,24.0
870.0,195.55,794.0,47.0,24.0
870.0,195.6,788.0,47.0,24.0
870.0,195.65,782.0,47.0,25.0
870.0,195.7,776.0,48.0,25.0
870.0,195.75,770.0,48.0,26.0
870.0,195.8,765.0,48.0,26.0
870.0,195.85,759.0,48.0,27.0
870.0,195.9,754.0,49.0,27.0
870.0,195.95,749.0,49.0,28.0
870.0,196.0,743.0,49.0,28.0
870.0,196.05,752.0,49.0,28.0
870.0,196.1,761.0,49.0,27.0
870.0,196.15,769.0,49.0,27.0
870.0,196.2,778.0,49.0,26.0
870.0,196.25,786.0,49.0,26.0
870.0,196.3,795.0,49.0,25.0
870.0,196.35,803.0,49.0,25.0
870.0,196.4,811.0,49.0,25.0
870.0,196.45,819.0,49.0,24.0
870.0,196.5,827.0,49.0,24.0
870.0,196.55,830.0,49.0,24.0
870.0,196.6,832.0,49.0,24.0
870.0,196.65,835.0,49.0,25.0
870.0,196.7,838.0,50.0,25.0
870.0,196.75,841.0,50.0,25.0
870.0,196.8,844.0,50.0,25.0
870.0,196.85,846.0,50.0,26.0
870.0,196.9,849.0,50.0,26.0
870.0,196.95,852.0,50.0,26.0
870.0,197.0,855.0,50.0,27.0
870.0,197.05,858.0,51.0,27.0
870.0,197.1,861.0,51.0,27.0
870.0,197.15,864.0,51.0,27.0
870.0,197.2,867.0,51.0,27.0
870.0,197.25,870.0,51.0,28.0
870.0,197.3,873.0,52.0,28.0
870.0,197.35,876.0,52.0,28.0
870.0,197.4,879.0,52.0,28.0
870.0,197.45,882.0,52.0,28.0
870.0,197.5,884.0,52.0,29.0
870.0,197.55,887.0,53.0,29.0
870.0,197.6,889.0,53.0,29.0
870.0,197.65,891.0,54.0,29.0
870.0,197.7,893.0,54.0,29.0
870.0,197.75,895.0,55.0,30.0
870.0,197.8,898.0,55.0,30.0
870.0,197.85,900.0,55.0,30.0
870.0,197.9,902.0,56.0,30.0
870.0,197.95,904.0,56.0,30.0
870.0,198.0,906.0,57.0,31.0
870.0,198.05,907.0,57.0,30.0
870.0,198.1,908.0,58.0,30.0
870.0,198.15,909.0,58.0,30.0
870.0,198.2,909.0,59.0,30.0
870.0,198.25,910.0,59.0,29.0
870.0,198.3,911.0,59.0,29.0
870.0,198.35,912.0,59.0,29.0
870.0,198.4,913.0,59.0,29.0
870.0,198.45,915.0,59.0,28.0
870.0,198.5,916.0,59.0,28.0
870.0,198.55,916.0,59.0,28.0
870.0,198.6,916.0,59.0,28.0
870.0,198.65,916.0,59.0,28.0
870.0,198.7,916.0,59.0,28.0
870.0,198.75,916.0,59.0,28.0
870.0,198.8,916.0,59.0,28.0
870.0,198.85,916.0,59.0,28.0
870.0,198.9,916.0,59.0,28.0
870.0,198.95,916.0,59.0,28.0
870.0,199.0,916.0,59.0,28.0
870.0,199.05,916.0,59.0,28.0
870.0,199.1,916.0,59.0,28.0
870.0,199.15,916.0,59.0,28.0
870.0,199.2,916.0,59.0,28.0
870.0,199.25,916.0,59.0,28.0
870.0,199.3,916.0,59.0,28.0
870.0,199.35,916.0,59.0,28.0
870.0,199.4,916.0,59.0,28.0
870.0,199.45,916.0,59.0,28.0
870.0,199.5,916.0,59.0,28.0
870.0,199.55,916.0,59.0,28.0
870.0,199.6,916.0,59.0,28.0
870.0,199.65,916.0,59.0,28.0
870.0,199.7,916.0,59.0,28.0
870.0,199.75,916.0,59.0,28.0
870.0,199.8,916.0,59.0,28.0
870.0,199.85,916.0,59.0,28.0
870.0,199.9,916.0,59.0,28.0
870.0,199.95,916.0,59.0,28.0
870.0,200.0,916.0,59.0,28.0
870.0,200.05,916.0,59.0,28.0
870.0,200.1,916.0,59.0,28.0
870.0,200.15,916.0,59.0,28.0
870.0,200.2,916.0,59.0,28.0
870.0,200.25,916.0,59.0,28.0
870.0,200.3,916.0,59.0,28.0
870.0,200.35,916.0,59.0,28.0
870.0,200.4,916.0,59.0,28.0
870.0,200.45,916.0,59.0,28.0
870.0,200.5,916.0,59.0,28.0
880.0,189.5,805.0,34.0,7.0
880.0,189.55,805.0,34.0,7.0
880.0,189.6,805.0,34.0,7.0
880.0,189.65,805.0,34.0,7.0
880.0,189.7,805.0,34.0,7.0
880.0,189.75,805.0,34.0,7.0
880.0,189.8,805.0,34.0,7.0
880.0,189.85,805.0,34.0,7.0
880.0,189.9,805.0,34.0,7.0
880.0,189.95,805.0,34.0,7.0
880.0,190.0,805.0,34.0,7.0
880.0,190.05,805.0,34.0,7.0
880.0,190.1,805.0,34.0,7.0
880.0,190.15,805.0,34.0,7.0
880.0,190.2,805.0,34.0,7.0
880.0,190.25,805.0,34.0,7.0
880.0,190.3,805.0,34.0,7.0
880.0,190.35,805.0,34.0,7.0
880.0,190.4,805.0,34.0,7.0
880.0,190.45,805.0,34.0,7.0
880.0,190.5,805.0,34.0,7.0
880.0,190.55,805.0,34.0,7.0
880.0,190.6,805.0,34.0,7.0
880.0,190.65,805.0,34.0,7.0
880.0,190.7,805.0,34.0,7.0
880.0,190.75,805.0,34.0,7.0
880.0,190.8,805.0,34.0,7.0
880.0,190.85,805.0,34.0,7.0
880.0,190.9,805.0,34.0,7.0
880.0,190.95,805.0,34.0,7.0
880.0,191.0,805.0,34.0,7.0
880.0,191.05,805.0,34.0,7.0
880.0,191.1,805.0,34.0,7.0
880.0,191.15,805.0,34.0,7.0
880.0,191.2,805.0,34.0,7.0
880.0,191.25,805.0,34.0,7.0
880.0,191.3,805.0,34.0,7.0
880.0,191.35,805.0,34.0,7.0
880.0,191.4,805.0,34.0,7.0
880.0,191.45,805.0,34.0,7.0
880.0,191.5,805.0,34.0,7.0
880.0,191.55,803.0,34.0,8.0
880.0,191.6,801.0,34.0,8.0
880.0,191.65,800.0,34.0,8.0
880.0,191.7,798.0,34.0,9.0
880.0,191.75,797.0,33.0,9.0
880.0,191.8,795.0,33.0,10.0
880.0,191.85,793.0,33.0,10.0
880.0,191.9,792.0,33.0,11.0
880.0,191.95,790.0,33.0,11.0
880.0,192.0,789.0,33.0,12.0
880.0,192.05,788.0,33.0,12.0
880.0,192.1,787.0,33.0,12.0
880.0,192.15,786.0,32.0,13.0
880.0,192.2,786.0,32.0,13.0
880.0,192.25,785.0,32.0,14.0
880.0,192.3,784.0,32.0,14.0
880.0,192.35,784.0,32.0,14.0
880.0,192.4,783.0,32.0,15.0
880.0,192.45,782.0,32.0,15.0
880.0,192.5,782.0,32.0,15.0
880.0,192.55,779.0,32.0,15.0
880.0,192.6,777.0,32.0,16.0
880.0,192.65,775.0,32.0,16.0
880.0,192.7,772.0,33.0,16.0
880.0,192.75,770.0,33.0,16.0
880.0,192.8,768.0,33.0,16.0
880.0,192.85,766.0,34.0,17.0
880.0,192.9,764.0,34.0,17.0
880.0,192.95,762.0,34.0,17.0
880.0,193.0,761.0,34.0,17.0
880.0,193.05,761.0,35.0,17.0
880.0,193.1,761.0,36.0,17.0
880.0,193.15,761.0,36.0,17.0
880.0,193.2,761.0,37.0,17.0
880.0,193.25,760.0,38.0,17.0
880.0,193.3,760.0,38.0,16.0
880.0,193.35,760.0,39.0,16.0
880.0,193.4,759.0,40.0,16.0
880.0,193.45,759.0,41.0,16.0
880.0,193.5,759.0,42.0,16.0
880.0,193.55,760.0,42.0,16.0
880.0,193.6,761.0,42.0,16.0
880.0,193.65,762.0,42.0,17.0
880.0,193.7,763.0,42.0,17.0
880.0,193.75,764.0,42.0,17.0
880.0,193.8,765.0,42.0,17.0
880.0,193.85,766.0,42.0,18.0
880.0,193.9,767.0,42.0,18.0
880.0,193.95,767.0,42.0,18.0
880.0,194.0,768.0,42.0,18.0
880.0,194.05,770.0,42.0,19.0
880.0,194.1,772.0,42.0,19.0
880.0,194.15,774.0,42.0,19.0
880.0,194.2,776.0,42.0,20.0
880.0,194.25,778.0,42.0,20.0
880.0,194.3,780.0,42.0,20.0
880.0,194.35,781.0,42.0,20.0
880.0,194.4,783.0,42.0,21.0
880.0,194.45,785.0,42.0,21.0
880.0,194.5,787.0,42.0,21.0
880.0,194.55,788.0,42.0,21.0
880.0,194.6,790.0,41.0,21.0
880.0,194.65,792.0,41.0,22.0
880.0,194.7,793.0,41.0,22.0
880.0,194.75,795.0,41.0,22.0
880.0,194.8,797.0,42.0,22.0
880.0,194.85,799.0,42.0,22.0
880.0,194.9,801.0,42.0,23.0
880.0,194.95,803.0,42.0,23.0
880.0,195.0,805.0,42.0,23.0
880.0,195.05,806.0,43.0,23.0
880.0,195.1,806.0,43.0,23.0
880.0,195.15,807.0,44.0,23.0
880.0,195.2,807.0,45.0,23.0
880.0,195.25,807.0,45.0,23.0
880.0,195.3,807.0,45.0,23.0
880.0,195.35,807.0,46.0,24.0
880.0,195.4,807.0,46.0,24.0
880.0,195.45,807.0,46.0,24.0
880.0,195.5,807.0,47.0,24.0
880.0,195.55,801.0,47.0,24.0
880.0,195.6,795.0,47.0,25.0
880.0,195.65,789.0,48.0,25.0
880.0,195.7,783.0,48.0,25.0
880.0,195.75,777.0,48.0,26.0
880.0,195.8,771.0,48.0,26.0
880.0,195.85,766.0,49.0,27.0
880.0,195.9,761.0,49.0,27.0
880.0,195.95,756.0,49.0,28.0
880.0,196.0,750.0,49.0,28.0
880.0,196.05,759.0,49.0,28.0
880.0,196.1,767.0,49.0,27.0
880.0,196.15,776.0,49.0,27.0
880.0,196.2,785.0,49.0,26.0
880.0,196.25,793.0,49.0,26.0
880.0,196.3,802.0,49.0,26.0
880.0,196.35,810.0,49.0,25.0
880.0,196.4,818.0,49.0,25.0
880.0,196.45,826.0,49.0,24.0
880.0,196.5,834.0,49.0,24.0
880.0,196.55,837.0,49.0,24.0
880.0,196.6,839.0,49.0,24.0
880.0,196.65,842.0,50.0,25.0
880.0,196.7,845.0,50.0,25.0
880.0,196.75,848.0,50.0,25.0
880.0,196.8,851.0,50.0,25.0
880.0,196.85,853.0,50.0,26.0
880.0,196.9,856.0,50.0,26.0
880.0,196.95,859.0,50.0,26.0
880.0,197.0,862.0,51.0,27.0
880.0,197.05,865.0,51.0,27.0
880.0,197.1,868.0,51.0,27.0
880.0,197.15,871.0,51.0,27.0
880.0,197.2,874.0,51.0,27.0
880.0,197.25,877.0,51.0,28.0
880.0,197.3,880.0,52.0,28.0
880.0,197.35,883.0,52.0,28.0
880.0,197.4,886.0,52.0,28.0
880.0,197.45,888.0,52.0,28.0
880.0,197.5,891.0,52.0,29.0
880.0,197.55,894.0,53.0,29.0
880.0,197.6,896.0,53.0,29.0
880.0,197.65,898.0,54.0,29.0
880.0,197.7,900.0,54.0,29.0
880.0,197.75,902.0,55.0,30.0
880.0,197.8,905.0,55.0,30.0
880.0,197.85,907.0,56.0,30.0
880.0,197.9,909.0,56.0,30.0
880.0,197.95,911.0,56.0,31.0
880.0,198.0,913.0,57.0,31.0
880.0,198.05,914.0,57.0,31.0
880.0,198.1,915.0,58.0,30.0
880.0,198.15,916.0,58.0,30.0
880.0,198.2,916.0,59.0,30.0
880.0,198.25,917.0,59.0,29.0
880.0,198.3,918.0,60.0,29.0
880.0,198.35,919.0,60.0,29.0
880.0,198.4,920.0,60.0,29.0
880.0,198.45,921.0,60.0,28.0
880.0,198.5,923.0,60.0,28.0
880.0,198.55,923.0,60.0,28.0
880.0,198.6,923.0,60.0,28.0
880.0,198.65,923.0,60.0,28.0
880.0,198.7,923.0,60.0,28.0
880.0,198.75,923.0,60.0,28.0
880.0,198.8,923.0,60.0,28.0
880.0,198.85,923.0,60.0,28.0
880.0,198.9,923.0,60.0,28.0
880.0,198.95,923.0,60.0,28.0
880.0,199.0,923.0,60.0,28.0
880.0,199.05,923.0,60.0,28.0
880.0,199.1,923.0,60.0,28.0
880.0,199.15,923.0,60.0,28.0
880.0,199.2,923.0,60.0,28.0
880.0,199.25,923.0,60.0,28.0
880.0,199.3,923.0,60.0,28.0
880.0,199.35,923.0,60.0,28.0
880.0,199.4,923.0,60.0,28.0
880.0,199.45,923.0,60.0,28.0
880.0,199.5,923.0,60.0,28.0
880.0,199.55,923.0,60.0,28.0
880.0,199.6,923.0,60.0,28.0
880.0,199.65,923.0,60.0,28.0
880.0,199.7,923.0,60.0,28.0
880.0,199.75,923.0,60.0,28.0
880.0,199.8,923.0,60.0,28.0
880.0,199.85,923.0,60.0,28.0
880.0,199.9,923.0,60.0,28.0
880.0,199.95,923.0,60.0,28.0
880.0,200.0,923.0,60.0,28.0
880.0,200.05,923.0,60.0,28.0
880.0,200.1,923.0,60.0,28.0
880.0,200.15,923.0,60.0,28.0
880.0,200.2,923.0,60.0,28.0
880.0,200.25,923.0,60.0,28.0
880.0,200.3,923.0,60.0,28.0
880.0,200.35,923.0,60.0,28.0
880.0,200.4,923.0,60.0,28.0
880.0,200.45,923.0,60.0,28.0
880.0,200.5,923.0,60.0,28.0
890.0,189.5,812.0,34.0,7.0
890.0,189.55,812.0,34.0,7.0
890.0,189.6,812.0,34.0,7.0
890.0,189.65,812.0,34.0,7.0
890.0,189.7,812.0,34.0,7.0
890.0,189.75,812.0,34.0,7.0
890.0,189.8,812.0,34.0,7.0
890.0,189.85,812.0,34.0,7.0
890.0,189.9,812.0,34.0,7.0
890.0,189.95,812.0,34.0,7.0
890.0,190.0,812.0,34.0,7.0
890.0,190.05,812.0,34.0,7.0
890.0,190.1,812.0,34.0,7.0
890.0,190.15,812.0,34.0,7.0
890.0,190.2,812.0,34.0,7.0
890.0,190.25,812.0,34.0,7.0
890.0,190.3,812.0,34.0,7.0
890.0,190.35,812.0,34.0,7.0
890.0,190.4,812.0,34.0,7.0
890.0,190.45,812.0,34.0,7.0
890.0,190.5,812.0,34.0,7.0
890.0,190.55,812.0,34.0,7.0
890.0,190.6,812.0,34.0,7.0
890.0,190.65,812.0,34.0,7.0
890.0,190.7,812.0,34.0,7.0
890.0,190.75,812.0,34.0,7.0
890.0,190.8,812.0,34.0,7.0
890.0,190.85,812.0,34.0,7.0
890.0,190.9,812.0,34.0,7.0
890.0,190.95,812.0,34.0,7.0
890.0,191.0,812.0,34.0,7.0
890.0,191.05,812.0,34.0,7.0
890.0,191.1,812.0,34.0,7.0
890.0,191.15,812.0,34.0,7.0
890.0,191.2,812.0,34.0,7.0
890.0,191.25,812.0,34.0,7.0
890.0,191.3,812.0,34.0,7.0
890.0,191.35,812.0,34.0,7.0
890.0,191.4,812.0,34.0,7.0
890.0,191.45,812.0,34.0,7.0
890.0,191.5,812.0,34.0,7.0
890.0,191.55,810.0,34.0,8.0
890.0,191.6,809.0,34.0,8.0
890.0,191.65,807.0,34.0,9.0
890.0,191.7,805.0,34.0,9.0
890.0,191.75,804.0,34.0,10.0
890.0,191.8,802.0,33.0,10.0
890.0,191.85,801.0,33.0,10.0
890.0,191.9,799.0,33.0,11.0
890.0,191.95,797.0,33.0,11.0
890.0,192.0,796.0,33.0,12.0
890.0,192.05,795.0,33.0,12.0
890.0,192.1,794.0,33.0,12.0
890.0,192.15,794.0,33.0,13.0
890.0,192.2,793.0,32.0,13.0
890.0,192.25,792.0,32.0,14.0
890.0,192.3,792.0,32.0,14.0
890.0,192.35,791.0,32.0,14.0
890.0,192.4,790.0,32.0,15.0
890.0,192.45,790.0,32.0,15.0
890.0,192.5,789.0,32.0,15.0
890.0,192.55,786.0,32.0,15.0
890.0,192.6,784.0,32.0,16.0
890.0,192.65,782.0,32.0,16.0
890.0,192.7,780.0,33.0,16.0
890.0,192.75,777.0,33.0,16.0
890.0,192.8,775.0,33.0,17.0
890.0,192.85,773.0,34.0,17.0
890.0,192.9,771.0,34.0,17.0
890.0,192.95,769.0,34.0,17.0
890.0,193.0,768.0,34.0,17.0
890.0,193.05,768.0,35.0,17.0
890.0,193.1,768.0,36.0,17.0
890.0,193.15,768.0,36.0,17.0
890.0,193.2,768.0,37.0,17.0
890.0,193.25,767.0,38.0,17.0
890.0,193.3,767.0,39.0,17.0
890.0,193.35,767.0,39.0,16.0
890.0,193.4,766.0,40.0,16.0
890.0,193.45,766.0,41.0,16.0
890.0,193.5,766.0,42.0,16.0
890.0,193.55,767.0,42.0,16.0
890.0,193.6,768.0,42.0,16.0
890.0,193.65,769.0,42.0,17.0
890.0,193.7,770.0,42.0,17.0
890.0,193.75,771.0,42.0,17.0
890.0,193.8,772.0,42.0,17.0
890.0,193.85,773.0,42.0,18.0
890.0,193.9,774.0,42.0,18.0
890.0,193.95,774.0,42.0,18.0
890.0,194.0,775.0,42.0,18.0
890.0,194.05,777.0,42.0,19.0
890.0,194.1,779.0,42.0,19.0
890.0,194.15,781.0,42.0,19.0
890.0,194.2,783.0,42.0,20.0
890.0,194.25,785.0,42.0,20.0
890.0,194.3,787.0,42.0,20.0
890.0,194.35,789.0,42.0,20.0
890.0,194.4,790.0,42.0,21.0
890.0,194.45,792.0,42.0,21.0
890.0,194.5,794.0,42.0,21.0
890.0,194.55,795.0,42.0,21.0
890.0,194.6,797.0,42.0,22.0
890.0,194.65,799.0,41.0,22.0
890.0,194.7,801.0,41.0,22.0
890.0,194.75,803.0,42.0,22.0
890.0,194.8,805.0,42.0,22.0
890.0,194.85,807.0,42.0,23.0
890.0,194.9,809.0,42.0,23.0
890.0,194.95,811.0,42.0,23.0
890.0,195.0,813.0,42.0,23.0
890.0,195.05,813.0,43.0,23.0
890.0,195.1,814.0,44.0,23.0
890.0,195.15,814.0,44.0,23.0
890.0,195.2,814.0,45.0,23.0
890.0,195.25,814.0,45.0,24.0
890.0,195.3,814.0,46.0,24.0
890.0,195.35,814.0,46.0,24.0
890.0,195.4,814.0,46.0,24.0
890.0,195.45,814.0,46.0,24.0
890.0,195.5,814.0,47.0,24.0
890.0,195.55,808.0,47.0,24.0
890.0,195.6,802.0,47.0,25.0
890.0,195.65,796.0,48.0,25.0
890.0,195.7,790.0,48.0,26.0
890.0,195.75,784.0,48.0,26.0
890.0,195.8,778.0,49.0,26.0
890.0,195.85,773.0,49.0,27.0
890.0,195.9,768.0,49.0,27.0
890.0,195.95,762.0,49.0,28.0
890.0,196.0,757.0,49.0,28.0
890.0,196.05,766.0,49.0,28.0
890.0,196.1,774.0,49.0,27.0
890.0,196.15,783.0,49.0,27.0
890.0,196.2,791.0,49.0,26.0
890.0,196.25,800.0,49.0,26.0
890.0,196.3,809.0,49.0,26.0
890.0,196.35,817.0,49.0,25.0
890.0,196.4,825.0,49.0,25.0
890.0,196.45,833.0,49.0,24.0
890.0,196.5,841.0,49.0,24.0
890.0,196.55,844.0,49.0,24.0
890.0,196.6,846.0,50.0,24.0
890.0,196.65,849.0,50.0,25.0
890.0,196.7,852.0,50.0,25.0
890.0,196.75,855.0,50.0,25.0
890.0,196.8,858.0,50.0,26.0
890.0,196.85,860.0,50.0,26.0
890.0,196.9,863.0,50.0,26.0
890.0,196.95,866.0,51.0,26.0
890.0,197.0,869.0,51.0,27.0
890.0,197.05,872.0,51.0,27.0
890.0,197.1,875.0,51.0,27.0
890.0,197.15,878.0,51.0,27.0
890.0,197.2,881.0,51.0,28.0
890.0,197.25,884.0,52.0,28.0
890.0,197.3,887.0,52.0,28.0
890.0,197.35,890.0,52.0,28.0
890.0,197.4,893.0,52.0,28.0
890.0,197.45,895.0,52.0,29.0
890.0,197.5,898.0,53.0,29.0
890.0,197.55,901.0,53.0,29.0
890.0,197.6,903.0,53.0,29.0
890.0,197.65,905.0,54.0,29.0
890.0,197.7,907.0,54.0,30.0
890.0,197.75,909.0,55.0,30.0
890.0,197.8,912.0,55.0,30.0
890.0,197.85,914.0,56.0,30.0
890.0,197.9,916.0,56.0,30.0
890.0,197.95,918.0,57.0,31.0
890.0,198.0,920.0,57.0,31.0
890.0,198.05,921.0,57.0,31.0
890.0,198.1,922.0,58.0,30.0
890.0,198.15,922.0,58.0,30.0
890.0,198.2,923.0,59.0,30.0
890.0,198.25,924.0,59.0,29.0
890.0,198.3,925.0,60.0,29.0
890.0,198.35,926.0,60.0,29.0
890.0,198.4,927.0,60.0,29.0
890.0,198.45,928.0,60.0,29.0
890.0,198.5,930.0,60.0,28.0
890.0,198.55,930.0,60.0,28.0
890.0,198.6,930.0,60.0,28.0
890.0,198.65,930.0,60.0,28.0
890.0,198.7,930.0,60.0,28.0
890.0,198.75,930.0,60.0,28.0
890.0,198.8,930.0,60.0,28.0
890.0,198.85,930.0,60.0,28.0
890.0,198.9,930.0,60.0,28.0
890.0,198.95,930.0,60.0,28.0
890.0,199.0,930.0,60.0,28.0
890.0,199.05,930.0,60.0,28.0
890.0,199.1,930.0,60.0,28.0
890.0,199.15,930.0,60.0,28.0
890.0,199.2,930.0,60.0,28.0
890.0,199.25,930.0,60.0,28.0
890.0,199.3,930.0,60.0,28.0
890.0,199.35,930.0,60.0,28.0
890.0,199.4,930.0,60.0,28.0
890.0,199.45,930.0,60.0,28.0
890.0,199.5,930.0,60.0,28.0
890.0,199.55,930.0,60.0,28.0
890.0,199.6,930.0,60.0,28.0
890.0,199.65,930.0,60.0,28.0
890.0,199.7,930.0,60.0,28.0
890.0,199.75,930.0,60.0,28.0
890.0,199.8,930.0,60.0,28.0
890.0,199.85,930.0,60.0,28.0
890.0,199.9,930.0,60.0,28.0
890.0,199.95,930.0,60.0,28.0
890.0,200.0,930.0,60.0,28.0
890.0,200.05,930.0,60.0,28.0
890.0,200.1,930.0,60.0,28.0
890.0,200.15,930.0,60.0,28.0
890.0,200.2,930.0,60.0,28.0
890.0,200.25,930.0,60.0,28.0
890.0,200.3,930.0,60.0,28.0
890.0,200.35,930.0,60.0,28.0
890.0,200.4,930.0,60.0,28.0
890.0,200.45,930.0,60.0,28.0
890.0,200.5,930.0,60.0,28.0
900.0,189.5,819.0,34.0,7.0
900.0,189.55,819.0,34.0,7.0
900.0,189.6,819.0,34.0,7.0
900.0,189.65,819.0,34.0,7.0
900.0,189.7,819.0,34.0,7.0
900.0,189.75,819.0,34.0,7.0
900.0,189.8,819.0,34.0,7.0
900.0,189.85,819.0,34.0,7.0
900.0,189.9,819.0,34.0,7.0
900.0,189.95,819.0,34.0,7.0
900.0,190.0,819.0,34.0,7.0
900.0,190.05,819.0,34.0,7.0
900.0,190.1,819.0,34.0,7.0
900.0,190.15,819.0,34.0,7.0
900.0,190.2,819.0,34.0,7.0
900.0,190.25,819.0,34.0,7.0
900.0,190.3,819.0,34.0,7.0
900.0,190.35,819.0,34.0,7.0
900.0,190.4,819.0,34.0,7.0
900.0,190.45,819.0,34.0,7.0
900.0,190.5,819.0,34.0,7.0
900.0,190.55,819.0,34.0,7.0
900.0,190.6,819.0,34.0,7.0
900.0,190.65,819.0,34.0,7.0
900.0,190.7,819.0,34.0,7.0
900.0,190.75,819.0,34.0,7.0
900.0,190.8,819.0,34.0,7.0
900.0,190.85,819.0,34.0,7.0
900.0,190.9,819.0,34.0,7.0
900.0,190.95,819.0,34.0,7.0
900.0,191.0,819.0,34.0,7.0
900.0,191.05,819.0,34.0,7.0
900.0,191.1,819.0,34.0,7.0
900.0,191.15,819.0,34.0,7.0
900.0,191.2,819.0,34.0,7.0
900.0,191.25,819.0,34.0,7.0
900.0,191.3,819.0,34.0,7.0
900.0,191.35,819.0,34.0,7.0
900.0,191.4,819.0,34.0,7.0
900.0,191.45,819.0,34.0,7.0
900.0,191.5,819.0,34.0,7.0
900.0,191.55,817.0,34.0,8.0
900.0,191.6,816.0,34.0,8.0
900.0,191.65,814.0,34.0,9.0
900.0,191.7,813.0,34.0,9.0
900.0,191.75,811.0,34.0,10.0
900.0,191.8,809.0,34.0,10.0
900.0,191.85,808.0,33.0,10.0
900.0,191.9,806.0,33.0,11.0
900.0,191.95,805.0,33.0,11.0
900.0,192.0,803.0,33.0,12.0
900.0,192.05,802.0,33.0,12.0
900.0,192.1,802.0,33.0,12.0
900.0,192.15,801.0,33.0,13.0
900.0,192.2,800.0,33.0,13.0
900.0,192.25,800.0,32.0,14.0
900.0,192.3,799.0,32.0,14.0
900.0,192.35,798.0,32.0,14.0
900.0,192.4,797.0,32.0,15.0
900.0,192.45,797.0,32.0,15.0
900.0,192.5,796.0,32.0,15.0
900.0,192.55,794.0,32.0,16.0
900.0,192.6,791.0,32.0,16.0
900.0,192.65,789.0,33.0,16.0
900.0,192.7,787.0,33.0,16.0
900.0,192.75,784.0,33.0,16.0
900.0,192.8,782.0,33.0,17.0
900.0,192.85,780.0,34.0,17.0
900.0,192.9,778.0,34.0,17.0
900.0,192.95,776.0,34.0,17.0
900.0,193.0,775.0,34.0,17.0
900.0,193.05,775.0,35.0,17.0
900.0,193.1,775.0,36.0,17.0
900.0,193.15,775.0,36.0,17.0
900.0,193.2,774.0,37.0,17.0
900.0,193.25,774.0,38.0,17.0
900.0,193.3,774.0,39.0,17.0
900.0,193.35,774.0,40.0,16.0
900.0,193.4,773.0,40.0,16.0
900.0,193.45,773.0,41.0,16.0
900.0,193.5,773.0,42.0,16.0
900.0,193.55,774.0,42.0,16.0
900.0,193.6,775.0,42.0,16.0
900.0,193.65,776.0,42.0,17.0
900.0,193.7,777.0,42.0,17.0
900.0,193.75,778.0,42.0,17.0
900.0,193.8,779.0,42.0,17.0
900.0,193.85,780.0,42.0,18.0
900.0,193.9,781.0,42.0,18.0
900.0,193.95,781.0,42.0,18.0
900.0,194.0,782.0,42.0,18.0
900.0,194.05,784.0,42.0,19.0
900.0,194.1,786.0,42.0,19.0
900.0,194.15,788.0,42.0,19.0
900.0,194.2,790.0,42.0,20.0
900.0,194.25,792.0,42.0,20.0
900.0,194.3,794.0,42.0,20.0
900.0,194.35,796.0,42.0,21.0
900.0,194.4,797.0,42.0,21.0
900.0,194.45,799.0,42.0,21.0
900.0,194.5,801.0,42.0,21.0
900.0,194.55,802.0,42.0,21.0
900.0,194.6,804.0,42.0,22.0
900.0,194.65,806.0,42.0,22.0
900.0,194.7,808.0,42.0,22.0
900.0,194.75,810.0,42.0,22.0
900.0,194.8,812.0,42.0,22.0
900.0,194.85,814.0,42.0,23.0
900.0,194.9,816.0,42.0,23.0
900.0,194.95,818.0,42.0,23.0
900.0,195.0,820.0,43.0,23.0
900.0,195.05,820.0,43.0,23.0
900.0,195.1,821.0,44.0,23.0
900.0,195.15,821.0,45.0,24.0
900.0,195.2,821.0,45.0,24.0
900.0,195.25,821.0,45.0,24.0
900.0,195.3,821.0,46.0,24.0
900.0,195.35,821.0,46.0,24.0
900.0,195.4,821.0,46.0,24.0
900.0,195.45,821.0,47.0,24.0
900.0,195.5,821.0,47.0,24.0
900.0,195.55,815.0,47.0,24.0
900.0,195.6,809.0,47.0,25.0
900.0,195.65,803.0,48.0,25.0
900.0,195.7,797.0,48.0,26.0
900.0,195.75,791.0,48.0,26.0
900.0,195.8,785.0,49.0,27.0
900.0,195.85,780.0,49.0,27.0
900.0,195.9,774.0,49.0,27.0
900.0,195.95,769.0,49.0,28.0
900.0,196.0,764.0,50.0,28.0
900.0,196.05,772.0,49.0,28.0
900.0,196.1,781.0,49.0,27.0
900.0,196.15,789.0,49.0,27.0
900.0,196.2,798.0,49.0,27.0
900.0,196.25,807.0,49.0,26.0
900.0,196.3,815.0,49.0,26.0
900.0,196.35,824.0,49.0,25.0
900.0,196.4,832.0,49.0,25.0
900.0,196.45,840.0,49.0,24.0
900.0,196.5,848.0,49.0,24.0
900.0,196.55,850.0,50.0,24.0
900.0,196.6,853.0,50.0,25.0
900.0,196.65,856.0,50.0,25.0
900.0,196.7,859.0,50.0,25.0
900.0,196.75,862.0,50.0,25.0
900.0,196.8,864.0,50.0,26.0
900.0,196.85,867.0,50.0,26.0
900.0,196.9,870.0,51.0,26.0
900.0,196.95,873.0,51.0,27.0
900.0,197.0,876.0,51.0,27.0
900.0,197.05,879.0,51.0,27.0
900.0,197.1,882.0,51.0,27.0
900.0,197.15,885.0,51.0,27.0
900.0,197.2,888.0,52.0,28.0
900.0,197.25,891.0,52.0,28.0
900.0,197.3,894.0,52.0,28.0
900.0,197.35,897.0,52.0,28.0
900.0,197.4,900.0,52.0,28.0
900.0,197.45,902.0,52.0,29.0
900.0,197.5,905.0,53.0,29.0
900.0,197.55,908.0,53.0,29.0
900.0,197.6,910.0,54.0,29.0
900.0,197.65,912.0,54.0,29.0
900.0,197.7,914.0,54.0,30.0
900.0,197.75,916.0,55.0,30.0
900.0,197.8,919.0,55.0,30.0
900.0,197.85,921.0,56.0,30.0
900.0,197.9,923.0,56.0,31.0
900.0,197.95,925.0,57.0,31.0
900.0,198.0,927.0,57.0,31.0
900.0,198.05,928.0,58.0,31.0
900.0,198.1,929.0,58.0,30.0
900.0,198.15,929.0,59.0,30.0
900.0,198.2,930.0,59.0,30.0
900.0,198.25,931.0,59.0,30.0
900.0,198.3,932.0,60.0,29.0
900.0,198.35,932.0,60.0,29.0
900.0,198.4,934.0,60.0,29.0
900.0,198.45,935.0,60.0,29.0
900.0,198.5,936.0,60.0,28.0
900.0,198.55,936.0,60.0,28.0
900.0,198.6,936.0,60.0,28.0
900.0,198.65,936.0,60.0,28.0
900.0,198.7,936.0,60.0,28.0
900.0,198.75,936.0,60.0,28.0
900.0,198.8,936.0,60.0,28.0
900.0,198.85,936.0,60.0,28.0
900.0,198.9,936.0,60.0,28.0
900.0,198.95,936.0,60.0,28.0
900.0,199.0,936.0,60.0,28.0
900.0,199.05,936.0,60.0,28.0
900.0,199.1,936.0,60.0,28.0
900.0,199.15,936.0,60.0,28.0
900.0,199.2,936.0,60.0,28.0
900.0,199.25,936.0,60.0,28.0
900.0,199.3,936.0,60.0,28.0
900.0,199.35,936.0,60.0,28.0
900.0,199.4,936.0,60.0,28.0
900.0,199.45,936.0,60.0,28.0
900.0,199.5,936.0,60.0,28.0
900.0,199.55,936.0,60.0,28.0
900.0,199.6,936.0,60.0,28.0
900.0,199.65,936.0,60.0,28.0
900.0,199.7,936.0,60.0,28.0
900.0,199.75,936.0,60.0,28.0
900.0,199.8,936.0,60.0,28.0
900.0,199.85,936.0,60.0,28.0
900.0,199.9,936.0,60.0,28.0
900.0,199.95,936.0,60.0,28.0
900.0,200.0,936.0,60.0,28.0
900.0,200.05,936.0,60.0,28.0
900.0,200.1,936.0,60.0,28.0
900.0,200.15,936.0,60.0,28.0
900.0,200.2,936.0,60.0,28.0
900.0,200.25,936.0,60.0,28.0
900.0,200.3,936.0,60.0,28.0
900.0,200.35,936.0,60.0,28.0
900.0,200.4,936.0,60.0,28.0
900.0,200.45,936.0,60.0,28.0
900.0,200.5,936.0,60.0,28.0
910.0,189.5,826.0,34.0,7.0
910.0,189.55,826.0,34.0,7.0
910.0,189.6,826.0,34.0,7.0
910.0,189.65,826.0,34.0,7.0
910.0,189.7,826.0,34.0,7.0
910.0,189.75,826.0,34.0,7.0
910.0,189.8,826.0,34.0,7.0
910.0,189.85,826.0,34.0,7.0
910.0,189.9,826.0,34.0,7.0
910.0,189.95,826.0,34.0,7.0
910.0,190.0,826.0,34.0,7.0
910.0,190.05,826.0,34.0,7.0
910.0,190.1,826.0,34.0,7.0
910.0,190.15,826.0,34.0,7.0
910.0,190.2,826.0,34.0,7.0
910.0,190.25,826.0,34.0,7.0
910.0,190.3,826.0,34.0,7.0
910.0,190.35,826.0,34.0,7.0
910.0,190.4,826.0,34.0,7.0
910.0,190.45,826.0,34.0,7.0
910.0,190.5,826.0,34.0,7.0
910.0,190.55,826.0,34.0,7.0
910.0,190.6,826.0,34.0,7.0
910.0,190.65,826.0,34.0,7.0
910.0,190.7,826.0,34.0,7.0
910.0,190.75,826.0,34.0,7.0
910.0,190.8,826.0,34.0,7.0
910.0,190.85,826.0,34.0,7.0
910.0,190.9,826.0,34.0,7.0
910.0,190.95,826.0,34.0,7.0
910.0,191.0,826.0,34.0,7.0
910.0,191.05,826.0,34.0,7.0
910.0,191.1,826.0,34.0,7.0
910.0,191.15,826.0,34.0,7.0
910.0,191.2,826.0,34.0,7.0
910.0,191.25,826.0,34.0,7.0
910.0,191.3,826.0,34.0,7.0
910.0,191.35,826.0,34.0,7.0
910.0,191.4,826.0,34.0,7.0
910.0,191.45,826.0,34.0,7.0
910.0,191.5,826.0,34.0,7.0
910.0,191.55,825.0,34.0,8.0
910.0,191.6,823.0,34.0,8.0
910.0,191.65,821.0,34.0,9.0
910.0,191.7,820.0,34.0,9.0
910.0,191.75,818.0,34.0,10.0
910.0,191.8,817.0,34.0,10.0
910.0,191.85,815.0,34.0,11.0
910.0,191.9,813.0,33.0,11.0
910.0,191.95,812.0,33.0,11.0
910.0,192.0,810.0,33.0,12.0
910.0,192.05,809.0,33.0,12.0
910.0,192.1,809.0,33.0,13.0
910.0,192.15,808.0,33.0,13.0
910.0,192.2,807.0,33.0,13.0
910.0,192.25,807.0,32.0,14.0
910.0,192.3,806.0,32.0,14.0
910.0,192.35,805.0,32.0,14.0
910.0,192.4,805.0,32.0,15.0
910.0,192.45,804.0,32.0,15.0
910.0,192.5,803.0,32.0,15.0
910.0,192.55,801.0,32.0,16.0
910.0,192.6,799.0,32.0,16.0
910.0,192.65,796.0,33.0,16.0
910.0,192.7,794.0,33.0,16.0
910.0,192.75,792.0,33.0,16.0
910.0,192.8,789.0,34.0,17.0
910.0,192.85,787.0,34.0,17.0
910.0,192.9,785.0,34.0,17.0
910.0,192.95,784.0,34.0,17.0
910.0,193.0,782.0,35.0,17.0
910.0,193.05,782.0,35.0,17.0
910.0,193.1,782.0,36.0,17.0
910.0,193.15,782.0,37.0,17.0
910.0,193.2,781.0,37.0,17.0
910.0,193.25,781.0,38.0,17.0
910.0,193.3,781.0,39.0,17.0
910.0,193.35,780.0,40.0,16.0
910.0,193.4,780.0,40.0,16.0
910.0,193.45,780.0,41.0,16.0
910.0,193.5,780.0,42.0,16.0
910.0,193.55,781.0,42.0,16.0
910.0,193.6,782.0,42.0,17.0
910.0,193.65,783.0,42.0,17.0
910.0,193.7,784.0,42.0,17.0
910.0,193.75,785.0,42.0,17.0
910.0,193.8,786.0,42.0,18.0
910.0,193.85,787.0,42.0,18.0
910.0,193.9,788.0,42.0,18.0
910.0,193.95,788.0,42.0,18.0
910.0,194.0,789.0,42.0,19.0
910.0,194.05,791.0,42.0,19.0
910.0,194.1,793.0,42.0,19.0
910.0,194.15,795.0,42.0,19.0
910.0,194.2,797.0,42.0,20.0
910.0,194.25,799.0,42.0,20.0
910.0,194.3,801.0,42.0,20.0
910.0,194.35,803.0,42.0,21.0
910.0,194.4,804.0,42.0,21.0
910.0,194.45,806.0,42.0,21.0
910.0,194.5,808.0,42.0,21.0
910.0,194.55,809.0,42.0,21.0
910.0,194.6,811.0,42.0,22.0
910.0,194.65,813.0,42.0,22.0
910.0,194.7,815.0,42.0,22.0
910.0,194.75,817.0,42.0,22.0
910.0,194.8,819.0,42.0,22.0
910.0,194.85,821.0,42.0,23.0
910.0,194.9,823.0,43.0,23.0
910.0,194.95,825.0,43.0,23.0
910.0,195.0,827.0,43.0,23.0
910.0,195.05,827.0,43.0,23.0
910.0,195.1,828.0,44.0,24.0
910.0,195.15,828.0,45.0,24.0
910.0,195.2,828.0,45.0,24.0
910.0,195.25,828.0,45.0,24.0
910.0,195.3,828.0,46.0,24.0
910.0,195.35,828.0,46.0,24.0
910.0,195.4,828.0,46.0,24.0
910.0,195.45,828.0,47.0,24.0
910.0,195.5,828.0,47.0,24.0
910.0,195.55,822.0,47.0,24.0
910.0,195.6,816.0,48.0,25.0
910.0,195.65,810.0,48.0,25.0
910.0,195.7,804.0,48.0,26.0
910.0,195.75,798.0,48.0,26.0
910.0,195.8,792.0,49.0,27.0
910.0,195.85,786.0,49.0,27.0
910.0,195.9,781.0,49.0,27.0
910.0,195.95,776.0,49.0,28.0
910.0,196.0,770.0,50.0,28.0
910.0,196.05,779.0,50.0,28.0
910.0,196.1,788.0,50.0,28.0
910.0,196.15,796.0,50.0,27.0
910.0,196.2,805.0,50.0,27.0
910.0,196.25,813.0,50.0,26.0
910.0,196.3,822.0,50.0,26.0
910.0,196.35,831.0,49.0,25.0
910.0,196.4,839.0,49.0,25.0
910.0,196.45,847.0,49.0,25.0
910.0,196.5,855.0,49.0,24.0
910.0,196.55,857.0,50.0,24.0
910.0,196.6,860.0,50.0,25.0
910.0,196.65,863.0,50.0,25.0
910.0,196.7,866.0,50.0,25.0
910.0,196.75,869.0,50.0,25.0
910.0,196.8,871.0,50.0,26.0
910.0,196.85,874.0,51.0,26.0
910.0,196.9,877.0,51.0,26.0
910.0,196.95,880.0,51.0,27.0
910.0,197.0,883.0,51.0,27.0
910.0,197.05,886.0,51.0,27.0
910.0,197.1,889.0,51.0,27.0
910.0,197.15,892.0,51.0,28.0
910.0,197.2,895.0,52.0,28.0
910.0,197.25,898.0,52.0,28.0
910.0,197.3,901.0,52.0,28.0
910.0,197.35,904.0,52.0,28.0
910.0,197.4,907.0,52.0,29.0
910.0,197.45,909.0,53.0,29.0
910.0,197.5,912.0,53.0,29.0
910.0,197.55,915.0,53.0,29.0
910.0,197.6,917.0,54.0,29.0
910.0,197.65,919.0,54.0,30.0
910.0,197.7,921.0,55.0,30.0
910.0,197.75,923.0,55.0,30.0
910.0,197.8,926.0,55.0,30.0
910.0,197.85,928.0,56.0,30.0
910.0,197.9,930.0,56.0,31.0
910.0,197.95,932.0,57.0,31.0
910.0,198.0,934.0,57.0,31.0
910.0,198.05,935.0,58.0,31.0
910.0,198.1,936.0,58.0,31.0
910.0,198.15,936.0,59.0,30.0
910.0,198.2,937.0,59.0,30.0
910.0,198.25,938.0,60.0,30.0
910.0,198.3,939.0,60.0,29.0
910.0,198.35,939.0,60.0,29.0
910.0,198.4,941.0,60.0,29.0
910.0,198.45,942.0,60.0,29.0
910.0,198.5,943.0,60.0,28.0
910.0,198.55,943.0,60.0,28.0
910.0,198.6,943.0,60.0,28.0
910.0,198.65,943.0,60.0,28.0
910.0,198.7,943.0,60.0,28.0
910.0,198.75,943.0,60.0,28.0
910.0,198.8,943.0,60.0,28.0
910.0,198.85,943.0,60.0,28.0
910.0,198.9,943.0,60.0,28.0
910.0,198.95,943.0,60.0,28.0
910.0,199.0,943.0,60.0,28.0
910.0,199.05,943.0,60.0,28.0
910.0,199.1,943.0,60.0,28.0
910.0,199.15,943.0,60.0,28.0
910.0,199.2,943.0,60.0,28.0
910.0,199.25,943.0,60.0,28.0
910.0,199.3,943.0,60.0,28.0
910.0,199.35,943.0,60.0,28.0
910.0,199.4,943.0,60.0,28.0
910.0,199.45,943.0,60.0,28.0
910.0,199.5,943.0,60.0,28.0
910.0,199.55,943.0,60.0,28.0
910.0,199.6,943.0,60.0,28.0
910.0,199.65,943.0,60.0,28.0
910.0,199.7,943.0,60.0,28.0
910.0,199.75,943.0,60.0,28.0
910.0,199.8,943.0,60.0,28.0
910.0,199.85,943.0,60.0,28.0
910.0,199.9,943.0,60.0,28.0
910.0,199.95,943.0,60.0,28.0
910.0,200.0,943.0,60.0,28.0
910.0,200.05,943.0,60.0,28.0
910.0,200.1,943.0,60.0,28.0
910.0,200.15,943.0,60.0,28.0
910.0,200.2,943.0,60.0,28.0
910.0,200.25,943.0,60.0,28.0
910.0,200.3,943.0,60.0,28.0
910.0,200.35,943.0,60.0,28.0
910.0,200.4,943.0,60.0,28.0
910.0,200.45,943.0,60.0,28.0
910.0,200.5,943.0,60.0,28.0
920.0,189.5,833.0,35.0,7.0
920.0,189.55,833.0,35.0,7.0
920.0,189.6,833.0,35.0,7.0
920.0,189.65,833.0,35.0,7.0
920.0,189.7,833.0,35.0,7.0
920.0,189.75,833.0,35.0,7.0
920.0,189.8,833.0,35.0,7.0
920.0,189.85,833.0,35.0,7.0
920.0,189.9,833.0,35.0,7.0
920.0,189.95,833.0,35.0,7.0
920.0,190.0,833.0,35.0,7.0
920.0,190.05,833.0,35.0,7.0
920.0,190.1,833.0,35.0,7.0
920.0,190.15,833.0,35.0,7.0
920.0,190.2,833.0,35.0,7.0
920.0,190.25,833.0,35.0,7.0
920.0,190.3,833.0,35.0,7.0
920.0,190.35,833.0,35.0,7.0
920.0,190.4,833.0,35.0,7.0
920.0,190.45,833.0,35.0,7.0
920.0,190.5,833.0,35.0,7.0
920.0,190.55,833.0,35.0,7.0
920.0,190.6,833.0,35.0,7.0
920.0,190.65,833.0,35.0,7.0
920.0,190.7,833.0,35.0,7.0
920.0,190.75,833.0,35.0,7.0
920.0,190.8,833.0,35.0,7.0
920.0,190.85,833.0,35.0,7.0
920.0,190.9,833.0,35.0,7.0
920.0,190.95,833.0,35.0,7.0
920.0,191.0,833.0,35.0,7.0
920.0,191.05,833.0,35.0,7.0
920.0,191.1,833.0,35.0,7.0
920.0,191.15,833.0,35.0,7.0
920.0,191.2,833.0,35.0,7.0
920.0,191.25,833.0,35.0,7.0
920.0,191.3,833.0,35.0,7.0
920.0,191.35,833.0,35.0,7.0
920.0,191.4,833.0,35.0,7.0
920.0,191.45,833.0,35.0,7.0
920.0,191.5,833.0,35.0,7.0
920.0,191.55,832.0,34.0,8.0
920.0,191.6,830.0,34.0,8.0
920.0,191.65,829.0,34.0,9.0
920.0,191.7,827.0,34.0,9.0
920.0,191.75,825.0,34.0,10.0
920.0,191.8,824.0,34.0,10.0
920.0,191.85,822.0,34.0,11.0
920.0,191.9,821.0,34.0,11.0
920.0,191.95,819.0,33.0,11.0
920.0,192.0,817.0,33.0,12.0
920.0,192.05,817.0,33.0,12.0
920.0,192.1,816.0,33.0,13.0
920.0,192.15,815.0,33.0,13.0
920.0,192.2,815.0,33.0,13.0
920.0,192.25,814.0,33.0,14.0
920.0,192.3,813.0,32.0,14.0
920.0,192.35,812.0,32.0,15.0
920.0,192.4,812.0,32.0,15.0
920.0,192.45,811.0,32.0,15.0
920.0,192.5,810.0,32.0,15.0
920.0,192.55,808.0,32.0,16.0
920.0,192.6,806.0,32.0,16.0
920.0,192.65,803.0,33.0,16.0
920.0,192.7,801.0,33.0,16.0
920.0,192.75,799.0,33.0,17.0
920.0,192.8,797.0,34.0,17.0
920.0,192.85,794.0,34.0,17.0
920.0,192.9,792.0,34.0,17.0
920.0,192.95,791.0,34.0,17.0
920.0,193.0,789.0,35.0,18.0
920.0,193.05,789.0,35.0,17.0
920.0,193.1,789.0,36.0,17.0
920.0,193.15,789.0,37.0,17.0
920.0,193.2,788.0,38.0,17.0
920.0,193.25,788.0,38.0,17.0
920.0,193.3,788.0,39.0,17.0
920.0,193.35,787.0,40.0,17.0
920.0,193.4,787.0,41.0,16.0
920.0,193.45,787.0,41.0,16.0
920.0,193.5,787.0,42.0,16.0
920.0,193.55,788.0,42.0,16.0
920.0,193.6,789.0,42.0,17.0
920.0,193.65,790.0,42.0,17.0
920.0,193.7,791.0,42.0,17.0
920.0,193.75,792.0,43.0,17.0
920.0,193.8,793.0,43.0,18.0
920.0,193.85,794.0,43.0,18.0
920.0,193.9,794.0,43.0,18.0
920.0,193.95,795.0,43.0,18.0
920.0,194.0,796.0,43.0,19.0
920.0,194.05,798.0,43.0,19.0
920.0,194.1,800.0,42.0,19.0
920.0,194.15,802.0,42.0,19.0
920.0,194.2,804.0,42.0,20.0
920.0,194.25,806.0,42.0,20.0
920.0,194.3,808.0,42.0,20.0
920.0,194.35,810.0,42.0,21.0
920.0,194.4,811.0,42.0,21.0
920.0,194.45,813.0,42.0,21.0
920.0,194.5,815.0,42.0,21.0
920.0,194.55,816.0,42.0,22.0
920.0,194.6,818.0,42.0,22.0
920.0,194.65,820.0,42.0,22.0
920.0,194.7,822.0,42.0,22.0
920.0,194.75,824.0,42.0,22.0
920.0,194.8,826.0,42.0,23.0
920.0,194.85,828.0,43.0,23.0
920.0,194.9,830.0,43.0,23.0
920.0,194.95,832.0,43.0,23.0
920.0,195.0,834.0,43.0,23.0
920.0,195.05,834.0,44.0,24.0
920.0,195.1,835.0,44.0,24.0
920.0,195.15,835.0,45.0,24.0
920.0,195.2,835.0,45.0,24.0
920.0,195.25,835.0,46.0,24.0
920.0,195.3,835.0,46.0,24.0
920.0,195.35,835.0,46.0,24.0
920.0,195.4,835.0,47.0,24.0
920.0,195.45,835.0,47.0,24.0
920.0,195.5,835.0,47.0,24.0
920.0,195.55,829.0,47.0,24.0
920.0,195.6,823.0,48.0,25.0
920.0,195.65,817.0,48.0,25.0
920.0,195.7,811.0,48.0,26.0
920.0,195.75,805.0,49.0,26.0
920.0,195.8,799.0,49.0,27.0
920.0,195.85,793.0,49.0,27.0
920.0,195.9,788.0,49.0,28.0
920.0,195.95,782.0,50.0,28.0
920.0,196.0,777.0,50.0,28.0
920.0,196.05,786.0,50.0,28.0
920.0,196.1,794.0,50.0,28.0
920.0,196.15,803.0,50.0,27.0
920.0,196.2,812.0,50.0,27.0
920.0,196.25,820.0,50.0,26.0
920.0,196.3,829.0,50.0,26.0
920.0,196.35,837.0,50.0,25.0
920.0,196.4,846.0,50.0,25.0
920.0,196.45,854.0,50.0,25.0
920.0,196.5,862.0,50.0,24.0
920.0,196.55,864.0,50.0,24.0
920.0,196.6,867.0,50.0,25.0
920.0,196.65,870.0,50.0,25.0
920.0,196.7,873.0,50.0,25.0
920.0,196.75,876.0,50.0,26.0
920.0,196.8,878.0,51.0,26.0
920.0,196.85,881.0,51.0,26.0
920.0,196.9,884.0,51.0,26.0
920.0,196.95,887.0,51.0,27.0
920.0,197.0,890.0,51.0,27.0
920.0,197.05,893.0,51.0,27.0
920.0,197.1,896.0,51.0,27.0
920.0,197.15,899.0,52.0,28.0
920.0,197.2,902.0,52.0,28.0
920.0,197.25,905.0,52.0,28.0
920.0,197.3,908.0,52.0,28.0
920.0,197.35,911.0,52.0,28.0
920.0,197.4,913.0,53.0,29.0
920.0,197.45,916.0,53.0,29.0
920.0,197.5,919.0,53.0,29.0
920.0,197.55,921.0,53.0,29.0
920.0,197.6,924.0,54.0,29.0
920.0,197.65,926.0,54.0,30.0
920.0,197.7,928.0,55.0,30.0
920.0,197.75,930.0,55.0,30.0
920.0,197.8,932.0,56.0,30.0
920.0,197.85,935.0,56.0,31.0
920.0,197.9,937.0,56.0,31.0
920.0,197.95,939.0,57.0,31.0
920.0,198.0,941.0,57.0,31.0
920.0,198.05,942.0,58.0,31.0
920.0,198.1,943.0,58.0,31.0
920.0,198.15,943.0,59.0,30.0
920.0,198.2,944.0,59.0,30.0
920.0,198.25,945.0,60.0,30.0
920.0,198.3,945.0,60.0,30.0
920.0,198.35,946.0,61.0,29.0
920.0,198.4,947.0,61.0,29.0
920.0,198.45,949.0,61.0,29.0
920.0,198.5,950.0,61.0,29.0
920.0,198.55,950.0,61.0,29.0
920.0,198.6,950.0,61.0,29.0
920.0,198.65,950.0,61.0,29.0
920.0,198.7,950.0,61.0,29.0
920.0,198.75,950.0,61.0,29.0
920.0,198.8,950.0,61.0,29.0
920.0,198.85,950.0,61.0,29.0
920.0,198.9,950.0,61.0,29.0
920.0,198.95,950.0,61.0,29.0
920.0,199.0,950.0,61.0,29.0
920.0,199.05,950.0,61.0,29.0
920.0,199.1,950.0,61.0,29.0
920.0,199.15,950.0,61.0,29.0
920.0,199.2,950.0,61.0,29.0
920.0,199.25,950.0,61.0,29.0
920.0,199.3,950.0,61.0,29.0
920.0,199.35,950.0,61.0,29.0
920.0,199.4,950.0,61.0,29.0
920.0,199.45,950.0,61.0,29.0
920.0,199.5,950.0,61.0,29.0
920.0,199.55,950.0,61.0,29.0
920.0,199.6,950.0,61.0,29.0
920.0,199.65,950.0,61.0,29.0
920.0,199.7,950.0,61.0,29.0
920.0,199.75,950.0,61.0,29.0
920.0,199.8,950.0,61.0,29.0
920.0,199.85,950.0,61.0,29.0
920.0,199.9,950.0,61.0,29.0
920.0,199.95,950.0,61.0,29.0
920.0,200.0,950.0,61.0,29.0
920.0,200.05,950.0,61.0,29.0
920.0,200.1,950.0,61.0,29.0
920.0,200.15,950.0,61.0,29.0
920.0,200.2,950.0,61.0,29.0
920.0,200.25,950.0,61.0,29.0
920.0,200.3,950.0,61.0,29.0
920.0,200.35,950.0,61.0,29.0
920.0,200.4,950.0,61.0,29.0
920.0,200.45,950.0,61.0,29.0
920.0,200.5,950.0,61.0,29.0
930.0,189.5,841.0,35.0,7.0
930.0,189.55,841.0,35.0,7.0
930.0,189.6,841.0,35.0,7.0
930.0,189.65,841.0,35.0,7.0
930.0,189.7,841.0,35.0,7.0
930.0,189.75,841.0,35.0,7.0
930.0,189.8,841.0,35.0,7.0
930.0,189.85,841.0,35.0,7.0
930.0,189.9,841.0,35.0,7.0
930.0,189.95,841.0,35.0,7.0
930.0,190.0,841.0,35.0,7.0
930.0,190.05,841.0,35.0,7.0
930.0,190.1,841.0,35.0,7.0
930.0,190.15,841.0,35.0,7.0
930.0,190.2,841.0,35.0,7.0
930.0,190.25,841.0,35.0,7.0
930.0,190.3,841.0,35.0,7.0
930.0,190.35,841.0,35.0,7.0
930.0,190.4,841.0,35.0,7.0
930.0,190.45,841.0,35.0,7.0
930.0,190.5,841.0,35.0,7.0
930.0,190.55,841.0,35.0,7.0
930.0,190.6,841.0,35.0,7.0
930.0,190.65,841.0,35.0,7.0
930.0,190.7,841.0,35.0,7.0
930.0,190.75,841.0,35.0,7.0
930.0,190.8,841.0,35.0,7.0
930.0,190.85,841.0,35.0,7.0
930.0,190.9,841.0,35.0,7.0
930.0,190.95,841.0,35.0,7.0
930.0,191.0,841.0,35.0,7.0
930.0,191.05,841.0,35.0,7.0
930.0,191.1,841.0,35.0,7.0
930.0,191.15,841.0,35.0,7.0
930.0,191.2,841.0,35.0,7.0
930.0,191.25,841.0,35.0,7.0
930.0,191.3,841.0,35.0,7.0
930.0,191.35,841.0,35.0,7.0
930.0,191.4,841.0,35.0,7.0
930.0,191.45,841.0,35.0,7.0
930.0,191.5,841.0,35.0,7.0
930.0,191.55,839.0,35.0,8.0
930.0,191.6,837.0,34.0,8.0
930.0,191.65,836.0,34.0,9.0
930.0,191.7,834.0,34.0,9.0
930.0,191.75,833.0,34.0,10.0
930.0,191.8,831.0,34.0,10.0
930.0,191.85,829.0,34.0,11.0
930.0,191.9,828.0,34.0,11.0
930.0,191.95,826.0,34.0,11.0
930.0,192.0,825.0,34.0,12.0
930.0,192.05,824.0,33.0,12.0
930.0,192.1,823.0,33.0,13.0
930.0,192.15,822.0,33.0,13.0
930.0,192.2,822.0,33.0,13.0
930.0,192.25,821.0,33.0,14.0
930.0,192.3,820.0,33.0,14.0
930.0,192.35,820.0,32.0,15.0
930.0,192.4,819.0,32.0,15.0
930.0,192.45,818.0,32.0,15.0
930.0,192.5,818.0,32.0,16.0
930.0,192.55,815.0,32.0,16.0
930.0,192.6,813.0,33.0,16.0
930.0,192.65,811.0,33.0,16.0
930.0,192.7,808.0,33.0,16.0
930.0,192.75,806.0,33.0,17.0
930.0,192.8,804.0,34.0,17.0
930.0,192.85,802.0,34.0,17.0
930.0,192.9,799.0,34.0,17.0
930.0,192.95,798.0,35.0,17.0
930.0,193.0,796.0,35.0,18.0
930.0,193.05,796.0,35.0,17.0
930.0,193.1,796.0,36.0,17.0
930.0,193.15,796.0,37.0,17.0
930.0,193.2,795.0,38.0,17.0
930.0,193.25,795.0,38.0,17.0
930.0,193.3,795.0,39.0,17.0
930.0,193.35,794.0,40.0,17.0
930.0,193.4,794.0,41.0,16.0
930.0,193.45,794.0,42.0,16.0
930.0,193.5,793.0,42.0,16.0
930.0,193.55,794.0,42.0,16.0
930.0,193.6,795.0,42.0,17.0
930.0,193.65,796.0,43.0,17.0
930.0,193.7,797.0,43.0,17.0
930.0,193.75,798.0,43.0,17.0
930.0,193.8,799.0,43.0,18.0
930.0,193.85,800.0,43.0,18.0
930.0,193.9,801.0,43.0,18.0
930.0,193.95,802.0,43.0,18.0
930.0,194.0,803.0,43.0,19.0
930.0,194.05,805.0,43.0,19.0
930.0,194.1,807.0,43.0,19.0
930.0,194.15,809.0,43.0,20.0
930.0,194.2,811.0,43.0,20.0
930.0,194.25,813.0,42.0,20.0
930.0,194.3,815.0,42.0,20.0
930.0,194.35,817.0,42.0,21.0
930.0,194.4,818.0,42.0,21.0
930.0,194.45,820.0,42.0,21.0
930.0,194.5,822.0,42.0,21.0
930.0,194.55,823.0,42.0,22.0
930.0,194.6,825.0,42.0,22.0
930.0,194.65,827.0,42.0,22.0
930.0,194.7,829.0,42.0,22.0
930.0,194.75,831.0,42.0,22.0
930.0,194.8,833.0,43.0,23.0
930.0,194.85,835.0,43.0,23.0
930.0,194.9,837.0,43.0,23.0
930.0,194.95,839.0,43.0,23.0
930.0,195.0,841.0,43.0,24.0
930.0,195.05,842.0,44.0,24.0
930.0,195.1,842.0,45.0,24.0
930.0,195.15,842.0,45.0,24.0
930.0,195.2,842.0,45.0,24.0
930.0,195.25,842.0,46.0,24.0
930.0,195.3,842.0,46.0,24.0
930.0,195.35,842.0,46.0,24.0
930.0,195.4,842.0,47.0,24.0
930.0,195.45,842.0,47.0,24.0
930.0,195.5,842.0,47.0,24.0
930.0,195.55,836.0,48.0,24.0
930.0,195.6,830.0,48.0,25.0
930.0,195.65,824.0,48.0,25.0
930.0,195.7,818.0,48.0,26.0
930.0,195.75,812.0,49.0,26.0
930.0,195.8,806.0,49.0,27.0
930.0,195.85,800.0,49.0,27.0
930.0,195.9,794.0,50.0,28.0
930.0,195.95,789.0,50.0,28.0
930.0,196.0,784.0,50.0,29.0
930.0,196.05,792.0,50.0,28.0
930.0,196.1,801.0,50.0,28.0
930.0,196.15,810.0,50.0,27.0
930.0,196.2,818.0,50.0,27.0
930.0,196.25,827.0,50.0,26.0
930.0,196.3,835.0,50.0,26.0
930.0,196.35,844.0,50.0,25.0
930.0,196.4,852.0,50.0,25.0
930.0,196.45,860.0,50.0,25.0
930.0,196.5,868.0,50.0,24.0
930.0,196.55,871.0,50.0,25.0
930.0,196.6,874.0,50.0,25.0
930.0,196.65,877.0,50.0,25.0
930.0,196.7,880.0,50.0,25.0
930.0,196.75,882.0,51.0,26.0
930.0,196.8,885.0,51.0,26.0
930.0,196.85,888.0,51.0,26.0
930.0,196.9,891.0,51.0,26.0
930.0,196.95,894.0,51.0,27.0
930.0,197.0,896.0,51.0,27.0
930.0,197.05,899.0,51.0,27.0
930.0,197.1,902.0,52.0,27.0
930.0,197.15,905.0,52.0,28.0
930.0,197.2,908.0,52.0,28.0
930.0,197.25,911.0,52.0,28.0
930.0,197.3,914.0,52.0,28.0
930.0,197.35,917.0,52.0,29.0
930.0,197.4,920.0,53.0,29.0
930.0,197.45,923.0,53.0,29.0
930.0,197.5,926.0,53.0,29.0
930.0,197.55,928.0,53.0,29.0
930.0,197.6,931.0,54.0,30.0
930.0,197.65,933.0,54.0,30.0
930.0,197.7,935.0,55.0,30.0
930.0,197.75,937.0,55.0,30.0
930.0,197.8,939.0,56.0,30.0
930.0,197.85,942.0,56.0,31.0
930.0,197.9,944.0,57.0,31.0
930.0,197.95,946.0,57.0,31.0
930.0,198.0,948.0,57.0,31.0
930.0,198.05,949.0,58.0,31.0
930.0,198.1,950.0,58.0,31.0
930.0,198.15,950.0,59.0,30.0
930.0,198.2,951.0,59.0,30.0
930.0,198.25,952.0,60.0,30.0
930.0,198.3,952.0,60.0,30.0
930.0,198.35,953.0,61.0,29.0
930.0,198.4,954.0,61.0,29.0
930.0,198.45,955.0,61.0,29.0
930.0,198.5,957.0,61.0,29.0
930.0,198.55,957.0,61.0,29.0
930.0,198.6,957.0,61.0,29.0
930.0,198.65,957.0,61.0,29.0
930.0,198.7,957.0,61.0,29.0
930.0,198.75,957.0,61.0,29.0
930.0,198.8,957.0,61.0,29.0
930.0,198.85,957.0,61.0,29.0
930.0,198.9,957.0,61.0,29.0
930.0,198.95,957.0,61.0,29.0
930.0,199.0,957.0,61.0,29.0
930.0,199.05,957.0,61.0,29.0
930.0,199.1,957.0,61.0,29.0
930.0,199.15,957.0,61.0,29.0
930.0,199.2,957.0,61.0,29.0
930.0,199.25,957.0,61.0,29.0
930.0,199.3,957.0,61.0,29.0
930.0,199.35,957.0,61.0,29.0
930.0,199.4,957.0,61.0,29.0
930.0,199.45,957.0,61.0,29.0
930.0,199.5,957.0,61.0,29.0
930.0,199.55,957.0,61.0,29.0
930.0,199.6,957.0,61.0,29.0
930.0,199.65,957.0,61.0,29.0
930.0,199.7,957.0,61.0,29.0
930.0,199.75,957.0,61.0,29.0
930.0,199.8,957.0,61.0,29.0
930.0,199.85,957.0,61.0,29.0
930.0,199.9,957.0,61.0,29.0
930.0,199.95,957.0,61.0,29.0
930.0,200.0,957.0,61.0,29.0
930.0,200.05,957.0,61.0,29.0
930.0,200.1,957.0,61.0,29.0
930.0,200.15,957.0,61.0,29.0
930.0,200.2,957.0,61.0,29.0
930.0,200.25,957.0,61.0,29.0
930.0,200.3,957.0,61.0,29.0
930.0,200.35,957.0,61.0,29.0
930.0,200.4,957.0,61.0,29.0
930.0,200.45,957.0,61.0,29.0
930.0,200.5,957.0,61.0,29.0
940.0,189.5,848.0,35.0,7.0
940.0,189.55,848.0,35.0,7.0
940.0,189.6,848.0,35.0,7.0
940.0,189.65,848.0,35.0,7.0
940.0,189.7,848.0,35.0,7.0
940.0,189.75,848.0,35.0,7.0
940.0,189.8,848.0,35.0,7.0
940.0,189.85,848.0,35.0,7.0
940.0,189.9,848.0,35.0,7.0
940.0,189.95,848.0,35.0,7.0
940.0,190.0,848.0,35.0,7.0
940.0,190.05,848.0,35.0,7.0
940.0,190.1,848.0,35.0,7.0
940.0,190.15,848.0,35.0,7.0
940.0,190.2,848.0,35.0,7.0
940.0,190.25,848.0,35.0,7.0
940.0,190.3,848.0,35.0,7.0
940.0,190.35,848.0,35.0,7.0
940.0,190.4,848.0,35.0,7.0
940.0,190.45,848.0,35.0,7.0
940.0,190.5,848.0,35.0,7.0
940.0,190.55,848.0,35.0,7.0
940.0,190.6,848.0,35.0,7.0
940.0,190.65,848.0,35.0,7.0
940.0,190.7,848.0,35.0,7.0
940.0,190.75,848.0,35.0,7.0
940.0,190.8,848.0,35.0,7.0
940.0,190.85,848.0,35.0,7.0
940.0,190.9,848.0,35.0,7.0
940.0,190.95,848.0,35.0,7.0
940.0,191.0,848.0,35.0,7.0
940.0,191.05,848.0,35.0,7.0
940.0,191.1,848.0,35.0,7.0
940.0,191.15,848.0,35.0,7.0
940.0,191.2,848.0,35.0,7.0
940.0,191.25,848.0,35.0,7.0
940.0,191.3,848.0,35.0,7.0
940.0,191.35,848.0,35.0,7.0
940.0,191.4,848.0,35.0,7.0
940.0,191.45,848.0,35.0,7.0
940.0,191.5,848.0,35.0,7.0
940.0,191.55,846.0,35.0,8.0
940.0,191.6,845.0,35.0,8.0
940.0,191.65,843.0,34.0,9.0
940.0,191.7,841.0,34.0,9.0
940.0,191.75,840.0,34.0,10.0
940.0,191.8,838.0,34.0,10.0
940.0,191.85,837.0,34.0,11.0
940.0,191.9,835.0,34.0,11.0
940.0,191.95,833.0,34.0,11.0
940.0,192.0,832.0,34.0,12.0
940.0,192.05,831.0,33.0,12.0
940.0,192.1,830.0,33.0,13.0
940.0,192.15,830.0,33.0,13.0
940.0,192.2,829.0,33.0,13.0
940.0,192.25,828.0,33.0,14.0
940.0,192.3,828.0,33.0,14.0
940.0,192.35,827.0,32.0,15.0
940.0,192.4,826.0,32.0,15.0
940.0,192.45,826.0,32.0,15.0
940.0,192.5,825.0,32.0,16.0
940.0,192.55,822.0,32.0,16.0
940.0,192.6,820.0,33.0,16.0
940.0,192.65,818.0,33.0,16.0
940.0,192.7,816.0,33.0,16.0
940.0,192.75,813.0,34.0,17.0
940.0,192.8,811.0,34.0,17.0
940.0,192.85,809.0,34.0,17.0
940.0,192.9,806.0,34.0,17.0
940.0,192.95,805.0,35.0,17.0
940.0,193.0,803.0,35.0,18.0
940.0,193.05,803.0,36.0,18.0
940.0,193.1,803.0,36.0,17.0
940.0,193.15,802.0,37.0,17.0
940.0,193.2,802.0,38.0,17.0
940.0,193.25,802.0,39.0,17.0
940.0,193.3,802.0,39.0,17.0
940.0,193.35,801.0,40.0,17.0
940.0,193.4,801.0,41.0,16.0
940.0,193.45,801.0,42.0,16.0
940.0,193.5,800.0,43.0,16.0
940.0,193.55,801.0,43.0,16.0
940.0,193.6,802.0,43.0,17.0
940.0,193.65,803.0,43.0,17.0
940.0,193.7,804.0,43.0,17.0
940.0,193.75,805.0,43.0,17.0
940.0,193.8,806.0,43.0,18.0
940.0,193.85,807.0,43.0,18.0
940.0,193.9,808.0,43.0,18.0
940.0,193.95,809.0,43.0,18.0
940.0,194.0,810.0,43.0,19.0
940.0,194.05,812.0,43.0,19.0
940.0,194.1,814.0,43.0,19.0
940.0,194.15,816.0,43.0,20.0
940.0,194.2,818.0,43.0,20.0
940.0,194.25,820.0,43.0,20.0
940.0,194.3,822.0,43.0,20.0
940.0,194.35,823.0,42.0,21.0
940.0,194.4,825.0,42.0,21.0
940.0,194.45,827.0,42.0,21.0
940.0,194.5,829.0,42.0,22.0
940.0,194.55,831.0,42.0,22.0
940.0,194.6,832.0,42.0,22.0
940.0,194.65,834.0,42.0,22.0
940.0,194.7,836.0,43.0,22.0
940.0,194.75,838.0,43.0,23.0
940.0,194.8,840.0,43.0,23.0
940.0,194.85,842.0,43.0,23.0
940.0,194.9,844.0,43.0,23.0
940.0,194.95,846.0,43.0,23.0
940.0,195.0,848.0,44.0,24.0
940.0,195.05,849.0,44.0,24.0
940.0,195.1,849.0,45.0,24.0
940.0,195.15,849.0,45.0,24.0
940.0,195.2,849.0,45.0,24.0
940.0,195.25,849.0,46.0,24.0
940.0,195.3,849.0,46.0,24.0
940.0,195.35,849.0,46.0,24.0
940.0,195.4,849.0,47.0,24.0
940.0,195.45,849.0,47.0,24.0
940.0,195.5,849.0,47.0,24.0
940.0,195.55,843.0,48.0,25.0
940.0,195.6,837.0,48.0,25.0
940.0,195.65,831.0,48.0,25.0
940.0,195.7,825.0,49.0,26.0
940.0,195.75,819.0,49.0,26.0
940.0,195.8,813.0,49.0,27.0
940.0,195.85,807.0,49.0,27.0
940.0,195.9,801.0,50.0,28.0
940.0,195.95,796.0,50.0,28.0
940.0,196.0,791.0,50.0,29.0
940.0,196.05,799.0,50.0,28.0
940.0,196.1,808.0,50.0,28.0
940.0,196.15,816.0,50.0,27.0
940.0,196.2,825.0,50.0,27.0
940.0,196.25,834.0,50.0,26.0
940.0,196.3,842.0,50.0,26.0
940.0,196.35,851.0,50.0,26.0
940.0,196.4,859.0,50.0,25.0
940.0,196.45,867.0,50.0,25.0
940.0,196.5,875.0,50.0,24.0
940.0,196.55,878.0,50.0,25.0
940.0,196.6,881.0,50.0,25.0
940.0,196.65,884.0,50.0,25.0
940.0,196.7,887.0,51.0,25.0
940.0,196.75,889.0,51.0,26.0
940.0,196.8,892.0,51.0,26.0
940.0,196.85,895.0,51.0,26.0
940.0,196.9,898.0,51.0,27.0
940.0,196.95,901.0,51.0,27.0
940.0,197.0,903.0,51.0,27.0
940.0,197.05,906.0,51.0,27.0
940.0,197.1,909.0,52.0,28.0
940.0,197.15,912.0,52.0,28.0
940.0,197.2,915.0,52.0,28.0
940.0,197.25,918.0,52.0,28.0
940.0,197.3,921.0,52.0,28.0
940.0,197.35,924.0,53.0,29.0
940.0,197.4,927.0,53.0,29.0
940.0,197.45,930.0,53.0,29.0
940.0,197.5,933.0,53.0,29.0
940.0,197.55,935.0,54.0,29.0
940.0,197.6,938.0,54.0,30.0
940.0,197.65,940.0,54.0,30.0
940.0,197.7,942.0,55.0,30.0
940.0,197.75,944.0,55.0,30.0
940.0,197.8,946.0,56.0,31.0
940.0,197.85,949.0,56.0,31.0
940.0,197.9,951.0,57.0,31.0
940.0,197.95,953.0,57.0,31.0
940.0,198.0,955.0,58.0,31.0
940.0,198.05,956.0,58.0,31.0
940.0,198.1,957.0,59.0,31.0
940.0,198.15,957.0,59.0,31.0
940.0,198.2,958.0,59.0,30.0
940.0,198.25,959.0,60.0,30.0
940.0,198.3,959.0,60.0,30.0
940.0,198.35,960.0,61.0,29.0
940.0,198.4,961.0,61.0,29.0
940.0,198.45,962.0,61.0,29.0
940.0,198.5,963.0,61.0,29.0
940.0,198.55,963.0,61.0,29.0
940.0,198.6,963.0,61.0,29.0
940.0,198.65,963.0,61.0,29.0
940.0,198.7,963.0,61.0,29.0
940.0,198.75,963.0,61.0,29.0
940.0,198.8,963.0,61.0,29.0
940.0,198.85,963.0,61.0,29.0
940.0,198.9,963.0,61.0,29.0
940.0,198.95,963.0,61.0,29.0
940.0,199.0,963.0,61.0,29.0
940.0,199.05,963.0,61.0,29.0
940.0,199.1,963.0,61.0,29.0
940.0,199.15,963.0,61.0,29.0
940.0,199.2,963.0,61.0,29.0
940.0,199.25,963.0,61.0,29.0
940.0,199.3,963.0,61.0,29.0
940.0,199.35,963.0,61.0,29.0
940.0,199.4,963.0,61.0,29.0
940.0,199.45,963.0,61.0,29.0
940.0,199.5,963.0,61.0,29.0
940.0,199.55,963.0,61.0,29.0
940.0,199.6,963.0,61.0,29.0
940.0,199.65,963.0,61.0,29.0
940.0,199.7,963.0,61.0,29.0
940.0,199.75,963.0,61.0,29.0
940.0,199.8,963.0,61.0,29.0
940.0,199.85,963.0,61.0,29.0
940.0,199.9,963.0,61.0,29.0
940.0,199.95,963.0,61.0,29.0
940.0,200.0,963.0,61.0,29.0
940.0,200.05,963.0,61.0,29.0
940.0,200.1,963.0,61.0,29.0
940.0,200.15,963.0,61.0,29.0
940.0,200.2,963.0,61.0,29.0
940.0,200.25,963.0,61.0,29.0
940.0,200.3,963.0,61.0,29.0
940.0,200.35,963.0,61.0,29.0
940.0,200.4,963.0,61.0,29.0
940.0,200.45,963.0,61.0,29.0
940.0,200.5,963.0,61.0,29.0
950.0,189.5,855.0,35.0,7.0
950.0,189.55,855.0,35.0,7.0
950.0,189.6,855.0,35.0,7.0
950.0,189.65,855.0,35.0,7.0
950.0,189.7,855.0,35.0,7.0
950.0,189.75,855.0,35.0,7.0
950.0,189.8,855.0,35.0,7.0
950.0,189.85,855.0,35.0,7.0
950.0,189.9,855.0,35.0,7.0
950.0,189.95,855.0,35.0,7.0
950.0,190.0,855.0,35.0,7.0
950.0,190.05,855.0,35.0,7.0
950.0,190.1,855.0,35.0,7.0
950.0,190.15,855.0,35.0,7.0
950.0,190.2,855.0,35.0,7.0
950.0,190.25,855.0,35.0,7.0
950.0,190.3,855.0,35.0,7.0
950.0,190.35,855.0,35.0,7.0
950.0,190.4,855.0,35.0,7.0
950.0,190.45,855.0,35.0,7.0
950.0,190.5,855.0,35.0,7.0
950.0,190.55,855.0,35.0,7.0
950.0,190.6,855.0,35.0,7.0
950.0,190.65,855.0,35.0,7.0
950.0,190.7,855.0,35.0,7.0
950.0,190.75,855.0,35.0,7.0
950.0,190.8,855.0,35.0,7.0
950.0,190.85,855.0,35.0,7.0
950.0,190.9,855.0,35.0,7.0
950.0,190.95,855.0,35.0,7.0
950.0,191.0,855.0,35.0,7.0
950.0,191.05,855.0,35.0,7.0
950.0,191.1,855.0,35.0,7.0
950.0,191.15,855.0,35.0,7.0
950.0,191.2,855.0,35.0,7.0
950.0,191.25,855.0,35.0,7.0
950.0,191.3,855.0,35.0,7.0
950.0,191.35,855.0,35.0,7.0
950.0,191.4,855.0,35.0,7.0
950.0,191.45,855.0,35.0,7.0
950.0,191.5,855.0,35.0,7.0
950.0,191.55,853.0,35.0,8.0
950.0,191.6,852.0,35.0,8.0
950.0,191.65,850.0,35.0,9.0
950.0,191.7,849.0,34.0,9.0
950.0,191.75,847.0,34.0,10.0
950.0,191.8,845.0,34.0,10.0
950.0,191.85,844.0,34.0,11.0
950.0,191.9,842.0,34.0,11.0
950.0,191.95,841.0,34.0,12.0
950.0,192.0,839.0,34.0,12.0
950.0,192.05,838.0,34.0,12.0
950.0,192.1,838.0,33.0,13.0
950.0,192.15,837.0,33.0,13.0
950.0,192.2,836.0,33.0,13.0
950.0,192.25,836.0,33.0,14.0
950.0,192.3,835.0,33.0,14.0
950.0,192.35,834.0,33.0,15.0
950.0,192.4,833.0,32.0,15.0
950.0,192.45,833.0,32.0,15.0
950.0,192.5,832.0,32.0,16.0
950.0,192.55,830.0,32.0,16.0
950.0,192.6,827.0,33.0,16.0
950.0,192.65,825.0,33.0,16.0
950.0,192.7,823.0,33.0,17.0
950.0,192.75,820.0,34.0,17.0
950.0,192.8,818.0,34.0,17.0
950.0,192.85,816.0,34.0,17.0
950.0,192.9,814.0,34.0,17.0
950.0,192.95,812.0,35.0,18.0
950.0,193.0,810.0,35.0,18.0
950.0,193.05,810.0,36.0,18.0
950.0,193.1,810.0,36.0,17.0
950.0,193.15,809.0,37.0,17.0
950.0,193.2,809.0,38.0,17.0
950.0,193.25,809.0,39.0,17.0
950.0,193.3,809.0,40.0,17.0
950.0,193.35,808.0,40.0,17.0
950.0,193.4,808.0,41.0,17.0
950.0,193.45,808.0,42.0,16.0
950.0,193.5,807.0,43.0,16.0
950.0,193.55,808.0,43.0,16.0
950.0,193.6,809.0,43.0,17.0
950.0,193.65,810.0,43.0,17.0
950.0,193.7,811.0,43.0,17.0
950.0,193.75,812.0,43.0,18.0
950.0,193.8,813.0,43.0,18.0
950.0,193.85,814.0,43.0,18.0
950.0,193.9,815.0,43.0,18.0
950.0,193.95,816.0,43.0,19.0
950.0,194.0,817.0,43.0,19.0
950.0,194.05,819.0,43.0,19.0
950.0,194.1,821.0,43.0,19.0
950.0,194.15,823.0,43.0,20.0
950.0,194.2,825.0,43.0,20.0
950.0,194.25,827.0,43.0,20.0
950.0,194.3,829.0,43.0,21.0
950.0,194.35,830.0,43.0,21.0
950.0,194.4,832.0,43.0,21.0
950.0,194.45,834.0,43.0,21.0
950.0,194.5,836.0,43.0,22.0
950.0,194.55,838.0,42.0,22.0
950.0,194.6,839.0,42.0,22.0
950.0,194.65,841.0,43.0,22.0
950.0,194.7,843.0,43.0,22.0
950.0,194.75,845.0,43.0,23.0
950.0,194.8,847.0,43.0,23.0
950.0,194.85,849.0,43.0,23.0
950.0,194.9,851.0,43.0,23.0
950.0,194.95,853.0,44.0,24.0
950.0,195.0,855.0,44.0,24.0
950.0,195.05,856.0,44.0,24.0
950.0,195.1,856.0,45.0,24.0
950.0,195.15,856.0,45.0,24.0
950.0,195.2,856.0,46.0,24.0
950.0,195.25,856.0,46.0,24.0
950.0,195.3,856.0,46.0,24.0
950.0,195.35,856.0,47.0,24.0
950.0,195.4,856.0,47.0,24.0
950.0,195.45,856.0,47.0,24.0
950.0,195.5,856.0,48.0,24.0
950.0,195.55,850.0,48.0,25.0
950.0,195.6,844.0,48.0,25.0
950.0,195.65,838.0,48.0,26.0
950.0,195.7,832.0,49.0,26.0
950.0,195.75,826.0,49.0,26.0
950.0,195.8,820.0,49.0,27.0
950.0,195.85,814.0,50.0,27.0
950.0,195.9,808.0,50.0,28.0
950.0,195.95,803.0,50.0,28.0
950.0,196.0,797.0,50.0,29.0
950.0,196.05,806.0,50.0,28.0
950.0,196.1,815.0,50.0,28.0
950.0,196.15,823.0,50.0,27.0
950.0,196.2,832.0,50.0,27.0
950.0,196.25,840.0,50.0,27.0
950.0,196.3,849.0,50.0,26.0
950.0,196.35,858.0,50.0,26.0
950.0,196.4,866.0,50.0,25.0
950.0,196.45,874.0,50.0,25.0
950.0,196.5,882.0,50.0,24.0
950.0,196.55,885.0,50.0,25.0
950.0,196.6,888.0,50.0,25.0
950.0,196.65,891.0,51.0,25.0
950.0,196.7,894.0,51.0,25.0
950.0,196.75,896.0,51.0,26.0
950.0,196.8,899.0,51.0,26.0
950.0,196.85,902.0,51.0,26.0
950.0,196.9,905.0,51.0,27.0
950.0,196.95,908.0,51.0,27.0
950.0,197.0,910.0,51.0,27.0
950.0,197.05,913.0,52.0,27.0
950.0,197.1,916.0,52.0,28.0
950.0,197.15,919.0,52.0,28.0
950.0,197.2,922.0,52.0,28.0
950.0,197.25,925.0,52.0,28.0
950.0,197.3,928.0,53.0,29.0
950.0,197.35,931.0,53.0,29.0
950.0,197.4,934.0,53.0,29.0
950.0,197.45,937.0,53.0,29.0
950.0,197.5,940.0,53.0,29.0
950.0,197.55,942.0,54.0,30.0
950.0,197.6,945.0,54.0,30.0
950.0,197.65,947.0,55.0,30.0
950.0,197.7,949.0,55.0,30.0
950.0,197.75,951.0,55.0,30.0
950.0,197.8,953.0,56.0,31.0
950.0,197.85,956.0,56.0,31.0
950.0,197.9,958.0,57.0,31.0
950.0,197.95,960.0,57.0,31.0
950.0,198.0,962.0,58.0,31.0
950.0,198.05,963.0,58.0,31.0
950.0,198.1,964.0,59.0,31.0
950.0,198.15,964.0,59.0,31.0
950.0,198.2,965.0,60.0,30.0
950.0,198.25,966.0,60.0,30.0
950.0,198.3,966.0,61.0,30.0
950.0,198.35,967.0,61.0,30.0
950.0,198.4,968.0,61.0,29.0
950.0,198.45,969.0,62.0,29.0
950.0,198.5,970.0,62.0,29.0
950.0,198.55,970.0,62.0,29.0
950.0,198.6,970.0,62.0,29.0
950.0,198.65,970.0,62.0,29.0
950.0,198.7,970.0,62.0,29.0
950.0,198.75,970.0,62.0,29.0
950.0,198.8,970.0,62.0,29.0
950.0,198.85,970.0,62.0,29.0
950.0,198.9,970.0,62.0,29.0
950.0,198.95,970.0,62.0,29.0
950.0,199.0,970.0,62.0,29.0
950.0,199.05,970.0,62.0,29.0
950.0,199.1,970.0,62.0,29.0
950.0,199.15,970.0,62.0,29.0
950.0,199.2,970.0,62.0,29.0
950.0,199.25,970.0,62.0,29.0
950.0,199.3,970.0,62.0,29.0
950.0,199.35,970.0,62.0,29.0
950.0,199.4,970.0,62.0,29.0
950.0,199.45,970.0,62.0,29.0
950.0,199.5,970.0,62.0,29.0
950.0,199.55,970.0,62.0,29.0
950.0,199.6,970.0,62.0,29.0
950.0,199.65,970.0,62.0,29.0
950.0,199.7,970.0,62.0,29.0
950.0,199.75,970.0,62.0,29.0
950.0,199.8,970.0,62.0,29.0
950.0,199.85,970.0,62.0,29.0
950.0,199.9,970.0,62.0,29.0
950.0,199.95,970.0,62.0,29.0
950.0,200.0,970.0,62.0,29.0
950.0,200.05,970.0,62.0,29.0
950.0,200.1,970.0,62.0,29.0
950.0,200.15,970.0,62.0,29.0
950.0,200.2,970.0,62.0,29.0
950.0,200.25,970.0,62.0,29.0
950.0,200.3,970.0,62.0,29.0
950.0,200.35,970.0,62.0,29.0
950.0,200.4,970.0,62.0,29.0
950.0,200.45,970.0,62.0,29.0
950.0,200.5,970.0,62.0,29.0
960.0,189.5,862.0,35.0,7.0
960.0,189.55,862.0,35.0,7.0
960.0,189.6,862.0,35.0,7.0
960.0,189.65,862.0,35.0,7.0
960.0,189.7,862.0,35.0,7.0
960.0,189.75,862.0,35.0,7.0
960.0,189.8,862.0,35.0,7.0
960.0,189.85,862.0,35.0,7.0
960.0,189.9,862.0,35.0,7.0
960.0,189.95,862.0,35.0,7.0
960.0,190.0,862.0,35.0,7.0
960.0,190.05,862.0,35.0,7.0
960.0,190.1,862.0,35.0,7.0
960.0,190.15,862.0,35.0,7.0
960.0,190.2,862.0,35.0,7.0
960.0,190.25,862.0,35.0,7.0
960.0,190.3,862.0,35.0,7.0
960.0,190.35,862.0,35.0,7.0
960.0,190.4,862.0,35.0,7.0
960.0,190.45,862.0,35.0,7.0
960.0,190.5,862.0,35.0,7.0
960.0,190.55,862.0,35.0,7.0
960.0,190.6,862.0,35.0,7.0
960.0,190.65,862.0,35.0,7.0
960.0,190.7,862.0,35.0,7.0
960.0,190.75,862.0,35.0,7.0
960.0,190.8,862.0,35.0,7.0
960.0,190.85,862.0,35.0,7.0
960.0,190.9,862.0,35.0,7.0
960.0,190.95,862.0,35.0,7.0
960.0,191.0,862.0,35.0,7.0
960.0,191.05,862.0,35.0,7.0
960.0,191.1,862.0,35.0,7.0
960.0,191.15,862.0,35.0,7.0
960.0,191.2,862.0,35.0,7.0
960.0,191.25,862.0,35.0,7.0
960.0,191.3,862.0,35.0,7.0
960.0,191.35,862.0,35.0,7.0
960.0,191.4,862.0,35.0,7.0
960.0,191.45,862.0,35.0,7.0
960.0,191.5,862.0,35.0,7.0
960.0,191.55,861.0,35.0,8.0
960.0,191.6,859.0,35.0,8.0
960.0,191.65,857.0,35.0,9.0
960.0,191.7,856.0,35.0,9.0
960.0,191.75,854.0,34.0,10.0
960.0,191.8,853.0,34.0,10.0
960.0,191.85,851.0,34.0,11.0
960.0,191.9,849.0,34.0,11.0
960.0,191.95,848.0,34.0,12.0
960.0,192.0,846.0,34.0,12.0
960.0,192.05,845.0,34.0,12.0
960.0,192.1,845.0,34.0,13.0
960.0,192.15,844.0,33.0,13.0
960.0,192.2,843.0,33.0,14.0
960.0,192.25,843.0,33.0,14.0
960.0,192.3,842.0,33.0,14.0
960.0,192.35,841.0,33.0,15.0
960.0,192.4,841.0,33.0,15.0
960.0,192.45,840.0,32.0,15.0
960.0,192.5,839.0,32.0,16.0
960.0,192.55,837.0,33.0,16.0
960.0,192.6,835.0,33.0,16.0
960.0,192.65,832.0,33.0,16.0
960.0,192.7,830.0,33.0,17.0
960.0,192.75,828.0,34.0,17.0
960.0,192.8,825.0,34.0,17.0
960.0,192.85,823.0,34.0,17.0
960.0,192.9,821.0,35.0,17.0
960.0,192.95,819.0,35.0,18.0
960.0,193.0,817.0,35.0,18.0
960.0,193.05,817.0,36.0,18.0
960.0,193.1,817.0,37.0,18.0
960.0,193.15,816.0,37.0,17.0
960.0,193.2,816.0,38.0,17.0
960.0,193.25,816.0,39.0,17.0
960.0,193.3,815.0,40.0,17.0
960.0,193.35,815.0,40.0,17.0
960.0,193.4,815.0,41.0,17.0
960.0,193.45,815.0,42.0,16.0
960.0,193.5,814.0,43.0,16.0
960.0,193.55,815.0,43.0,17.0
960.0,193.6,816.0,43.0,17.0
960.0,193.65,817.0,43.0,17.0
960.0,193.7,818.0,43.0,17.0
960.0,193.75,819.0,43.0,18.0
960.0,193.8,820.0,43.0,18.0
960.0,193.85,821.0,43.0,18.0
960.0,193.9,822.0,43.0,18.0
960.0,193.95,823.0,43.0,19.0
960.0,194.0,824.0,43.0,19.0
960.0,194.05,826.0,43.0,19.0
960.0,194.1,828.0,43.0,19.0
960.0,194.15,830.0,43.0,20.0
960.0,194.2,832.0,43.0,20.0
960.0,194.25,834.0,43.0,20.0
960.0,194.3,836.0,43.0,21.0
960.0,194.35,837.0,43.0,21.0
960.0,194.4,839.0,43.0,21.0
960.0,194.45,841.0,43.0,21.0
960.0,194.5,843.0,43.0,22.0
960.0,194.55,845.0,43.0,22.0
960.0,194.6,846.0,43.0,22.0
960.0,194.65,848.0,43.0,22.0
960.0,194.7,850.0,43.0,23.0
960.0,194.75,852.0,43.0,23.0
960.0,194.8,854.0,43.0,23.0
960.0,194.85,856.0,43.0,23.0
960.0,194.9,858.0,44.0,23.0
960.0,194.95,860.0,44.0,24.0
960.0,195.0,862.0,44.0,24.0
960.0,195.05,863.0,45.0,24.0
960.0,195.1,863.0,45.0,24.0
960.0,195.15,863.0,45.0,24.0
960.0,195.2,863.0,46.0,24.0
960.0,195.25,863.0,46.0,24.0
960.0,195.3,863.0,46.0,24.0
960.0,195.35,863.0,47.0,24.0
960.0,195.4,863.0,47.0,24.0
960.0,195.45,863.0,47.0,24.0
960.0,195.5,863.0,48.0,24.0
960.0,195.55,857.0,48.0,25.0
960.0,195.6,851.0,48.0,25.0
960.0,195.65,845.0,49.0,26.0
960.0,195.7,839.0,49.0,26.0
960.0,195.75,833.0,49.0,27.0
960.0,195.8,827.0,49.0,27.0
960.0,195.85,821.0,50.0,27.0
960.0,195.9,815.0,50.0,28.0
960.0,195.95,809.0,50.0,28.0
960.0,196.0,804.0,50.0,29.0
960.0,196.05,813.0,50.0,28.0
960.0,196.1,821.0,50.0,28.0
960.0,196.15,830.0,50.0,27.0
960.0,196.2,838.0,50.0,27.0
960.0,196.25,847.0,50.0,27.0
960.0,196.3,856.0,50.0,26.0
960.0,196.35,864.0,50.0,26.0
960.0,196.4,873.0,50.0,25.0
960.0,196.45,881.0,50.0,25.0
960.0,196.5,889.0,50.0,24.0
960.0,196.55,892.0,50.0,25.0
960.0,196.6,895.0,51.0,25.0
960.0,196.65,898.0,51.0,25.0
960.0,196.7,900.0,51.0,26.0
960.0,196.75,903.0,51.0,26.0
960.0,196.8,906.0,51.0,26.0
960.0,196.85,909.0,51.0,26.0
960.0,196.9,912.0,51.0,27.0
960.0,196.95,914.0,51.0,27.0
960.0,197.0,917.0,52.0,27.0
960.0,197.05,920.0,52.0,28.0
960.0,197.1,923.0,52.0,28.0
960.0,197.15,926.0,52.0,28.0
960.0,197.2,929.0,52.0,28.0
960.0,197.25,932.0,52.0,28.0
960.0,197.3,935.0,53.0,29.0
960.0,197.35,938.0,53.0,29.0
960.0,197.4,941.0,53.0,29.0
960.0,197.45,944.0,53.0,29.0
960.0,197.5,947.0,53.0,29.0
960.0,197.55,949.0,54.0,30.0
960.0,197.6,952.0,54.0,30.0
960.0,197.65,954.0,55.0,30.0
960.0,197.7,956.0,55.0,30.0
960.0,197.75,958.0,56.0,30.0
960.0,197.8,960.0,56.0,31.0
960.0,197.85,963.0,57.0,31.0
960.0,197.9,965.0,57.0,31.0
960.0,197.95,967.0,57.0,31.0
960.0,198.0,969.0,58.0,32.0
960.0,198.05,970.0,58.0,31.0
960.0,198.1,971.0,59.0,31.0
960.0,198.15,971.0,59.0,31.0
960.0,198.2,972.0,60.0,30.0
960.0,198.25,973.0,60.0,30.0
960.0,198.3,973.0,61.0,30.0
960.0,198.35,974.0,61.0,30.0
960.0,198.4,975.0,62.0,29.0
960.0,198.45,976.0,62.0,29.0
960.0,198.5,977.0,62.0,29.0
960.0,198.55,977.0,62.0,29.0
960.0,198.6,977.0,62.0,29.0
960.0,198.65,977.0,62.0,29.0
960.0,198.7,977.0,62.0,29.0
960.0,198.75,977.0,62.0,29.0
960.0,198.8,977.0,62.0,29.0
960.0,198.85,977.0,62.0,29.0
960.0,198.9,977.0,62.0,29.0
960.0,198.95,977.0,62.0,29.0
960.0,199.0,977.0,62.0,29.0
960.0,199.05,977.0,62.0,29.0
960.0,199.1,977.0,62.0,29.0
960.0,199.15,977.0,62.0,29.0
960.0,199.2,977.0,62.0,29.0
960.0,199.25,977.0,62.0,29.0
960.0,199.3,977.0,62.0,29.0
960.0,199.35,977.0,62.0,29.0
960.0,199.4,977.0,62.0,29.0
960.0,199.45,977.0,62.0,29.0
960.0,199.5,977.0,62.0,29.0
960.0,199.55,977.0,62.0,29.0
960.0,199.6,977.0,62.0,29.0
960.0,199.65,977.0,62.0,29.0
960.0,199.7,977.0,62.0,29.0
960.0,199.75,977.0,62.0,29.0
960.0,199.8,977.0,62.0,29.0
960.0,199.85,977.0,62.0,29.0
960.0,199.9,977.0,62.0,29.0
960.0,199.95,977.0,62.0,29.0
960.0,200.0,977.0,62.0,29.0
960.0,200.05,977.0,62.0,29.0
960.0,200.1,977.0,62.0,29.0
960.0,200.15,977.0,62.0,29.0
960.0,200.2,977.0,62.0,29.0
960.0,200.25,977.0,62.0,29.0
960.0,200.3,977.0,62.0,29.0
960.0,200.35,977.0,62.0,29.0
960.0,200.4,977.0,62.0,29.0
960.0,200.45,977.0,62.0,29.0
960.0,200.5,977.0,62.0,29.0
970.0,189.5,869.0,35.0,7.0
970.0,189.55,869.0,35.0,7.0
970.0,189.6,869.0,35.0,7.0
970.0,189.65,869.0,35.0,7.0
970.0,189.7,869.0,35.0,7.0
970.0,189.75,869.0,35.0,7.0
970.0,189.8,869.0,35.0,7.0
970.0,189.85,869.0,35.0,7.0
970.0,189.9,869.0,35.0,7.0
970.0,189.95,869.0,35.0,7.0
970.0,190.0,869.0,35.0,7.0
970.0,190.05,869.0,35.0,7.0
970.0,190.1,869.0,35.0,7.0
970.0,190.15,869.0,35.0,7.0
970.0,190.2,869.0,35.0,7.0
970.0,190.25,869.0,35.0,7.0
970.0,190.3,869.0,35.0,7.0
970.0,190.35,869.0,35.0,7.0
970.0,190.4,869.0,35.0,7.0
970.0,190.45,869.0,35.0,7.0
970.0,190.5,869.0,35.0,7.0
970.0,190.55,869.0,35.0,7.0
970.0,190.6,869.0,35.0,7.0
970.0,190.65,869.0,35.0,7.0
970.0,190.7,869.0,35.0,7.0
970.0,190.75,869.0,35.0,7.0
970.0,190.8,869.0,35.0,7.0
970.0,190.85,869.0,35.0,7.0
970.0,190.9,869.0,35.0,7.0
970.0,190.95,869.0,35.0,7.0
970.0,191.0,869.0,35.0,7.0
970.0,191.05,869.0,35.0,7.0
970.0,191.1,869.0,35.0,7.0
970.0,191.15,869.0,35.0,7.0
970.0,191.2,869.0,35.0,7.0
970.0,191.25,869.0,35.0,7.0
970.0,191.3,869.0,35.0,7.0
970.0,191.35,869.0,35.0,7.0
970.0,191.4,869.0,35.0,7.0
970.0,191.45,869.0,35.0,7.0
970.0,191.5,869.0,35.0,7.0
970.0,191.55,868.0,35.0,8.0
970.0,191.6,866.0,35.0,8.0
970.0,191.65,865.0,35.0,9.0
970.0,191.7,863.0,35.0,9.0
970.0,191.75,861.0,35.0,10.0
970.0,191.8,860.0,34.0,10.0
970.0,191.85,858.0,34.0,11.0
970.0,191.9,857.0,34.0,11.0
970.0,191.95,855.0,34.0,12.0
970.0,192.0,853.0,34.0,12.0
970.0,192.05,853.0,34.0,12.0
970.0,192.1,852.0,34.0,13.0
970.0,192.15,851.0,33.0,13.0
970.0,192.2,851.0,33.0,14.0
970.0,192.25,850.0,33.0,14.0
970.0,192.3,849.0,33.0,14.0
970.0,192.35,849.0,33.0,15.0
970.0,192.4,848.0,33.0,15.0
970.0,192.45,847.0,32.0,16.0
970.0,192.5,846.0,32.0,16.0
970.0,192.55,844.0,33.0,16.0
970.0,192.6,842.0,33.0,16.0
970.0,192.65,839.0,33.0,16.0
970.0,192.7,837.0,34.0,17.0
970.0,192.75,835.0,34.0,17.0
970.0,192.8,833.0,34.0,17.0
970.0,192.85,830.0,34.0,17.0
970.0,192.9,828.0,35.0,17.0
970.0,192.95,826.0,35.0,18.0
970.0,193.0,824.0,35.0,18.0
970.0,193.05,824.0,36.0,18.0
970.0,193.1,824.0,37.0,18.0
970.0,193.15,823.0,37.0,17.0
970.0,193.2,823.0,38.0,17.0
970.0,193.25,823.0,39.0,17.0
970.0,193.3,822.0,40.0,17.0
970.0,193.35,822.0,41.0,17.0
970.0,193.4,822.0,41.0,17.0
970.0,193.45,822.0,42.0,16.0
970.0,193.5,821.0,43.0,16.0
970.0,193.55,822.0,43.0,17.0
970.0,193.6,823.0,43.0,17.0
970.0,193.65,824.0,43.0,17.0
970.0,193.7,825.0,43.0,17.0
970.0,193.75,826.0,43.0,18.0
970.0,193.8,827.0,43.0,18.0
970.0,193.85,828.0,43.0,18.0
970.0,193.9,829.0,43.0,18.0
970.0,193.95,830.0,44.0,19.0
970.0,194.0,831.0,43.0,19.0
970.0,194.05,833.0,43.0,19.0
970.0,194.1,835.0,43.0,19.0
970.0,194.15,837.0,43.0,20.0
970.0,194.2,839.0,43.0,20.0
970.0,194.25,841.0,43.0,20.0
970.0,194.3,843.0,43.0,21.0
970.0,194.35,844.0,43.0,21.0
970.0,194.4,846.0,43.0,21.0
970.0,194.45,848.0,43.0,22.0
970.0,194.5,850.0,43.0,22.0
970.0,194.55,852.0,43.0,22.0
970.0,194.6,854.0,43.0,22.0
970.0,194.65,856.0,43.0,22.0
970.0,194.7,858.0,43.0,23.0
970.0,194.75,860.0,43.0,23.0
970.0,194.8,862.0,44.0,23.0
970.0,194.85,864.0,44.0,23.0
970.0,194.9,866.0,44.0,23.0
970.0,194.95,868.0,44.0,24.0
970.0,195.0,870.0,44.0,24.0
970.0,195.05,870.0,45.0,24.0
970.0,195.1,870.0,45.0,24.0
970.0,195.15,870.0,45.0,24.0
970.0,195.2,870.0,46.0,24.0
970.0,195.25,870.0,46.0,24.0
970.0,195.3,870.0,46.0,24.0
970.0,195.35,870.0,47.0,24.0
970.0,195.4,870.0,47.0,24.0
970.0,195.45,870.0,47.0,24.0
970.0,195.5,870.0,48.0,24.0
970.0,195.55,864.0,48.0,25.0
970.0,195.6,858.0,48.0,25.0
970.0,195.65,852.0,49.0,26.0
970.0,195.7,846.0,49.0,26.0
970.0,195.75,840.0,49.0,27.0
970.0,195.8,834.0,49.0,27.0
970.0,195.85,828.0,50.0,27.0
970.0,195.9,822.0,50.0,28.0
970.0,195.95,816.0,50.0,28.0
970.0,196.0,811.0,51.0,29.0
970.0,196.05,819.0,51.0,28.0
970.0,196.1,828.0,50.0,28.0
970.0,196.15,837.0,50.0,28.0
970.0,196.2,845.0,50.0,27.0
970.0,196.25,854.0,50.0,27.0
970.0,196.3,862.0,50.0,26.0
970.0,196.35,871.0,50.0,26.0
970.0,196.4,880.0,50.0,25.0
970.0,196.45,888.0,50.0,25.0
970.0,196.5,896.0,50.0,25.0
970.0,196.55,899.0,51.0,25.0
970.0,196.6,902.0,51.0,25.0
970.0,196.65,905.0,51.0,25.0
970.0,196.7,907.0,51.0,26.0
970.0,196.75,910.0,51.0,26.0
970.0,196.8,913.0,51.0,26.0
970.0,196.85,916.0,51.0,27.0
970.0,196.9,919.0,51.0,27.0
970.0,196.95,921.0,52.0,27.0
970.0,197.0,924.0,52.0,27.0
970.0,197.05,927.0,52.0,28.0
970.0,197.1,930.0,52.0,28.0
970.0,197.15,933.0,52.0,28.0
970.0,197.2,936.0,52.0,28.0
970.0,197.25,939.0,53.0,28.0
970.0,197.3,942.0,53.0,29.0
970.0,197.35,945.0,53.0,29.0
970.0,197.4,948.0,53.0,29.0
970.0,197.45,951.0,53.0,29.0
970.0,197.5,954.0,54.0,30.0
970.0,197.55,956.0,54.0,30.0
970.0,197.6,958.0,54.0,30.0
970.0,197.65,961.0,55.0,30.0
970.0,197.7,963.0,55.0,30.0
970.0,197.75,965.0,56.0,31.0
970.0,197.8,967.0,56.0,31.0
970.0,197.85,969.0,57.0,31.0
970.0,197.9,972.0,57.0,31.0
970.0,197.95,974.0,58.0,31.0
970.0,198.0,976.0,58.0,32.0
970.0,198.05,977.0,58.0,31.0
970.0,198.1,978.0,59.0,31.0
970.0,198.15,978.0,59.0,31.0
970.0,198.2,979.0,60.0,31.0
970.0,198.25,980.0,60.0,30.0
970.0,198.3,980.0,61.0,30.0
970.0,198.35,981.0,61.0,30.0
970.0,198.4,982.0,62.0,29.0
970.0,198.45,982.0,62.0,29.0
970.0,198.5,984.0,62.0,29.0
970.0,198.55,984.0,62.0,29.0
970.0,198.6,984.0,62.0,29.0
970.0,198.65,984.0,62.0,29.0
970.0,198.7,984.0,62.0,29.0
970.0,198.75,984.0,62.0,29.0
970.0,198.8,984.0,62.0,29.0
970.0,198.85,984.0,62.0,29.0
970.0,198.9,984.0,62.0,29.0
970.0,198.95,984.0,62.0,29.0
970.0,199.0,984.0,62.0,29.0
970.0,199.05,984.0,62.0,29.0
970.0,199.1,984.0,62.0,29.0
970.0,199.15,984.0,62.0,29.0
970.0,199.2,984.0,62.0,29.0
970.0,199.25,984.0,62.0,29.0
970.0,199.3,984.0,62.0,29.0
970.0,199.35,984.0,62.0,29.0
970.0,199.4,984.0,62.0,29.0
970.0,199.45,984.0,62.0,29.0
970.0,199.5,984.0,62.0,29.0
970.0,199.55,984.0,62.0,29.0
970.0,199.6,984.0,62.0,29.0
970.0,199.65,984.0,62.0,29.0
970.0,199.7,984.0,62.0,29.0
970.0,199.75,984.0,62.0,29.0
970.0,199.8,984.0,62.0,29.0
970.0,199.85,984.0,62.0,29.0
970.0,199.9,984.0,62.0,29.0
970.0,199.95,984.0,62.0,29.0
970.0,200.0,984.0,62.0,29.0
970.0,200.05,984.0,62.0,29.0
970.0,200.1,984.0,62.0,29.0
970.0,200.15,984.0,62.0,29.0
970.0,200.2,984.0,62.0,29.0
970.0,200.25,984.0,62.0,29.0
970.0,200.3,984.0,62.0,29.0
970.0,200.35,984.0,62.0,29.0
970.0,200.4,984.0,62.0,29.0
970.0,200.45,984.0,62.0,29.0
970.0,200.5,984.0,62.0,29.0
980.0,189.5,877.0,35.0,7.0
980.0,189.55,877.0,35.0,7.0
980.0,189.6,877.0,35.0,7.0
980.0,189.65,877.0,35.0,7.0
980.0,189.7,877.0,35.0,7.0
980.0,189.75,877.0,35.0,7.0
980.0,189.8,877.0,35.0,7.0
980.0,189.85,877.0,35.0,7.0
980.0,189.9,877.0,35.0,7.0
980.0,189.95,877.0,35.0,7.0
980.0,190.0,877.0,35.0,7.0
980.0,190.05,877.0,35.0,7.0
980.0,190.1,877.0,35.0,7.0
980.0,190.15,877.0,35.0,7.0
980.0,190.2,877.0,35.0,7.0
980.0,190.25,877.0,35.0,7.0
980.0,190.3,877.0,35.0,7.0
980.0,190.35,877.0,35.0,7.0
980.0,190.4,877.0,35.0,7.0
980.0,190.45,877.0,35.0,7.0
980.0,190.5,877.0,35.0,7.0
980.0,190.55,877.0,35.0,7.0
980.0,190.6,877.0,35.0,7.0
980.0,190.65,877.0,35.0,7.0
980.0,190.7,877.0,35.0,7.0
980.0,190.75,877.0,35.0,7.0
980.0,190.8,877.0,35.0,7.0
980.0,190.85,877.0,35.0,7.0
980.0,190.9,877.0,35.0,7.0
980.0,190.95,877.0,35.0,7.0
980.0,191.0,877.0,35.0,7.0
980.0,191.05,877.0,35.0,7.0
980.0,191.1,877.0,35.0,7.0
980.0,191.15,877.0,35.0,7.0
980.0,191.2,877.0,35.0,7.0
980.0,191.25,877.0,35.0,7.0
980.0,191.3,877.0,35.0,7.0
980.0,191.35,877.0,35.0,7.0
980.0,191.4,877.0,35.0,7.0
980.0,191.45,877.0,35.0,7.0
980.0,191.5,877.0,35.0,7.0
980.0,191.55,875.0,35.0,8.0
980.0,191.6,873.0,35.0,8.0
980.0,191.65,872.0,35.0,9.0
980.0,191.7,870.0,35.0,9.0
980.0,191.75,869.0,35.0,10.0
980.0,191.8,867.0,35.0,10.0
980.0,191.85,865.0,34.0,11.0
980.0,191.9,864.0,34.0,11.0
980.0,191.95,862.0,34.0,12.0
980.0,192.0,861.0,34.0,12.0
980.0,192.05,860.0,34.0,12.0
980.0,192.1,859.0,34.0,13.0
980.0,192.15,858.0,34.0,13.0
980.0,192.2,858.0,33.0,14.0
980.0,192.25,857.0,33.0,14.0
980.0,192.3,856.0,33.0,14.0
980.0,192.35,856.0,33.0,15.0
980.0,192.4,855.0,33.0,15.0
980.0,192.45,854.0,33.0,16.0
980.0,192.5,854.0,32.0,16.0
980.0,192.55,851.0,33.0,16.0
980.0,192.6,849.0,33.0,16.0
980.0,192.65,847.0,33.0,17.0
980.0,192.7,844.0,34.0,17.0
980.0,192.75,842.0,34.0,17.0
980.0,192.8,840.0,34.0,17.0
980.0,192.85,838.0,34.0,17.0
980.0,192.9,835.0,35.0,18.0
980.0,192.95,833.0,35.0,18.0
980.0,193.0,831.0,35.0,18.0
980.0,193.05,831.0,36.0,18.0
980.0,193.1,831.0,37.0,18.0
980.0,193.15,830.0,38.0,17.0
980.0,193.2,830.0,38.0,17.0
980.0,193.25,830.0,39.0,17.0
980.0,193.3,829.0,40.0,17.0
980.0,193.35,829.0,41.0,17.0
980.0,193.4,829.0,42.0,17.0
980.0,193.45,828.0,42.0,17.0
980.0,193.5,828.0,43.0,16.0
980.0,193.55,829.0,43.0,17.0
980.0,193.6,830.0,43.0,17.0
980.0,193.65,831.0,43.0,17.0
980.0,193.7,832.0,43.0,17.0
980.0,193.75,833.0,43.0,18.0
980.0,193.8,834.0,43.0,18.0
980.0,193.85,835.0,44.0,18.0
980.0,193.9,836.0,44.0,18.0
980.0,193.95,837.0,44.0,19.0
980.0,194.0,838.0,44.0,19.0
980.0,194.05,840.0,44.0,19.0
980.0,194.1,842.0,44.0,20.0
980.0,194.15,844.0,43.0,20.0
980.0,194.2,846.0,43.0,20.0
980.0,194.25,848.0,43.0,20.0
980.0,194.3,849.0,43.0,21.0
980.0,194.35,851.0,43.0,21.0
980.0,194.4,853.0,43.0,21.0
980.0,194.45,855.0,43.0,22.0
980.0,194.5,857.0,43.0,22.0
980.0,194.55,859.0,43.0,22.0
980.0,194.6,861.0,43.0,22.0
980.0,194.65,863.0,43.0,22.0
980.0,194.7,865.0,43.0,23.0
980.0,194.75,867.0,44.0,23.0
980.0,194.8,869.0,44.0,23.0
980.0,194.85,871.0,44.0,23.0
980.0,194.9,873.0,44.0,24.0
980.0,194.95,875.0,44.0,24.0
980.0,195.0,877.0,44.0,24.0
980.0,195.05,877.0,45.0,24.0
980.0,195.1,877.0,45.0,24.0
980.0,195.15,877.0,46.0,24.0
980.0,195.2,877.0,46.0,24.0
980.0,195.25,877.0,46.0,24.0
980.0,195.3,877.0,47.0,24.0
980.0,195.35,877.0,47.0,24.0
980.0,195.4,877.0,47.0,24.0
980.0,195.45,877.0,48.0,24.0
980.0,195.5,877.0,48.0,24.0
980.0,195.55,871.0,48.0,25.0
980.0,195.6,865.0,48.0,25.0
980.0,195.65,859.0,49.0,26.0
980.0,195.7,853.0,49.0,26.0
980.0,195.75,847.0,49.0,27.0
980.0,195.8,841.0,50.0,27.0
980.0,195.85,835.0,50.0,28.0
980.0,195.9,829.0,50.0,28.0
980.0,195.95,823.0,50.0,28.0
980.0,196.0,818.0,51.0,29.0
980.0,196.05,826.0,51.0,29.0
980.0,196.1,835.0,51.0,28.0
980.0,196.15,843.0,51.0,28.0
980.0,196.2,852.0,51.0,27.0
980.0,196.25,861.0,51.0,27.0
980.0,196.3,869.0,51.0,26.0
980.0,196.35,878.0,51.0,26.0
980.0,196.4,886.0,51.0,25.0
980.0,196.45,895.0,50.0,25.0
980.0,196.5,903.0,50.0,25.0
980.0,196.55,906.0,51.0,25.0
980.0,196.6,909.0,51.0,25.0
980.0,196.65,912.0,51.0,25.0
980.0,196.7,914.0,51.0,26.0
980.0,196.75,917.0,51.0,26.0
980.0,196.8,920.0,51.0,26.0
980.0,196.85,923.0,51.0,27.0
980.0,196.9,926.0,52.0,27.0
980.0,196.95,928.0,52.0,27.0
980.0,197.0,931.0,52.0,27.0
980.0,197.05,934.0,52.0,28.0
980.0,197.1,937.0,52.0,28.0
980.0,197.15,940.0,52.0,28.0
980.0,197.2,943.0,53.0,28.0
980.0,197.25,946.0,53.0,29.0
980.0,197.3,949.0,53.0,29.0
980.0,197.35,952.0,53.0,29.0
980.0,197.4,955.0,53.0,29.0
980.0,197.45,958.0,53.0,29.0
980.0,197.5,961.0,54.0,30.0
980.0,197.55,963.0,54.0,30.0
980.0,197.6,965.0,55.0,30.0
980.0,197.65,968.0,55.0,30.0
980.0,197.7,970.0,55.0,30.0
980.0,197.75,972.0,56.0,31.0
980.0,197.8,974.0,56.0,31.0
980.0,197.85,976.0,57.0,31.0
980.0,197.9,979.0,57.0,31.0
980.0,197.95,981.0,58.0,32.0
980.0,198.0,983.0,58.0,32.0
980.0,198.05,984.0,59.0,31.0
980.0,198.1,984.0,59.0,31.0
980.0,198.15,985.0,59.0,31.0
980.0,198.2,986.0,60.0,31.0
980.0,198.25,987.0,60.0,30.0
980.0,198.3,987.0,61.0,30.0
980.0,198.35,988.0,61.0,30.0
980.0,198.4,989.0,62.0,30.0
980.0,198.45,989.0,62.0,29.0
980.0,198.5,990.0,62.0,29.0
980.0,198.55,990.0,62.0,29.0
980.0,198.6,990.0,62.0,29.0
980.0,198.65,990.0,62.0,29.0
980.0,198.7,990.0,62.0,29.0
980.0,198.75,990.0,62.0,29.0
980.0,198.8,990.0,62.0,29.0
980.0,198.85,990.0,62.0,29.0
980.0,198.9,990.0,62.0,29.0
980.0,198.95,990.0,62.0,29.0
980.0,199.0,990.0,62.0,29.0
980.0,199.05,990.0,62.0,29.0
980.0,199.1,990.0,62.0,29.0
980.0,199.15,990.0,62.0,29.0
980.0,199.2,990.0,62.0,29.0
980.0,199.25,990.0,62.0,29.0
980.0,199.3,990.0,62.0,29.0
980.0,199.35,990.0,62.0,29.0
980.0,199.4,990.0,62.0,29.0
980.0,199.45,990.0,62.0,29.0
980.0,199.5,990.0,62.0,29.0
980.0,199.55,990.0,62.0,29.0
980.0,199.6,990.0,62.0,29.0
980.0,199.65,990.0,62.0,29.0
980.0,199.7,990.0,62.0,29.0
980.0,199.75,990.0,62.0,29.0
980.0,199.8,990.0,62.0,29.0
980.0,199.85,990.0,62.0,29.0
980.0,199.9,990.0,62.0,29.0
980.0,199.95,990.0,62.0,29.0
980.0,200.0,990.0,62.0,29.0
980.0,200.05,990.0,62.0,29.0
980.0,200.1,990.0,62.0,29.0
980.0,200.15,990.0,62.0,29.0
980.0,200.2,990.0,62.0,29.0
980.0,200.25,990.0,62.0,29.0
980.0,200.3,990.0,62.0,29.0
980.0,200.35,990.0,62.0,29.0
980.0,200.4,990.0,62.0,29.0
980.0,200.45,990.0,62.0,29.0
980.0,200.5,990.0,62.0,29.0
990.0,189.5,884.0,35.0,7.0
990.0,189.55,884.0,35.0,7.0
990.0,189.6,884.0,35.0,7.0
990.0,189.65,884.0,35.0,7.0
990.0,189.7,884.0,35.0,7.0
990.0,189.75,884.0,35.0,7.0
990.0,189.8,884.0,35.0,7.0
990.0,189.85,884.0,35.0,7.0
990.0,189.9,884.0,35.0,7.0
990.0,189.95,884.0,35.0,7.0
990.0,190.0,884.0,35.0,7.0
990.0,190.05,884.0,35.0,7.0
990.0,190.1,884.0,35.0,7.0
990.0,190.15,884.0,35.0,7.0
990.0,190.2,884.0,35.0,7.0
990.0,190.25,884.0,35.0,7.0
990.0,190.3,884.0,35.0,7.0
990.0,190.35,884.0,35.0,7.0
990.0,190.4,884.0,35.0,7.0
990.0,190.45,884.0,35.0,7.0
990.0,190.5,884.0,35.0,7.0
990.0,190.55,884.0,35.0,7.0
990.0,190.6,884.0,35.0,7.0
990.0,190.65,884.0,35.0,7.0
990.0,190.7,884.0,35.0,7.0
990.0,190.75,884.0,35.0,7.0
990.0,190.8,884.0,35.0,7.0
990.0,190.85,884.0,35.0,7.0
990.0,190.9,884.0,35.0,7.0
990.0,190.95,884.0,35.0,7.0
990.0,191.0,884.0,35.0,7.0
990.0,191.05,884.0,35.0,7.0
990.0,191.1,884.0,35.0,7.0
990.0,191.15,884.0,35.0,7.0
990.0,191.2,884.0,35.0,7.0
990.0,191.25,884.0,35.0,7.0
990.0,191.3,884.0,35.0,7.0
990.0,191.35,884.0,35.0,7.0
990.0,191.4,884.0,35.0,7.0
990.0,191.45,884.0,35.0,7.0
990.0,191.5,884.0,35.0,7.0
990.0,191.55,882.0,35.0,8.0
990.0,191.6,881.0,35.0,8.0
990.0,191.65,879.0,35.0,9.0
990.0,191.7,877.0,35.0,9.0
990.0,191.75,876.0,35.0,10.0
990.0,191.8,874.0,35.0,10.0
990.0,191.85,873.0,35.0,11.0
990.0,191.9,871.0,34.0,11.0
990.0,191.95,869.0,34.0,12.0
990.0,192.0,868.0,34.0,12.0
990.0,192.05,867.0,34.0,12.0
990.0,192.1,866.0,34.0,13.0
990.0,192.15,866.0,34.0,13.0
990.0,192.2,865.0,34.0,14.0
990.0,192.25,864.0,33.0,14.0
990.0,192.3,864.0,33.0,14.0
990.0,192.35,863.0,33.0,15.0
990.0,192.4,862.0,33.0,15.0
990.0,192.45,862.0,33.0,16.0
990.0,192.5,861.0,33.0,16.0
990.0,192.55,858.0,33.0,16.0
990.0,192.6,856.0,33.0,16.0
990.0,192.65,854.0,33.0,17.0
990.0,192.7,852.0,34.0,17.0
990.0,192.75,849.0,34.0,17.0
990.0,192.8,847.0,34.0,17.0
990.0,192.85,845.0,35.0,17.0
990.0,192.9,842.0,35.0,18.0
990.0,192.95,840.0,35.0,18.0
990.0,193.0,838.0,35.0,18.0
990.0,193.05,838.0,36.0,18.0
990.0,193.1,837.0,37.0,18.0
990.0,193.15,837.0,38.0,18.0
990.0,193.2,837.0,39.0,17.0
990.0,193.25,837.0,39.0,17.0
990.0,193.3,836.0,40.0,17.0
990.0,193.35,836.0,41.0,17.0
990.0,193.4,836.0,42.0,17.0
990.0,193.45,835.0,42.0,17.0
990.0,193.5,835.0,43.0,16.0
990.0,193.55,836.0,43.0,17.0
990.0,193.6,837.0,43.0,17.0
990.0,193.65,838.0,43.0,17.0
990.0,193.7,839.0,43.0,17.0
990.0,193.75,840.0,44.0,18.0
990.0,193.8,841.0,44.0,18.0
990.0,193.85,842.0,44.0,18.0
990.0,193.9,843.0,44.0,19.0
990.0,193.95,844.0,44.0,19.0
990.0,194.0,845.0,44.0,19.0
990.0,194.05,847.0,44.0,19.0
990.0,194.1,849.0,44.0,20.0
990.0,194.15,851.0,44.0,20.0
990.0,194.2,853.0,44.0,20.0
990.0,194.25,855.0,43.0,20.0
990.0,194.3,856.0,43.0,21.0
990.0,194.35,858.0,43.0,21.0
990.0,194.4,860.0,43.0,21.0
990.0,194.45,862.0,43.0,22.0
990.0,194.5,864.0,43.0,22.0
990.0,194.55,866.0,43.0,22.0
990.0,194.6,868.0,43.0,22.0
990.0,194.65,870.0,44.0,23.0
990.0,194.7,872.0,44.0,23.0
990.0,194.75,874.0,44.0,23.0
990.0,194.8,876.0,44.0,23.0
990.0,194.85,878.0,44.0,23.0
990.0,194.9,880.0,44.0,24.0
990.0,194.95,882.0,44.0,24.0
990.0,195.0,884.0,45.0,24.0
990.0,195.05,884.0,45.0,24.0
990.0,195.1,884.0,45.0,24.0
990.0,195.15,884.0,46.0,24.0
990.0,195.2,884.0,46.0,24.0
990.0,195.25,884.0,46.0,24.0
990.0,195.3,884.0,47.0,24.0
990.0,195.35,884.0,47.0,24.0
990.0,195.4,884.0,47.0,24.0
990.0,195.45,884.0,48.0,24.0
990.0,195.5,884.0,48.0,24.0
990.0,195.55,878.0,48.0,25.0
990.0,195.6,872.0,49.0,25.0
990.0,195.65,866.0,49.0,26.0
990.0,195.7,860.0,49.0,26.0
990.0,195.75,854.0,49.0,27.0
990.0,195.8,848.0,50.0,27.0
990.0,195.85,842.0,50.0,28.0
990.0,195.9,836.0,50.0,28.0
990.0,195.95,830.0,51.0,29.0
990.0,196.0,824.0,51.0,29.0
990.0,196.05,833.0,51.0,29.0
990.0,196.1,841.0,51.0,28.0
990.0,196.15,850.0,51.0,28.0
990.0,196.2,859.0,51.0,27.0
990.0,196.25,867.0,51.0,27.0
990.0,196.3,876.0,51.0,26.0
990.0,196.35,884.0,51.0,26.0
990.0,196.4,893.0,51.0,26.0
990.0,196.45,902.0,51.0,25.0
990.0,196.5,910.0,51.0,25.0
990.0,196.55,913.0,51.0,25.0
990.0,196.6,916.0,51.0,25.0
990.0,196.65,918.0,51.0,26.0
990.0,196.7,921.0,51.0,26.0
990.0,196.75,924.0,51.0,26.0
990.0,196.8,927.0,51.0,26.0
990.0,196.85,930.0,52.0,27.0
990.0,196.9,932.0,52.0,27.0
990.0,196.95,935.0,52.0,27.0
990.0,197.0,938.0,52.0,28.0
990.0,197.05,941.0,52.0,28.0
990.0,197.1,944.0,52.0,28.0
990.0,197.15,947.0,52.0,28.0
990.0,197.2,950.0,53.0,28.0
990.0,197.25,953.0,53.0,29.0
990.0,197.3,956.0,53.0,29.0
990.0,197.35,959.0,53.0,29.0
990.0,197.4,962.0,53.0,29.0
990.0,197.45,965.0,54.0,30.0
990.0,197.5,968.0,54.0,30.0
990.0,197.55,970.0,54.0,30.0
990.0,197.6,972.0,55.0,30.0
990.0,197.65,975.0,55.0,30.0
990.0,197.7,977.0,56.0,31.0
990.0,197.75,979.0,56.0,31.0
990.0,197.8,981.0,56.0,31.0
990.0,197.85,983.0,57.0,31.0
990.0,197.9,986.0,57.0,31.0
990.0,197.95,988.0,58.0,32.0
990.0,198.0,990.0,58.0,32.0
990.0,198.05,991.0,59.0,32.0
990.0,198.1,991.0,59.0,31.0
990.0,198.15,992.0,60.0,31.0
990.0,198.2,993.0,60.0,31.0
990.0,198.25,994.0,61.0,30.0
990.0,198.3,994.0,61.0,30.0
990.0,198.35,995.0,61.0,30.0
990.0,198.4,996.0,62.0,30.0
990.0,198.45,996.0,62.0,29.0
990.0,198.5,997.0,63.0,29.0
990.0,198.55,997.0,63.0,29.0
990.0,198.6,997.0,63.0,29.0
990.0,198.65,997.0,63.0,29.0
990.0,198.7,997.0,63.0,29.0
990.0,198.75,997.0,63.0,29.0
990.0,198.8,997.0,63.0,29.0
990.0,198.85,997.0,63.0,29.0
990.0,198.9,997.0,63.0,29.0
990.0,198.95,997.0,63.0,29.0
990.0,199.0,997.0,63.0,29.0
990.0,199.05,997.0,63.0,29.0
990.0,199.1,997.0,63.0,29.0
990.0,199.15,997.0,63.0,29.0
990.0,199.2,997.0,63.0,29.0
990.0,199.25,997.0,63.0,29.0
990.0,199.3,997.0,63.0,29.0
990.0,199.35,997.0,63.0,29.0
990.0,199.4,997.0,63.0,29.0
990.0,199.45,997.0,63.0,29.0
990.0,199.5,997.0,63.0,29.0
990.0,199.55,997.0,63.0,29.0
990.0,199.6,997.0,63.0,29.0
990.0,199.65,997.0,63.0,29.0
990.0,199.7,997.0,63.0,29.0
990.0,199.75,997.0,63.0,29.0
990.0,199.8,997.0,63.0,29.0
990.0,199.85,997.0,63.0,29.0
990.0,199.9,997.0,63.0,29.0
990.0,199.95,997.0,63.0,29.0
990.0,200.0,997.0,63.0,29.0
990.0,200.05,997.0,63.0,29.0
990.0,200.1,997.0,63.0,29.0
990.0,200.15,997.0,63.0,29.0
990.0,200.2,997.0,63.0,29.0
990.0,200.25,997.0,63.0,29.0
990.0,200.3,997.0,63.0,29.0
990.0,200.35,997.0,63.0,29.0
990.0,200.4,997.0,63.0,29.0
990.0,200.45,997.0,63.0,29.0
990.0,200.5,997.0,63.0,29.0
1000.0,189.5,891.0,36.0,7.0
1000.0,189.55,891.0,36.0,7.0
1000.0,189.6,891.0,36.0,7.0
1000.0,189.65,891.0,36.0,7.0
1000.0,189.7,891.0,36.0,7.0
1000.0,189.75,891.0,36.0,7.0
1000.0,189.8,891.0,36.0,7.0
1000.0,189.85,891.0,36.0,7.0
1000.0,189.9,891.0,36.0,7.0
1000.0,189.95,891.0,36.0,7.0
1000.0,190.0,891.0,36.0,7.0
1000.0,190.05,891.0,36.0,7.0
1000.0,190.1,891.0,36.0,7.0
1000.0,190.15,891.0,36.0,7.0
1000.0,190.2,891.0,36.0,7.0
1000.0,190.25,891.0,36.0,7.0
1000.0,190.3,891.0,36.0,7.0
1000.0,190.35,891.0,36.0,7.0
1000.0,190.4,891.0,36.0,7.0
1000.0,190.45,891.0,36.0,7.0
1000.0,190.5,891.0,36.0,7.0
1000.0,190.55,891.0,36.0,7.0
1000.0,190.6,891.0,36.0,7.0
1000.0,190.65,891.0,36.0,7.0
1000.0,190.7,891.0,36.0,7.0
1000.0,190.75,891.0,36.0,7.0
1000.0,190.8,891.0,36.0,7.0
1000.0,190.85,891.0,36.0,7.0
1000.0,190.9,891.0,36.0,7.0
1000.0,190.95,891.0,36.0,7.0
1000.0,191.0,891.0,36.0,7.0
1000.0,191.05,891.0,36.0,7.0
1000.0,191.1,891.0,36.0,7.0
1000.0,191.15,891.0,36.0,7.0
1000.0,191.2,891.0,36.0,7.0
1000.0,191.25,891.0,36.0,7.0
1000.0,191.3,891.0,36.0,7.0
1000.0,191.35,891.0,36.0,7.0
1000.0,191.4,891.0,36.0,7.0
1000.0,191.45,891.0,36.0,7.0
1000.0,191.5,891.0,36.0,7.0
1000.0,191.55,889.0,35.0,8.0
1000.0,191.6,888.0,35.0,8.0
1000.0,191.65,886.0,35.0,9.0
1000.0,191.7,885.0,35.0,9.0
1000.0,191.75,883.0,35.0,10.0
1000.0,191.8,881.0,35.0,10.0
1000.0,191.85,880.0,35.0,11.0
1000.0,191.9,878.0,35.0,11.0
1000.0,191.95,877.0,34.0,12.0
1000.0,192.0,875.0,34.0,12.0
1000.0,192.05,874.0,34.0,13.0
1000.0,192.1,874.0,34.0,13.0
1000.0,192.15,873.0,34.0,13.0
1000.0,192.2,872.0,34.0,14.0
1000.0,192.25,872.0,33.0,14.0
1000.0,192.3,871.0,33.0,14.0
1000.0,192.35,870.0,33.0,15.0
1000.0,192.4,869.0,33.0,15.0
1000.0,192.45,869.0,33.0,16.0
1000.0,192.5,868.0,33.0,16.0
1000.0,192.55,866.0,33.0,16.0
1000.0,192.6,863.0,33.0,16.0
1000.0,192.65,861.0,34.0,17.0
1000.0,192.7,859.0,34.0,17.0
1000.0,192.75,856.0,34.0,17.0
1000.0,192.8,854.0,34.0,17.0
1000.0,192.85,852.0,35.0,17.0
1000.0,192.9,850.0,35.0,18.0
1000.0,192.95,847.0,35.0,18.0
1000.0,193.0,845.0,36.0,18.0
1000.0,193.05,845.0,36.0,18.0
1000.0,193.1,844.0,37.0,18.0
1000.0,193.15,844.0,38.0,18.0
1000.0,193.2,844.0,39.0,17.0
1000.0,193.25,844.0,39.0,17.0
1000.0,193.3,843.0,40.0,17.0
1000.0,193.35,843.0,41.0,17.0
1000.0,193.4,843.0,42.0,17.0
1000.0,193.45,842.0,43.0,17.0
1000.0,193.5,842.0,43.0,16.0
1000.0,193.55,843.0,43.0,17.0
1000.0,193.6,844.0,44.0,17.0
1000.0,193.65,845.0,44.0,17.0
1000.0,193.7,846.0,44.0,18.0
1000.0,193.75,847.0,44.0,18.0
1000.0,193.8,848.0,44.0,18.0
1000.0,193.85,849.0,44.0,18.0
1000.0,193.9,850.0,44.0,19.0
1000.0,193.95,851.0,44.0,19.0
1000.0,194.0,852.0,44.0,19.0
1000.0,194.05,854.0,44.0,19.0
1000.0,194.1,856.0,44.0,20.0
1000.0,194.15,858.0,44.0,20.0
1000.0,194.2,860.0,44.0,20.0
1000.0,194.25,862.0,44.0,21.0
1000.0,194.3,863.0,44.0,21.0
1000.0,194.35,865.0,43.0,21.0
1000.0,194.4,867.0,43.0,21.0
1000.0,194.45,869.0,43.0,22.0
1000.0,194.5,871.0,43.0,22.0
1000.0,194.55,873.0,43.0,22.0
1000.0,194.6,875.0,44.0,22.0
1000.0,194.65,877.0,44.0,23.0
1000.0,194.7,879.0,44.0,23.0
1000.0,194.75,881.0,44.0,23.0
1000.0,194.8,883.0,44.0,23.0
1000.0,194.85,885.0,44.0,24.0
1000.0,194.9,887.0,45.0,24.0
1000.0,194.95,889.0,45.0,24.0
1000.0,195.0,891.0,45.0,24.0
1000.0,195.05,891.0,45.0,24.0
1000.0,195.1,891.0,46.0,24.0
1000.0,195.15,891.0,46.0,24.0
1000.0,195.2,891.0,46.0,24.0
1000.0,195.25,891.0,47.0,24.0
1000.0,195.3,891.0,47.0,24.0
1000.0,195.35,891.0,47.0,24.0
1000.0,195.4,891.0,47.0,24.0
1000.0,195.45,891.0,48.0,24.0
1000.0,195.5,891.0,48.0,25.0
1000.0,195.55,885.0,48.0,25.0
1000.0,195.6,879.0,49.0,25.0
1000.0,195.65,873.0,49.0,26.0
1000.0,195.7,867.0,49.0,26.0
1000.0,195.75,861.0,50.0,27.0
1000.0,195.8,855.0,50.0,27.0
1000.0,195.85,849.0,50.0,28.0
1000.0,195.9,843.0,50.0,28.0
1000.0,195.95,837.0,51.0,29.0
1000.0,196.0,831.0,51.0,29.0
1000.0,196.05,840.0,51.0,29.0
1000.0,196.1,848.0,51.0,28.0
1000.0,196.15,857.0,51.0,28.0
1000.0,196.2,865.0,51.0,27.0
1000.0,196.25,874.0,51.0,27.0
1000.0,196.3,883.0,51.0,27.0
1000.0,196.35,891.0,51.0,26.0
1000.0,196.4,900.0,51.0,26.0
1000.0,196.45,908.0,51.0,25.0
1000.0,196.5,917.0,51.0,25.0
1000.0,196.55,920.0,51.0,25.0
1000.0,196.6,923.0,51.0,25.0
1000.0,196.65,925.0,51.0,26.0
1000.0,196.7,928.0,51.0,26.0
1000.0,196.75,931.0,51.0,26.0
1000.0,196.8,934.0,52.0,26.0
1000.0,196.85,937.0,52.0,27.0
1000.0,196.9,939.0,52.0,27.0
1000.0,196.95,942.0,52.0,27.0
1000.0,197.0,945.0,52.0,28.0
1000.0,197.05,948.0,52.0,28.0
1000.0,197.1,951.0,52.0,28.0
1000.0,197.15,954.0,53.0,28.0
1000.0,197.2,957.0,53.0,29.0
1000.0,197.25,960.0,53.0,29.0
1000.0,197.3,963.0,53.0,29.0
1000.0,197.35,966.0,53.0,29.0
1000.0,197.4,969.0,54.0,29.0
1000.0,197.45,972.0,54.0,30.0
1000.0,197.5,975.0,54.0,30.0
1000.0,197.55,977.0,54.0,30.0
1000.0,197.6,979.0,55.0,30.0
1000.0,197.65,982.0,55.0,30.0
1000.0,197.7,984.0,56.0,31.0
1000.0,197.75,986.0,56.0,31.0
1000.0,197.8,988.0,57.0,31.0
1000.0,197.85,990.0,57.0,31.0
1000.0,197.9,993.0,57.0,32.0
1000.0,197.95,995.0,58.0,32.0
1000.0,198.0,997.0,58.0,32.0
1000.0,198.05,998.0,59.0,32.0
1000.0,198.1,998.0,59.0,31.0
1000.0,198.15,999.0,60.0,31.0
1000.0,198.2,1000.0,60.0,31.0
1000.0,198.25,1000.0,61.0,31.0
1000.0,198.3,1001.0,61.0,30.0
1000.0,198.35,1002.0,62.0,30.0
1000.0,198.4,1003.0,62.0,30.0
1000.0,198.45,1003.0,63.0,29.0
1000.0,198.5,1004.0,63.0,29.0
1000.0,198.55,1004.0,63.0,29.0
1000.0,198.6,1004.0,63.0,29.0
1000.0,198.65,1004.0,63.0,29.0
1000.0,198.7,1004.0,63.0,29.0
1000.0,198.75,1004.0,63.0,29.0
1000.0,198.8,1004.0,63.0,29.0
1000.0,198.85,1004.0,63.0,29.0
1000.0,198.9,1004.0,63.0,29.0
1000.0,198.95,1004.0,63.0,29.0
1000.0,199.0,1004.0,63.0,29.0
1000.0,199.05,1004.0,63.0,29.0
1000.0,199.1,1004.0,63.0,29.0
1000.0,199.15,1004.0,63.0,29.0
1000.0,199.2,1004.0,63.0,29.0
1000.0,199.25,1004.0,63.0,29.0
1000.0,199.3,1004.0,63.0,29.0
1000.0,199.35,1004.0,63.0,29.0
1000.0,199.4,1004.0,63.0,29.0
1000.0,199.45,1004.0,63.0,29.0
1000.0,199.5,1004.0,63.0,29.0
1000.0,199.55,1004.0,63.0,29.0
1000.0,199.6,1004.0,63.0,29.0
1000.0,199.65,1004.0,63.0,29.0
1000.0,199.7,1004.0,63.0,29.0
1000.0,199.75,1004.0,63.0,29.0
1000.0,199.8,1004.0,63.0,29.0
1000.0,199.85,1004.0,63.0,29.0
1000.0,199.9,1004.0,63.0,29.0
1000.0,199.95,1004.0,63.0,29.0
1000.0,200.0,1004.0,63.0,29.0
1000.0,200.05,1004.0,63.0,29.0
1000.0,200.1,1004.0,63.0,29.0
1000.0,200.15,1004.0,63.0,29.0
1000.0,200.2,1004.0,63.0,29.0
1000.0,200.25,1004.0,63.0,29.0
1000.0,200.3,1004.0,63.0,29.0
1000.0,200.35,1004.0,63.0,29.0
1000.0,200.4,1004.0,63.0,29.0
1000.0,200.45,1004.0,63.0,29.0
1000.0,200.5,1004.0,63.0,29.0
1010.0,189.5,907.0,36.0,7.0
1010.0,189.55,907.0,36.0,7.0
1010.0,189.6,907.0,36.0,7.0
1010.0,189.65,907.0,36.0,7.0
1010.0,189.7,907.0,36.0,7.0
1010.0,189.75,907.0,36.0,7.0
1010.0,189.8,907.0,36.0,7.0
1010.0,189.85,907.0,36.0,7.0
1010.0,189.9,907.0,36.0,7.0
1010.0,189.95,907.0,36.0,7.0
1010.0,190.0,907.0,36.0,7.0
1010.0,190.05,907.0,36.0,7.0
1010.0,190.1,907.0,36.0,7.0
1010.0,190.15,907.0,36.0,7.0
1010.0,190.2,907.0,36.0,7.0
1010.0,190.25,907.0,36.0,7.0
1010.0,190.3,907.0,36.0,7.0
1010.0,190.35,907.0,36.0,7.0
1010.0,190.4,907.0,36.0,7.0
1010.0,190.45,907.0,36.0,7.0
1010.0,190.5,907.0,36.0,7.0
1010.0,190.55,907.0,36.0,7.0
1010.0,190.6,907.0,36.0,7.0
1010.0,190.65,907.0,36.0,7.0
1010.0,190.7,907.0,36.0,7.0
1010.0,190.75,907.0,36.0,7.0
1010.0,190.8,907.0,36.0,7.0
1010.0,190.85,907.0,36.0,7.0
1010.0,190.9,907.0,36.0,7.0
1010.0,190.95,907.0,36.0,7.0
1010.0,191.0,907.0,36.0,7.0
1010.0,191.05,907.0,36.0,7.0
1010.0,191.1,907.0,36.0,7.0
1010.0,191.15,907.0,36.0,7.0
1010.0,191.2,907.0,36.0,7.0
1010.0,191.25,907.0,36.0,7.0
1010.0,191.3,907.0,36.0,7.0
1010.0,191.35,907.0,36.0,7.0
1010.0,191.4,907.0,36.0,7.0
1010.0,191.45,907.0,36.0,7.0
1010.0,191.5,907.0,36.0,7.0
1010.0,191.55,905.0,36.0,8.0
1010.0,191.6,903.0,36.0,8.0
1010.0,191.65,902.0,36.0,9.0
1010.0,191.7,900.0,35.0,9.0
1010.0,191.75,899.0,35.0,10.0
1010.0,191.8,897.0,35.0,10.0
1010.0,191.85,895.0,35.0,11.0
1010.0,191.9,894.0,35.0,11.0
1010.0,191.95,892.0,35.0,12.0
1010.0,192.0,891.0,35.0,12.0
1010.0,192.05,890.0,34.0,13.0
1010.0,192.1,889.0,34.0,13.0
1010.0,192.15,888.0,34.0,13.0
1010.0,192.2,888.0,34.0,14.0
1010.0,192.25,887.0,34.0,14.0
1010.0,192.3,886.0,34.0,15.0
1010.0,192.35,886.0,33.0,15.0
1010.0,192.4,885.0,33.0,15.0
1010.0,192.45,884.0,33.0,16.0
1010.0,192.5,884.0,33.0,16.0
1010.0,192.55,881.0,33.0,16.0
1010.0,192.6,879.0,34.0,17.0
1010.0,192.65,877.0,34.0,17.0
1010.0,192.7,874.0,34.0,17.0
1010.0,192.75,872.0,34.0,17.0
1010.0,192.8,870.0,35.0,17.0
1010.0,192.85,867.0,35.0,18.0
1010.0,192.9,865.0,35.0,18.0
1010.0,192.95,863.0,36.0,18.0
1010.0,193.0,860.0,36.0,18.0
1010.0,193.05,860.0,37.0,18.0
1010.0,193.1,859.0,38.0,18.0
1010.0,193.15,859.0,38.0,18.0
1010.0,193.2,859.0,39.0,18.0
1010.0,193.25,859.0,40.0,17.0
1010.0,193.3,858.0,41.0,17.0
1010.0,193.35,858.0,41.0,17.0
1010.0,193.4,858.0,42.0,17.0
1010.0,193.45,857.0,43.0,17.0
1010.0,193.5,857.0,44.0,17.0
1010.0,193.55,858.0,44.0,17.0
1010.0,193.6,859.0,44.0,17.0
1010.0,193.65,860.0,44.0,17.0
1010.0,193.7,861.0,44.0,18.0
1010.0,193.75,862.0,44.0,18.0
1010.0,193.8,863.0,44.0,18.0
1010.0,193.85,864.0,44.0,18.0
1010.0,193.9,865.0,44.0,19.0
1010.0,193.95,866.0,44.0,19.0
1010.0,194.0,867.0,44.0,19.0
1010.0,194.05,869.0,44.0,20.0
1010.0,194.1,871.0,44.0,20.0
1010.0,194.15,873.0,44.0,20.0
1010.0,194.2,875.0,44.0,20.0
1010.0,194.25,877.0,44.0,21.0
1010.0,194.3,879.0,44.0,21.0
1010.0,194.35,881.0,44.0,21.0
1010.0,194.4,882.0,44.0,22.0
1010.0,194.45,884.0,44.0,22.0
1010.0,194.5,886.0,44.0,22.0
1010.0,194.55,888.0,44.0,22.0
1010.0,194.6,890.0,44.0,23.0
1010.0,194.65,892.0,44.0,23.0
1010.0,194.7,894.0,44.0,23.0
1010.0,194.75,896.0,44.0,23.0
1010.0,194.8,898.0,45.0,24.0
1010.0,194.85,900.0,45.0,24.0
1010.0,194.9,902.0,45.0,24.0
1010.0,194.95,904.0,45.0,24.0
1010.0,195.0,906.0,45.0,24.0
1010.0,195.05,906.0,46.0,24.0
1010.0,195.1,906.0,46.0,24.0
1010.0,195.15,906.0,46.0,24.0
1010.0,195.2,906.0,47.0,25.0
1010.0,195.25,906.0,47.0,25.0
1010.0,195.3,906.0,47.0,25.0
1010.0,195.35,906.0,48.0,25.0
1010.0,195.4,906.0,48.0,25.0
1010.0,195.45,906.0,48.0,25.0
1010.0,195.5,906.0,49.0,25.0
1010.0,195.55,900.0,49.0,25.0
1010.0,195.6,894.0,49.0,26.0
1010.0,195.65,888.0,49.0,26.0
1010.0,195.7,882.0,50.0,27.0
1010.0,195.75,876.0,50.0,27.0
1010.0,195.8,870.0,50.0,27.0
1010.0,195.85,864.0,51.0,28.0
1010.0,195.9,858.0,51.0,28.0
1010.0,195.95,852.0,51.0,29.0
1010.0,196.0,845.0,51.0,30.0
1010.0,196.05,854.0,51.0,29.0
1010.0,196.1,863.0,51.0,28.0
1010.0,196.15,872.0,51.0,28.0
1010.0,196.2,880.0,51.0,28.0
1010.0,196.25,889.0,51.0,27.0
1010.0,196.3,897.0,51.0,27.0
1010.0,196.35,906.0,51.0,26.0
1010.0,196.4,915.0,51.0,26.0
1010.0,196.45,923.0,51.0,25.0
1010.0,196.5,932.0,51.0,25.0
1010.0,196.55,935.0,51.0,25.0
1010.0,196.6,937.0,51.0,25.0
1010.0,196.65,940.0,52.0,26.0
1010.0,196.7,943.0,52.0,26.0
1010.0,196.75,946.0,52.0,26.0
1010.0,196.8,949.0,52.0,27.0
1010.0,196.85,951.0,52.0,27.0
1010.0,196.9,954.0,52.0,27.0
1010.0,196.95,957.0,52.0,27.0
1010.0,197.0,960.0,52.0,28.0
1010.0,197.05,963.0,53.0,28.0
1010.0,197.1,966.0,53.0,28.0
1010.0,197.15,969.0,53.0,29.0
1010.0,197.2,972.0,53.0,29.0
1010.0,197.25,975.0,53.0,29.0
1010.0,197.3,978.0,54.0,29.0
1010.0,197.35,981.0,54.0,29.0
1010.0,197.4,984.0,54.0,30.0
1010.0,197.45,987.0,54.0,30.0
1010.0,197.5,990.0,54.0,30.0
1010.0,197.55,992.0,55.0,30.0
1010.0,197.6,994.0,55.0,30.0
1010.0,197.65,997.0,56.0,31.0
1010.0,197.7,999.0,56.0,31.0
1010.0,197.75,1001.0,57.0,31.0
1010.0,197.8,1003.0,57.0,31.0
1010.0,197.85,1005.0,57.0,32.0
1010.0,197.9,1008.0,58.0,32.0
1010.0,197.95,1010.0,58.0,32.0
1010.0,198.0,1012.0,59.0,32.0
1010.0,198.05,1013.0,59.0,32.0
1010.0,198.1,1013.0,60.0,32.0
1010.0,198.15,1014.0,60.0,31.0
1010.0,198.2,1015.0,61.0,31.0
1010.0,198.25,1016.0,61.0,31.0
1010.0,198.3,1016.0,62.0,31.0
1010.0,198.35,1017.0,62.0,30.0
1010.0,198.4,1018.0,63.0,30.0
1010.0,198.45,1018.0,63.0,30.0
1010.0,198.5,1019.0,64.0,29.0
1010.0,198.55,1019.0,64.0,29.0
1010.0,198.6,1019.0,64.0,29.0
1010.0,198.65,1019.0,64.0,29.0
1010.0,198.7,1019.0,64.0,29.0
1010.0,198.75,1019.0,64.0,29.0
1010.0,198.8,1019.0,64.0,29.0
1010.0,198.85,1019.0,64.0,29.0
1010.0,198.9,1019.0,64.0,29.0
1010.0,198.95,1019.0,64.0,29.0
1010.0,199.0,1019.0,64.0,29.0
1010.0,199.05,1019.0,64.0,29.0
1010.0,199.1,1019.0,64.0,29.0
1010.0,199.15,1019.0,64.0,29.0
1010.0,199.2,1019.0,64.0,29.0
1010.0,199.25,1019.0,64.0,29.0
1010.0,199.3,1019.0,64.0,29.0
1010.0,199.35,1019.0,64.0,29.0
1010.0,199.4,1019.0,64.0,29.0
1010.0,199.45,1019.0,64.0,29.0
1010.0,199.5,1019.0,64.0,29.0
1010.0,199.55,1019.0,64.0,29.0
1010.0,199.6,1019.0,64.0,29.0
1010.0,199.65,1019.0,64.0,29.0
1010.0,199.7,1019.0,64.0,29.0
1010.0,199.75,1019.0,64.0,29.0
1010.0,199.8,1019.0,64.0,29.0
1010.0,199.85,1019.0,64.0,29.0
1010.0,199.9,1019.0,64.0,29.0
1010.0,199.95,1019.0,64.0,29.0
1010.0,200.0,1019.0,64.0,29.0
1010.0,200.05,1019.0,64.0,29.0
1010.0,200.1,1019.0,64.0,29.0
1010.0,200.15,1019.0,64.0,29.0
1010.0,200.2,1019.0,64.0,29.0
1010.0,200.25,1019.0,64.0,29.0
1010.0,200.3,1019.0,64.0,29.0
1010.0,200.35,1019.0,64.0,29.0
1010.0,200.4,1019.0,64.0,29.0
1010.0,200.45,1019.0,64.0,29.0
1010.0,200.5,1019.0,64.0,29.0
1020.0,189.5,922.0,36.0,7.0
1020.0,189.55,922.0,36.0,7.0
1020.0,189.6,922.0,36.0,7.0
1020.0,189.65,922.0,36.0,7.0
1020.0,189.7,922.0,36.0,7.0
1020.0,189.75,922.0,36.0,7.0
1020.0,189.8,922.0,36.0,7.0
1020.0,189.85,922.0,36.0,7.0
1020.0,189.9,922.0,36.0,7.0
1020.0,189.95,922.0,36.0,7.0
1020.0,190.0,922.0,36.0,7.0
1020.0,190.05,922.0,36.0,7.0
1020.0,190.1,922.0,36.0,7.0
1020.0,190.15,922.0,36.0,7.0
1020.0,190.2,922.0,36.0,7.0
1020.0,190.25,922.0,36.0,7.0
1020.0,190.3,922.0,36.0,7.0
1020.0,190.35,922.0,36.0,7.0
1020.0,190.4,922.0,36.0,7.0
1020.0,190.45,922.0,36.0,7.0
1020.0,190.5,922.0,36.0,7.0
1020.0,190.55,922.0,36.0,7.0
1020.0,190.6,922.0,36.0,7.0
1020.0,190.65,922.0,36.0,7.0
1020.0,190.7,922.0,36.0,7.0
1020.0,190.75,922.0,36.0,7.0
1020.0,190.8,922.0,36.0,7.0
1020.0,190.85,922.0,36.0,7.0
1020.0,190.9,922.0,36.0,7.0
1020.0,190.95,922.0,36.0,7.0
1020.0,191.0,922.0,36.0,7.0
1020.0,191.05,922.0,36.0,7.0
1020.0,191.1,922.0,36.0,7.0
1020.0,191.15,922.0,36.0,7.0
1020.0,191.2,922.0,36.0,7.0
1020.0,191.25,922.0,36.0,7.0
1020.0,191.3,922.0,36.0,7.0
1020.0,191.35,922.0,36.0,7.0
1020.0,191.4,922.0,36.0,7.0
1020.0,191.45,922.0,36.0,7.0
1020.0,191.5,922.0,36.0,7.0
1020.0,191.55,920.0,36.0,8.0
1020.0,191.6,919.0,36.0,8.0
1020.0,191.65,917.0,36.0,9.0
1020.0,191.7,916.0,36.0,9.0
1020.0,191.75,914.0,36.0,10.0
1020.0,191.8,912.0,35.0,10.0
1020.0,191.85,911.0,35.0,11.0
1020.0,191.9,909.0,35.0,11.0
1020.0,191.95,908.0,35.0,12.0
1020.0,192.0,906.0,35.0,12.0
1020.0,192.05,905.0,35.0,13.0
1020.0,192.1,905.0,35.0,13.0
1020.0,192.15,904.0,34.0,14.0
1020.0,192.2,903.0,34.0,14.0
1020.0,192.25,903.0,34.0,14.0
1020.0,192.3,902.0,34.0,15.0
1020.0,192.35,901.0,34.0,15.0
1020.0,192.4,901.0,34.0,16.0
1020.0,192.45,900.0,33.0,16.0
1020.0,192.5,899.0,33.0,16.0
1020.0,192.55,897.0,34.0,17.0
1020.0,192.6,895.0,34.0,17.0
1020.0,192.65,892.0,34.0,17.0
1020.0,192.7,890.0,35.0,17.0
1020.0,192.75,888.0,35.0,17.0
1020.0,192.8,885.0,35.0,18.0
1020.0,192.85,883.0,35.0,18.0
1020.0,192.9,881.0,36.0,18.0
1020.0,192.95,878.0,36.0,18.0
1020.0,193.0,876.0,36.0,18.0
1020.0,193.05,875.0,37.0,18.0
1020.0,193.1,875.0,38.0,18.0
1020.0,193.15,874.0,39.0,18.0
1020.0,193.2,874.0,40.0,18.0
1020.0,193.25,874.0,40.0,18.0
1020.0,193.3,873.0,41.0,17.0
1020.0,193.35,873.0,42.0,17.0
1020.0,193.4,873.0,43.0,17.0
1020.0,193.45,872.0,43.0,17.0
1020.0,193.5,872.0,44.0,17.0
1020.0,193.55,873.0,44.0,17.0
1020.0,193.6,874.0,44.0,17.0
1020.0,193.65,875.0,44.0,18.0
1020.0,193.7,876.0,44.0,18.0
1020.0,193.75,877.0,45.0,18.0
1020.0,193.8,878.0,45.0,18.0
1020.0,193.85,879.0,45.0,19.0
1020.0,193.9,880.0,45.0,19.0
1020.0,193.95,881.0,45.0,19.0
1020.0,194.0,882.0,45.0,19.0
1020.0,194.05,884.0,45.0,20.0
1020.0,194.1,886.0,44.0,20.0
1020.0,194.15,888.0,44.0,20.0
1020.0,194.2,890.0,44.0,21.0
1020.0,194.25,892.0,44.0,21.0
1020.0,194.3,894.0,44.0,21.0
1020.0,194.35,896.0,44.0,22.0
1020.0,194.4,898.0,44.0,22.0
1020.0,194.45,900.0,44.0,22.0
1020.0,194.5,902.0,44.0,22.0
1020.0,194.55,904.0,44.0,23.0
1020.0,194.6,906.0,44.0,23.0
1020.0,194.65,908.0,44.0,23.0
1020.0,194.7,910.0,44.0,23.0
1020.0,194.75,912.0,45.0,23.0
1020.0,194.8,914.0,45.0,24.0
1020.0,194.85,916.0,45.0,24.0
1020.0,194.9,918.0,45.0,24.0
1020.0,194.95,920.0,45.0,24.0
1020.0,195.0,922.0,45.0,25.0
1020.0,195.05,921.0,46.0,25.0
1020.0,195.1,921.0,46.0,25.0
1020.0,195.15,921.0,47.0,25.0
1020.0,195.2,921.0,47.0,25.0
1020.0,195.25,921.0,47.0,25.0
1020.0,195.3,921.0,48.0,25.0
1020.0,195.35,921.0,48.0,25.0
1020.0,195.4,921.0,48.0,25.0
1020.0,195.45,921.0,49.0,25.0
1020.0,195.5,921.0,49.0,25.0
1020.0,195.55,915.0,49.0,25.0
1020.0,195.6,909.0,50.0,26.0
1020.0,195.65,903.0,50.0,26.0
1020.0,195.7,897.0,50.0,27.0
1020.0,195.75,891.0,50.0,27.0
1020.0,195.8,885.0,51.0,28.0
1020.0,195.85,879.0,51.0,28.0
1020.0,195.9,873.0,51.0,29.0
1020.0,195.95,867.0,52.0,29.0
1020.0,196.0,858.0,52.0,30.0
1020.0,196.05,869.0,52.0,29.0
1020.0,196.1,878.0,52.0,29.0
1020.0,196.15,887.0,52.0,28.0
1020.0,196.2,895.0,52.0,28.0
1020.0,196.25,904.0,52.0,27.0
1020.0,196.3,912.0,52.0,27.0
1020.0,196.35,921.0,52.0,26.0
1020.0,196.4,930.0,52.0,26.0
1020.0,196.45,938.0,52.0,25.0
1020.0,196.5,947.0,52.0,25.0
1020.0,196.55,950.0,52.0,25.0
1020.0,196.6,952.0,52.0,26.0
1020.0,196.65,955.0,52.0,26.0
1020.0,196.7,958.0,52.0,26.0
1020.0,196.75,961.0,52.0,26.0
1020.0,196.8,964.0,52.0,27.0
1020.0,196.85,966.0,52.0,27.0
1020.0,196.9,969.0,53.0,27.0
1020.0,196.95,972.0,53.0,28.0
1020.0,197.0,975.0,53.0,28.0
1020.0,197.05,978.0,53.0,28.0
1020.0,197.1,981.0,53.0,29.0
1020.0,197.15,984.0,53.0,29.0
1020.0,197.2,987.0,54.0,29.0
1020.0,197.25,990.0,54.0,29.0
1020.0,197.3,993.0,54.0,29.0
1020.0,197.35,996.0,54.0,30.0
1020.0,197.4,999.0,54.0,30.0
1020.0,197.45,1002.0,54.0,30.0
1020.0,197.5,1005.0,55.0,30.0
1020.0,197.55,1007.0,55.0,30.0
1020.0,197.6,1010.0,56.0,31.0
1020.0,197.65,1012.0,56.0,31.0
1020.0,197.7,1014.0,57.0,31.0
1020.0,197.75,1016.0,57.0,31.0
1020.0,197.8,1018.0,57.0,32.0
1020.0,197.85,1021.0,58.0,32.0
1020.0,197.9,1023.0,58.0,32.0
1020.0,197.95,1025.0,59.0,32.0
1020.0,198.0,1027.0,59.0,32.0
1020.0,198.05,1028.0,60.0,32.0
1020.0,198.1,1029.0,60.0,32.0
1020.0,198.15,1029.0,61.0,32.0
1020.0,198.2,1030.0,61.0,31.0
1020.0,198.25,1031.0,62.0,31.0
1020.0,198.3,1031.0,62.0,31.0
1020.0,198.35,1032.0,63.0,30.0
1020.0,198.4,1033.0,63.0,30.0
1020.0,198.45,1033.0,63.0,30.0
1020.0,198.5,1034.0,65.0,30.0
1020.0,198.55,1034.0,65.0,30.0
1020.0,198.6,1034.0,65.0,30.0
1020.0,198.65,1034.0,65.0,30.0
1020.0,198.7,1034.0,65.0,30.0
1020.0,198.75,1034.0,65.0,30.0
1020.0,198.8,1034.0,65.0,30.0
1020.0,198.85,1034.0,65.0,30.0
1020.0,198.9,1034.0,65.0,30.0
1020.0,198.95,1034.0,65.0,30.0
1020.0,199.0,1034.0,65.0,30.0
1020.0,199.05,1034.0,65.0,30.0
1020.0,199.1,1034.0,65.0,30.0
1020.0,199.15,1034.0,65.0,30.0
1020.0,199.2,1034.0,65.0,30.0
1020.0,199.25,1034.0,65.0,30.0
1020.0,199.3,1034.0,65.0,30.0
1020.0,199.35,1034.0,65.0,30.0
1020.0,199.4,1034.0,65.0,30.0
1020.0,199.45,1034.0,65.0,30.0
1020.0,199.5,1034.0,65.0,30.0
1020.0,199.55,1034.0,65.0,30.0
1020.0,199.6,1034.0,65.0,30.0
1020.0,199.65,1034.0,65.0,30.0
1020.0,199.7,1034.0,65.0,30.0
1020.0,199.75,1034.0,65.0,30.0
1020.0,199.8,1034.0,65.0,30.0
1020.0,199.85,1034.0,65.0,30.0
1020.0,199.9,1034.0,65.0,30.0
1020.0,199.95,1034.0,65.0,30.0
1020.0,200.0,1034.0,65.0,30.0
1020.0,200.05,1034.0,65.0,30.0
1020.0,200.1,1034.0,65.0,30.0
1020.0,200.15,1034.0,65.0,30.0
1020.0,200.2,1034.0,65.0,30.0
1020.0,200.25,1034.0,65.0,30.0
1020.0,200.3,1034.0,65.0,30.0
1020.0,200.35,1034.0,65.0,30.0
1020.0,200.4,1034.0,65.0,30.0
1020.0,200.45,1034.0,65.0,30.0
1020.0,200.5,1034.0,65.0,30.0
1030.0,189.5,938.0,36.0,7.0
1030.0,189.55,938.0,36.0,7.0
1030.0,189.6,938.0,36.0,7.0
1030.0,189.65,938.0,36.0,7.0
1030.0,189.7,938.0,36.0,7.0
1030.0,189.75,938.0,36.0,7.0
1030.0,189.8,938.0,36.0,7.0
1030.0,189.85,938.0,36.0,7.0
1030.0,189.9,938.0,36.0,7.0
1030.0,189.95,938.0,36.0,7.0
1030.0,190.0,938.0,36.0,7.0
1030.0,190.05,938.0,36.0,7.0
1030.0,190.1,938.0,36.0,7.0
1030.0,190.15,938.0,36.0,7.0
1030.0,190.2,938.0,36.0,7.0
1030.0,190.25,938.0,36.0,7.0
1030.0,190.3,938.0,36.0,7.0
1030.0,190.35,938.0,36.0,7.0
1030.0,190.4,938.0,36.0,7.0
1030.0,190.45,938.0,36.0,7.0
1030.0,190.5,938.0,36.0,7.0
1030.0,190.55,938.0,36.0,7.0
1030.0,190.6,938.0,36.0,7.0
1030.0,190.65,938.0,36.0,7.0
1030.0,190.7,938.0,36.0,7.0
1030.0,190.75,938.0,36.0,7.0
1030.0,190.8,938.0,36.0,7.0
1030.0,190.85,938.0,36.0,7.0
1030.0,190.9,938.0,36.0,7.0
1030.0,190.95,938.0,36.0,7.0
1030.0,191.0,938.0,36.0,7.0
1030.0,191.05,938.0,36.0,7.0
1030.0,191.1,938.0,36.0,7.0
1030.0,191.15,938.0,36.0,7.0
1030.0,191.2,938.0,36.0,7.0
1030.0,191.25,938.0,36.0,7.0
1030.0,191.3,938.0,36.0,7.0
1030.0,191.35,938.0,36.0,7.0
1030.0,191.4,938.0,36.0,7.0
1030.0,191.45,938.0,36.0,7.0
1030.0,191.5,938.0,36.0,7.0
1030.0,191.55,936.0,36.0,8.0
1030.0,191.6,934.0,36.0,8.0
1030.0,191.65,933.0,36.0,9.0
1030.0,191.7,931.0,36.0,9.0
1030.0,191.75,930.0,36.0,10.0
1030.0,191.8,928.0,36.0,10.0
1030.0,191.85,926.0,36.0,11.0
1030.0,191.9,925.0,35.0,11.0
1030.0,191.95,923.0,35.0,12.0
1030.0,192.0,922.0,35.0,13.0
1030.0,192.05,921.0,35.0,13.0
1030.0,192.1,920.0,35.0,13.0
1030.0,192.15,920.0,35.0,14.0
1030.0,192.2,919.0,34.0,14.0
1030.0,192.25,918.0,34.0,15.0
1030.0,192.3,918.0,34.0,15.0
1030.0,192.35,917.0,34.0,15.0
1030.0,192.4,916.0,34.0,16.0
1030.0,192.45,915.0,34.0,16.0
1030.0,192.5,915.0,34.0,17.0
1030.0,192.55,912.0,34.0,17.0
1030.0,192.6,910.0,34.0,17.0
1030.0,192.65,908.0,35.0,17.0
1030.0,192.7,906.0,35.0,17.0
1030.0,192.75,903.0,35.0,18.0
1030.0,192.8,901.0,36.0,18.0
1030.0,192.85,899.0,36.0,18.0
1030.0,192.9,896.0,36.0,18.0
1030.0,192.95,894.0,36.0,18.0
1030.0,193.0,891.0,36.0,19.0
1030.0,193.05,890.0,38.0,18.0
1030.0,193.1,890.0,38.0,18.0
1030.0,193.15,889.0,39.0,18.0
1030.0,193.2,889.0,40.0,18.0
1030.0,193.25,889.0,41.0,18.0
1030.0,193.3,888.0,42.0,18.0
1030.0,193.35,888.0,42.0,18.0
1030.0,193.4,888.0,43.0,17.0
1030.0,193.45,888.0,44.0,17.0
1030.0,193.5,887.0,45.0,17.0
1030.0,193.55,888.0,45.0,17.0
1030.0,193.6,889.0,45.0,18.0
1030.0,193.65,890.0,45.0,18.0
1030.0,193.7,891.0,45.0,18.0
1030.0,193.75,892.0,45.0,18.0
1030.0,193.8,893.0,45.0,19.0
1030.0,193.85,894.0,45.0,19.0
1030.0,193.9,895.0,45.0,19.0
1030.0,193.95,896.0,45.0,19.0
1030.0,194.0,897.0,45.0,19.0
1030.0,194.05,900.0,45.0,20.0
1030.0,194.1,902.0,45.0,20.0
1030.0,194.15,903.0,45.0,21.0
1030.0,194.2,905.0,45.0,21.0
1030.0,194.25,907.0,45.0,21.0
1030.0,194.3,909.0,44.0,21.0
1030.0,194.35,911.0,44.0,22.0
1030.0,194.4,913.0,44.0,22.0
1030.0,194.45,915.0,44.0,22.0
1030.0,194.5,917.0,44.0,23.0
1030.0,194.55,919.0,44.0,23.0
1030.0,194.6,921.0,44.0,23.0
1030.0,194.65,923.0,45.0,23.0
1030.0,194.7,925.0,45.0,23.0
1030.0,194.75,927.0,45.0,24.0
1030.0,194.8,929.0,45.0,24.0
1030.0,194.85,931.0,45.0,24.0
1030.0,194.9,933.0,45.0,24.0
1030.0,194.95,935.0,46.0,25.0
1030.0,195.0,937.0,46.0,25.0
1030.0,195.05,936.0,46.0,25.0
1030.0,195.1,936.0,47.0,25.0
1030.0,195.15,936.0,47.0,25.0
1030.0,195.2,936.0,47.0,25.0
1030.0,195.25,936.0,48.0,25.0
1030.0,195.3,936.0,48.0,25.0
1030.0,195.35,936.0,48.0,25.0
1030.0,195.4,936.0,49.0,25.0
1030.0,195.45,936.0,49.0,25.0
1030.0,195.5,936.0,49.0,25.0
1030.0,195.55,930.0,50.0,26.0
1030.0,195.6,924.0,50.0,26.0
1030.0,195.65,918.0,50.0,26.0
1030.0,195.7,912.0,51.0,27.0
1030.0,195.75,906.0,51.0,27.0
1030.0,195.8,900.0,51.0,28.0
1030.0,195.85,894.0,51.0,28.0
1030.0,195.9,888.0,52.0,29.0
1030.0,195.95,882.0,52.0,29.0
1030.0,196.0,872.0,52.0,31.0
1030.0,196.05,884.0,52.0,29.0
1030.0,196.1,893.0,52.0,29.0
1030.0,196.15,901.0,52.0,28.0
1030.0,196.2,910.0,52.0,28.0
1030.0,196.25,919.0,52.0,27.0
1030.0,196.3,927.0,52.0,27.0
1030.0,196.35,936.0,52.0,26.0
1030.0,196.4,944.0,52.0,26.0
1030.0,196.45,953.0,52.0,26.0
1030.0,196.5,962.0,52.0,25.0
1030.0,196.55,964.0,52.0,25.0
1030.0,196.6,967.0,52.0,26.0
1030.0,196.65,970.0,52.0,26.0
1030.0,196.7,973.0,53.0,26.0
1030.0,196.75,976.0,53.0,27.0
1030.0,196.8,978.0,53.0,27.0
1030.0,196.85,981.0,53.0,27.0
1030.0,196.9,984.0,53.0,27.0
1030.0,196.95,987.0,53.0,28.0
1030.0,197.0,990.0,53.0,28.0
1030.0,197.05,993.0,53.0,29.0
1030.0,197.1,996.0,54.0,29.0
1030.0,197.15,999.0,54.0,29.0
1030.0,197.2,1002.0,54.0,29.0
1030.0,197.25,1005.0,54.0,29.0
1030.0,197.3,1008.0,54.0,30.0
1030.0,197.35,1011.0,55.0,30.0
1030.0,197.4,1014.0,55.0,30.0
1030.0,197.45,1017.0,55.0,30.0
1030.0,197.5,1021.0,55.0,31.0
1030.0,197.55,1022.0,56.0,31.0
1030.0,197.6,1025.0,56.0,31.0
1030.0,197.65,1027.0,57.0,31.0
1030.0,197.7,1029.0,57.0,31.0
1030.0,197.75,1031.0,57.0,32.0
1030.0,197.8,1033.0,58.0,32.0
1030.0,197.85,1036.0,58.0,32.0
1030.0,197.9,1038.0,59.0,32.0
1030.0,197.95,1040.0,59.0,32.0
1030.0,198.0,1042.0,60.0,33.0
1030.0,198.05,1043.0,60.0,32.0
1030.0,198.1,1044.0,61.0,32.0
1030.0,198.15,1044.0,61.0,32.0
1030.0,198.2,1045.0,62.0,32.0
1030.0,198.25,1046.0,62.0,31.0
1030.0,198.3,1046.0,62.0,31.0
1030.0,198.35,1047.0,63.0,31.0
1030.0,198.4,1048.0,63.0,30.0
1030.0,198.45,1049.0,64.0,30.0
1030.0,198.5,1048.0,66.0,30.0
1030.0,198.55,1048.0,66.0,30.0
1030.0,198.6,1048.0,66.0,30.0
1030.0,198.65,1048.0,66.0,30.0
1030.0,198.7,1048.0,66.0,30.0
1030.0,198.75,1048.0,66.0,30.0
1030.0,198.8,1048.0,66.0,30.0
1030.0,198.85,1048.0,66.0,30.0
1030.0,198.9,1048.0,66.0,30.0
1030.0,198.95,1048.0,66.0,30.0
1030.0,199.0,1048.0,66.0,30.0
1030.0,199.05,1048.0,66.0,30.0
1030.0,199.1,1048.0,66.0,30.0
1030.0,199.15,1048.0,66.0,30.0
1030.0,199.2,1048.0,66.0,30.0
1030.0,199.25,1048.0,66.0,30.0
1030.0,199.3,1048.0,66.0,30.0
1030.0,199.35,1048.0,66.0,30.0
1030.0,199.4,1048.0,66.0,30.0
1030.0,199.45,1048.0,66.0,30.0
1030.0,199.5,1048.0,66.0,30.0
1030.0,199.55,1048.0,66.0,30.0
1030.0,199.6,1048.0,66.0,30.0
1030.0,199.65,1048.0,66.0,30.0
1030.0,199.7,1048.0,66.0,30.0
1030.0,199.75,1048.0,66.0,30.0
1030.0,199.8,1048.0,66.0,30.0
1030.0,199.85,1048.0,66.0,30.0
1030.0,199.9,1048.0,66.0,30.0
1030.0,199.95,1048.0,66.0,30.0
1030.0,200.0,1048.0,66.0,30.0
1030.0,200.05,1048.0,66.0,30.0
1030.0,200.1,1048.0,66.0,30.0
1030.0,200.15,1048.0,66.0,30.0
1030.0,200.2,1048.0,66.0,30.0
1030.0,200.25,1048.0,66.0,30.0
1030.0,200.3,1048.0,66.0,30.0
1030.0,200.35,1048.0,66.0,30.0
1030.0,200.4,1048.0,66.0,30.0
1030.0,200.45,1048.0,66.0,30.0
1030.0,200.5,1048.0,66.0,30.0
1040.0,189.5,953.0,37.0,7.0
1040.0,189.55,953.0,37.0,7.0
1040.0,189.6,953.0,37.0,7.0
1040.0,189.65,953.0,37.0,7.0
1040.0,189.7,953.0,37.0,7.0
1040.0,189.75,953.0,37.0,7.0
1040.0,189.8,953.0,37.0,7.0
1040.0,189.85,953.0,37.0,7.0
1040.0,189.9,953.0,37.0,7.0
1040.0,189.95,953.0,37.0,7.0
1040.0,190.0,953.0,37.0,7.0
1040.0,190.05,953.0,37.0,7.0
1040.0,190.1,953.0,37.0,7.0
1040.0,190.15,953.0,37.0,7.0
1040.0,190.2,953.0,37.0,7.0
1040.0,190.25,953.0,37.0,7.0
1040.0,190.3,953.0,37.0,7.0
1040.0,190.35,953.0,37.0,7.0
1040.0,190.4,953.0,37.0,7.0
1040.0,190.45,953.0,37.0,7.0
1040.0,190.5,953.0,37.0,7.0
1040.0,190.55,953.0,37.0,7.0
1040.0,190.6,953.0,37.0,7.0
1040.0,190.65,953.0,37.0,7.0
1040.0,190.7,953.0,37.0,7.0
1040.0,190.75,953.0,37.0,7.0
1040.0,190.8,953.0,37.0,7.0
1040.0,190.85,953.0,37.0,7.0
1040.0,190.9,953.0,37.0,7.0
1040.0,190.95,953.0,37.0,7.0
1040.0,191.0,953.0,37.0,7.0
1040.0,191.05,953.0,37.0,7.0
1040.0,191.1,953.0,37.0,7.0
1040.0,191.15,953.0,37.0,7.0
1040.0,191.2,953.0,37.0,7.0
1040.0,191.25,953.0,37.0,7.0
1040.0,191.3,953.0,37.0,7.0
1040.0,191.35,953.0,37.0,7.0
1040.0,191.4,953.0,37.0,7.0
1040.0,191.45,953.0,37.0,7.0
1040.0,191.5,953.0,37.0,7.0
1040.0,191.55,952.0,37.0,8.0
1040.0,191.6,950.0,37.0,8.0
1040.0,191.65,948.0,36.0,9.0
1040.0,191.7,947.0,36.0,9.0
1040.0,191.75,945.0,36.0,10.0
1040.0,191.8,944.0,36.0,10.0
1040.0,191.85,942.0,36.0,11.0
1040.0,191.9,940.0,36.0,11.0
1040.0,191.95,939.0,36.0,12.0
1040.0,192.0,937.0,35.0,13.0
1040.0,192.05,937.0,35.0,13.0
1040.0,192.1,936.0,35.0,13.0
1040.0,192.15,935.0,35.0,14.0
1040.0,192.2,934.0,35.0,14.0
1040.0,192.25,934.0,35.0,15.0
1040.0,192.3,933.0,34.0,15.0
1040.0,192.35,932.0,34.0,15.0
1040.0,192.4,932.0,34.0,16.0
1040.0,192.45,931.0,34.0,16.0
1040.0,192.5,930.0,34.0,17.0
1040.0,192.55,928.0,34.0,17.0
1040.0,192.6,926.0,35.0,17.0
1040.0,192.65,923.0,35.0,17.0
1040.0,192.7,921.0,35.0,18.0
1040.0,192.75,919.0,36.0,18.0
1040.0,192.8,916.0,36.0,18.0
1040.0,192.85,914.0,36.0,18.0
1040.0,192.9,912.0,36.0,18.0
1040.0,192.95,909.0,37.0,19.0
1040.0,193.0,906.0,36.0,19.0
1040.0,193.05,905.0,38.0,19.0
1040.0,193.1,905.0,39.0,19.0
1040.0,193.15,904.0,40.0,18.0
1040.0,193.2,904.0,40.0,18.0
1040.0,193.25,904.0,41.0,18.0
1040.0,193.3,904.0,42.0,18.0
1040.0,193.35,903.0,43.0,18.0
1040.0,193.4,903.0,44.0,18.0
1040.0,193.45,903.0,44.0,17.0
1040.0,193.5,902.0,45.0,17.0
1040.0,193.55,903.0,45.0,17.0
1040.0,193.6,904.0,45.0,18.0
1040.0,193.65,905.0,45.0,18.0
1040.0,193.7,906.0,45.0,18.0
1040.0,193.75,907.0,45.0,19.0
1040.0,193.8,908.0,45.0,19.0
1040.0,193.85,909.0,46.0,19.0
1040.0,193.9,910.0,46.0,19.0
1040.0,193.95,911.0,46.0,20.0
1040.0,194.0,912.0,45.0,20.0
1040.0,194.05,915.0,45.0,20.0
1040.0,194.1,917.0,45.0,20.0
1040.0,194.15,919.0,45.0,21.0
1040.0,194.2,921.0,45.0,21.0
1040.0,194.25,923.0,45.0,21.0
1040.0,194.3,924.0,45.0,22.0
1040.0,194.35,926.0,45.0,22.0
1040.0,194.4,928.0,45.0,22.0
1040.0,194.45,930.0,45.0,23.0
1040.0,194.5,932.0,44.0,23.0
1040.0,194.55,934.0,45.0,23.0
1040.0,194.6,936.0,45.0,23.0
1040.0,194.65,938.0,45.0,23.0
1040.0,194.7,940.0,45.0,24.0
1040.0,194.75,942.0,45.0,24.0
1040.0,194.8,944.0,45.0,24.0
1040.0,194.85,946.0,46.0,24.0
1040.0,194.9,948.0,46.0,25.0
1040.0,194.95,950.0,46.0,25.0
1040.0,195.0,953.0,46.0,25.0
1040.0,195.05,952.0,47.0,25.0
1040.0,195.1,952.0,47.0,25.0
1040.0,195.15,952.0,48.0,25.0
1040.0,195.2,952.0,48.0,25.0
1040.0,195.25,952.0,48.0,25.0
1040.0,195.3,952.0,48.0,25.0
1040.0,195.35,952.0,49.0,25.0
1040.0,195.4,952.0,49.0,25.0
1040.0,195.45,952.0,49.0,25.0
1040.0,195.5,952.0,50.0,25.0
1040.0,195.55,946.0,50.0,26.0
1040.0,195.6,940.0,50.0,26.0
1040.0,195.65,934.0,51.0,27.0
1040.0,195.7,928.0,51.0,27.0
1040.0,195.75,922.0,51.0,28.0
1040.0,195.8,916.0,51.0,28.0
1040.0,195.85,910.0,52.0,28.0
1040.0,195.9,904.0,52.0,29.0
1040.0,195.95,897.0,52.0,30.0
1040.0,196.0,886.0,53.0,31.0
1040.0,196.05,898.0,53.0,29.0
1040.0,196.1,908.0,53.0,29.0
1040.0,196.15,916.0,53.0,28.0
1040.0,196.2,925.0,53.0,28.0
1040.0,196.25,933.0,53.0,27.0
1040.0,196.3,942.0,53.0,27.0
1040.0,196.35,951.0,52.0,27.0
1040.0,196.4,959.0,52.0,26.0
1040.0,196.45,968.0,52.0,26.0
1040.0,196.5,976.0,52.0,25.0
1040.0,196.55,979.0,53.0,26.0
1040.0,196.6,982.0,53.0,26.0
1040.0,196.65,985.0,53.0,26.0
1040.0,196.7,988.0,53.0,26.0
1040.0,196.75,990.0,53.0,27.0
1040.0,196.8,993.0,53.0,27.0
1040.0,196.85,996.0,53.0,27.0
1040.0,196.9,999.0,53.0,28.0
1040.0,196.95,1002.0,54.0,28.0
1040.0,197.0,1005.0,54.0,29.0
1040.0,197.05,1008.0,54.0,29.0
1040.0,197.1,1011.0,54.0,29.0
1040.0,197.15,1014.0,54.0,29.0
1040.0,197.2,1017.0,54.0,29.0
1040.0,197.25,1020.0,55.0,30.0
1040.0,197.3,1023.0,55.0,30.0
1040.0,197.35,1026.0,55.0,30.0
1040.0,197.4,1029.0,55.0,30.0
1040.0,197.45,1032.0,55.0,31.0
1040.0,197.5,1036.0,55.0,31.0
1040.0,197.55,1038.0,56.0,31.0
1040.0,197.6,1040.0,57.0,31.0
1040.0,197.65,1042.0,57.0,31.0
1040.0,197.7,1044.0,57.0,32.0
1040.0,197.75,1046.0,58.0,32.0
1040.0,197.8,1049.0,58.0,32.0
1040.0,197.85,1051.0,59.0,32.0
1040.0,197.9,1053.0,59.0,32.0
1040.0,197.95,1055.0,60.0,33.0
1040.0,198.0,1057.0,60.0,33.0
1040.0,198.05,1058.0,61.0,33.0
1040.0,198.1,1059.0,61.0,32.0
1040.0,198.15,1059.0,62.0,32.0
1040.0,198.2,1060.0,62.0,32.0
1040.0,198.25,1061.0,62.0,32.0
1040.0,198.3,1062.0,63.0,31.0
1040.0,198.35,1062.0,63.0,31.0
1040.0,198.4,1063.0,64.0,31.0
1040.0,198.45,1064.0,65.0,30.0
1040.0,198.5,1063.0,66.0,30.0
1040.0,198.55,1063.0,66.0,30.0
1040.0,198.6,1063.0,66.0,30.0
1040.0,198.65,1063.0,66.0,30.0
1040.0,198.7,1063.0,66.0,30.0
1040.0,198.75,1063.0,66.0,30.0
1040.0,198.8,1063.0,66.0,30.0
1040.0,198.85,1063.0,66.0,30.0
1040.0,198.9,1063.0,66.0,30.0
1040.0,198.95,1063.0,66.0,30.0
1040.0,199.0,1063.0,66.0,30.0
1040.0,199.05,1063.0,66.0,30.0
1040.0,199.1,1063.0,66.0,30.0
1040.0,199.15,1063.0,66.0,30.0
1040.0,199.2,1063.0,66.0,30.0
1040.0,199.25,1063.0,66.0,30.0
1040.0,199.3,1063.0,66.0,30.0
1040.0,199.35,1063.0,66.0,30.0
1040.0,199.4,1063.0,66.0,30.0
1040.0,199.45,1063.0,66.0,30.0
1040.0,199.5,1063.0,66.0,30.0
1040.0,199.55,1063.0,66.0,30.0
1040.0,199.6,1063.0,66.0,30.0
1040.0,199.65,1063.0,66.0,30.0
1040.0,199.7,1063.0,66.0,30.0
1040.0,199.75,1063.0,66.0,30.0
1040.0,199.8,1063.0,66.0,30.0
1040.0,199.85,1063.0,66.0,30.0
1040.0,199.9,1063.0,66.0,30.0
1040.0,199.95,1063.0,66.0,30.0
1040.0,200.0,1063.0,66.0,30.0
1040.0,200.05,1063.0,66.0,30.0
1040.0,200.1,1063.0,66.0,30.0
1040.0,200.15,1063.0,66.0,30.0
1040.0,200.2,1063.0,66.0,30.0
1040.0,200.25,1063.0,66.0,30.0
1040.0,200.3,1063.0,66.0,30.0
1040.0,200.35,1063.0,66.0,30.0
1040.0,200.4,1063.0,66.0,30.0
1040.0,200.45,1063.0,66.0,30.0
1040.0,200.5,1063.0,66.0,30.0
1050.0,189.5,969.0,37.0,8.0
1050.0,189.55,969.0,37.0,8.0
1050.0,189.6,969.0,37.0,8.0
1050.0,189.65,969.0,37.0,8.0
1050.0,189.7,969.0,37.0,8.0
1050.0,189.75,969.0,37.0,8.0
1050.0,189.8,969.0,37.0,8.0
1050.0,189.85,969.0,37.0,8.0
1050.0,189.9,969.0,37.0,8.0
1050.0,189.95,969.0,37.0,8.0
1050.0,190.0,969.0,37.0,8.0
1050.0,190.05,969.0,37.0,8.0
1050.0,190.1,969.0,37.0,8.0
1050.0,190.15,969.0,37.0,8.0
1050.0,190.2,969.0,37.0,8.0
1050.0,190.25,969.0,37.0,8.0
1050.0,190.3,969.0,37.0,8.0
1050.0,190.35,969.0,37.0,8.0
1050.0,190.4,969.0,37.0,8.0
1050.0,190.45,969.0,37.0,8.0
1050.0,190.5,969.0,37.0,8.0
1050.0,190.55,969.0,37.0,8.0
1050.0,190.6,969.0,37.0,8.0
1050.0,190.65,969.0,37.0,8.0
1050.0,190.7,969.0,37.0,8.0
1050.0,190.75,969.0,37.0,8.0
1050.0,190.8,969.0,37.0,8.0
1050.0,190.85,969.0,37.0,8.0
1050.0,190.9,969.0,37.0,8.0
1050.0,190.95,969.0,37.0,8.0
1050.0,191.0,969.0,37.0,8.0
1050.0,191.05,969.0,37.0,8.0
1050.0,191.1,969.0,37.0,8.0
1050.0,191.15,969.0,37.0,8.0
1050.0,191.2,969.0,37.0,8.0
1050.0,191.25,969.0,37.0,8.0
1050.0,191.3,969.0,37.0,8.0
1050.0,191.35,969.0,37.0,8.0
1050.0,191.4,969.0,37.0,8.0
1050.0,191.45,969.0,37.0,8.0
1050.0,191.5,969.0,37.0,8.0
1050.0,191.55,967.0,37.0,8.0
1050.0,191.6,966.0,37.0,8.0
1050.0,191.65,964.0,37.0,9.0
1050.0,191.7,962.0,37.0,9.0
1050.0,191.75,961.0,36.0,10.0
1050.0,191.8,959.0,36.0,10.0
1050.0,191.85,958.0,36.0,11.0
1050.0,191.9,956.0,36.0,11.0
1050.0,191.95,954.0,36.0,12.0
1050.0,192.0,953.0,36.0,13.0
1050.0,192.05,952.0,35.0,13.0
1050.0,192.1,951.0,35.0,14.0
1050.0,192.15,951.0,35.0,14.0
1050.0,192.2,950.0,35.0,14.0
1050.0,192.25,949.0,35.0,15.0
1050.0,192.3,949.0,35.0,15.0
1050.0,192.35,948.0,34.0,16.0
1050.0,192.4,947.0,34.0,16.0
1050.0,192.45,947.0,34.0,16.0
1050.0,192.5,946.0,35.0,17.0
1050.0,192.55,944.0,35.0,17.0
1050.0,192.6,941.0,35.0,17.0
1050.0,192.65,939.0,35.0,18.0
1050.0,192.7,937.0,36.0,18.0
1050.0,192.75,934.0,36.0,18.0
1050.0,192.8,932.0,36.0,18.0
1050.0,192.85,930.0,37.0,19.0
1050.0,192.9,927.0,37.0,19.0
1050.0,192.95,925.0,37.0,19.0
1050.0,193.0,921.0,37.0,19.0
1050.0,193.05,920.0,38.0,19.0
1050.0,193.1,920.0,39.0,19.0
1050.0,193.15,920.0,40.0,19.0
1050.0,193.2,919.0,41.0,18.0
1050.0,193.25,919.0,42.0,18.0
1050.0,193.3,919.0,42.0,18.0
1050.0,193.35,918.0,43.0,18.0
1050.0,193.4,918.0,44.0,18.0
1050.0,193.45,918.0,45.0,18.0
1050.0,193.5,917.0,46.0,17.0
1050.0,193.55,918.0,46.0,18.0
1050.0,193.6,919.0,46.0,18.0
1050.0,193.65,920.0,46.0,18.0
1050.0,193.7,921.0,46.0,18.0
1050.0,193.75,922.0,46.0,19.0
1050.0,193.8,923.0,46.0,19.0
1050.0,193.85,924.0,46.0,19.0
1050.0,193.9,925.0,46.0,20.0
1050.0,193.95,926.0,46.0,20.0
1050.0,194.0,927.0,46.0,20.0
1050.0,194.05,930.0,46.0,20.0
1050.0,194.1,932.0,45.0,21.0
1050.0,194.15,934.0,45.0,21.0
1050.0,194.2,936.0,45.0,21.0
1050.0,194.25,938.0,45.0,22.0
1050.0,194.3,940.0,45.0,22.0
1050.0,194.35,942.0,45.0,22.0
1050.0,194.4,943.0,45.0,22.0
1050.0,194.45,945.0,45.0,23.0
1050.0,194.5,947.0,45.0,23.0
1050.0,194.55,949.0,45.0,23.0
1050.0,194.6,951.0,45.0,23.0
1050.0,194.65,953.0,45.0,24.0
1050.0,194.7,955.0,45.0,24.0
1050.0,194.75,957.0,46.0,24.0
1050.0,194.8,959.0,46.0,24.0
1050.0,194.85,961.0,46.0,25.0
1050.0,194.9,963.0,46.0,25.0
1050.0,194.95,965.0,46.0,25.0
1050.0,195.0,968.0,46.0,25.0
1050.0,195.05,967.0,47.0,25.0
1050.0,195.1,967.0,48.0,25.0
1050.0,195.15,967.0,48.0,25.0
1050.0,195.2,967.0,48.0,25.0
1050.0,195.25,967.0,49.0,25.0
1050.0,195.3,967.0,49.0,25.0
1050.0,195.35,967.0,49.0,25.0
1050.0,195.4,967.0,50.0,25.0
1050.0,195.45,967.0,50.0,25.0
1050.0,195.5,967.0,50.0,25.0
1050.0,195.55,961.0,50.0,26.0
1050.0,195.6,955.0,51.0,26.0
1050.0,195.65,949.0,51.0,27.0
1050.0,195.7,943.0,51.0,27.0
1050.0,195.75,937.0,52.0,28.0
1050.0,195.8,931.0,52.0,28.0
1050.0,195.85,925.0,52.0,29.0
1050.0,195.9,919.0,52.0,29.0
1050.0,195.95,911.0,53.0,30.0
1050.0,196.0,900.0,53.0,32.0
1050.0,196.05,912.0,53.0,30.0
1050.0,196.1,922.0,53.0,29.0
1050.0,196.15,931.0,53.0,28.0
1050.0,196.2,940.0,53.0,28.0
1050.0,196.25,948.0,53.0,28.0
1050.0,196.3,957.0,53.0,27.0
1050.0,196.35,965.0,53.0,27.0
1050.0,196.4,974.0,53.0,26.0
1050.0,196.45,983.0,53.0,26.0
1050.0,196.5,991.0,53.0,25.0
1050.0,196.55,994.0,53.0,26.0
1050.0,196.6,997.0,53.0,26.0
1050.0,196.65,1000.0,53.0,26.0
1050.0,196.7,1002.0,53.0,27.0
1050.0,196.75,1005.0,53.0,27.0
1050.0,196.8,1008.0,54.0,27.0
1050.0,196.85,1011.0,54.0,27.0
1050.0,196.9,1014.0,54.0,28.0
1050.0,196.95,1017.0,54.0,28.0
1050.0,197.0,1020.0,54.0,29.0
1050.0,197.05,1023.0,54.0,29.0
1050.0,197.1,1026.0,54.0,29.0
1050.0,197.15,1029.0,55.0,29.0
1050.0,197.2,1032.0,55.0,30.0
1050.0,197.25,1035.0,55.0,30.0
1050.0,197.3,1038.0,55.0,30.0
1050.0,197.35,1041.0,55.0,30.0
1050.0,197.4,1044.0,55.0,31.0
1050.0,197.45,1047.0,56.0,31.0
1050.0,197.5,1051.0,56.0,31.0
1050.0,197.55,1053.0,56.0,31.0
1050.0,197.6,1055.0,57.0,31.0
1050.0,197.65,1057.0,57.0,32.0
1050.0,197.7,1059.0,58.0,32.0
1050.0,197.75,1061.0,58.0,32.0
1050.0,197.8,1064.0,59.0,32.0
1050.0,197.85,1066.0,59.0,32.0
1050.0,197.9,1068.0,60.0,33.0
1050.0,197.95,1070.0,60.0,33.0
1050.0,198.0,1072.0,61.0,33.0
1050.0,198.05,1073.0,61.0,33.0
1050.0,198.1,1074.0,62.0,33.0
1050.0,198.15,1075.0,62.0,32.0
1050.0,198.2,1075.0,62.0,32.0
1050.0,198.25,1076.0,63.0,32.0
1050.0,198.3,1077.0,63.0,31.0
1050.0,198.35,1077.0,64.0,31.0
1050.0,198.4,1078.0,64.0,31.0
1050.0,198.45,1078.0,65.0,31.0
1050.0,198.5,1078.0,67.0,30.0
1050.0,198.55,1078.0,67.0,30.0
1050.0,198.6,1078.0,67.0,30.0
1050.0,198.65,1078.0,67.0,30.0
1050.0,198.7,1078.0,67.0,30.0
1050.0,198.75,1078.0,67.0,30.0
1050.0,198.8,1078.0,67.0,30.0
1050.0,198.85,1078.0,67.0,30.0
1050.0,198.9,1078.0,67.0,30.0
1050.0,198.95,1078.0,67.0,30.0
1050.0,199.0,1078.0,67.0,30.0
1050.0,199.05,1078.0,67.0,30.0
1050.0,199.1,1078.0,67.0,30.0
1050.0,199.15,1078.0,67.0,30.0
1050.0,199.2,1078.0,67.0,30.0
1050.0,199.25,1078.0,67.0,30.0
1050.0,199.3,1078.0,67.0,30.0
1050.0,199.35,1078.0,67.0,30.0
1050.0,199.4,1078.0,67.0,30.0
1050.0,199.45,1078.0,67.0,30.0
1050.0,199.5,1078.0,67.0,30.0
1050.0,199.55,1078.0,67.0,30.0
1050.0,199.6,1078.0,67.0,30.0
1050.0,199.65,1078.0,67.0,30.0
1050.0,199.7,1078.0,67.0,30.0
1050.0,199.75,1078.0,67.0,30.0
1050.0,199.8,1078.0,67.0,30.0
1050.0,199.85,1078.0,67.0,30.0
1050.0,199.9,1078.0,67.0,30.0
1050.0,199.95,1078.0,67.0,30.0
1050.0,200.0,1078.0,67.0,30.0
1050.0,200.05,1078.0,67.0,30.0
1050.0,200.1,1078.0,67.0,30.0
1050.0,200.15,1078.0,67.0,30.0
1050.0,200.2,1078.0,67.0,30.0
1050.0,200.25,1078.0,67.0,30.0
1050.0,200.3,1078.0,67.0,30.0
1050.0,200.35,1078.0,67.0,30.0
1050.0,200.4,1078.0,67.0,30.0
1050.0,200.45,1078.0,67.0,30.0
1050.0,200.5,1078.0,67.0,30.0
1060.0,189.5,984.0,37.0,8.0
1060.0,189.55,984.0,37.0,8.0
1060.0,189.6,984.0,37.0,8.0
1060.0,189.65,984.0,37.0,8.0
1060.0,189.7,984.0,37.0,8.0
1060.0,189.75,984.0,37.0,8.0
1060.0,189.8,984.0,37.0,8.0
1060.0,189.85,984.0,37.0,8.0
1060.0,189.9,984.0,37.0,8.0
1060.0,189.95,984.0,37.0,8.0
1060.0,190.0,984.0,37.0,8.0
1060.0,190.05,984.0,37.0,8.0
1060.0,190.1,984.0,37.0,8.0
1060.0,190.15,984.0,37.0,8.0
1060.0,190.2,984.0,37.0,8.0
1060.0,190.25,984.0,37.0,8.0
1060.0,190.3,984.0,37.0,8.0
1060.0,190.35,984.0,37.0,8.0
1060.0,190.4,984.0,37.0,8.0
1060.0,190.45,984.0,37.0,8.0
1060.0,190.5,984.0,37.0,8.0
1060.0,190.55,984.0,37.0,8.0
1060.0,190.6,984.0,37.0,8.0
1060.0,190.65,984.0,37.0,8.0
1060.0,190.7,984.0,37.0,8.0
1060.0,190.75,984.0,37.0,8.0
1060.0,190.8,984.0,37.0,8.0
1060.0,190.85,984.0,37.0,8.0
1060.0,190.9,984.0,37.0,8.0
1060.0,190.95,984.0,37.0,8.0
1060.0,191.0,984.0,37.0,8.0
1060.0,191.05,984.0,37.0,8.0
1060.0,191.1,984.0,37.0,8.0
1060.0,191.15,984.0,37.0,8.0
1060.0,191.2,984.0,37.0,8.0
1060.0,191.25,984.0,37.0,8.0
1060.0,191.3,984.0,37.0,8.0
1060.0,191.35,984.0,37.0,8.0
1060.0,191.4,984.0,37.0,8.0
1060.0,191.45,984.0,37.0,8.0
1060.0,191.5,984.0,37.0,8.0
1060.0,191.55,983.0,37.0,8.0
1060.0,191.6,981.0,37.0,9.0
1060.0,191.65,979.0,37.0,9.0
1060.0,191.7,978.0,37.0,10.0
1060.0,191.75,976.0,37.0,10.0
1060.0,191.8,975.0,37.0,11.0
1060.0,191.85,973.0,36.0,11.0
1060.0,191.9,971.0,36.0,12.0
1060.0,191.95,970.0,36.0,12.0
1060.0,192.0,968.0,36.0,13.0
1060.0,192.05,968.0,36.0,13.0
1060.0,192.1,967.0,36.0,14.0
1060.0,192.15,966.0,35.0,14.0
1060.0,192.2,966.0,35.0,15.0
1060.0,192.25,965.0,35.0,15.0
1060.0,192.3,964.0,35.0,15.0
1060.0,192.35,964.0,35.0,16.0
1060.0,192.4,963.0,35.0,16.0
1060.0,192.45,962.0,35.0,17.0
1060.0,192.5,961.0,35.0,17.0
1060.0,192.55,959.0,35.0,17.0
1060.0,192.6,957.0,35.0,18.0
1060.0,192.65,955.0,36.0,18.0
1060.0,192.7,952.0,36.0,18.0
1060.0,192.75,950.0,36.0,18.0
1060.0,192.8,948.0,37.0,19.0
1060.0,192.85,945.0,37.0,19.0
1060.0,192.9,943.0,37.0,19.0
1060.0,192.95,940.0,37.0,19.0
1060.0,193.0,937.0,37.0,19.0
1060.0,193.05,936.0,38.0,19.0
1060.0,193.1,935.0,40.0,19.0
1060.0,193.15,935.0,40.0,19.0
1060.0,193.2,934.0,41.0,19.0
1060.0,193.25,934.0,42.0,18.0
1060.0,193.3,934.0,43.0,18.0
1060.0,193.35,933.0,44.0,18.0
1060.0,193.4,933.0,44.0,18.0
1060.0,193.45,933.0,45.0,18.0
1060.0,193.5,933.0,46.0,18.0
1060.0,193.55,934.0,46.0,18.0
1060.0,193.6,935.0,46.0,18.0
1060.0,193.65,936.0,46.0,18.0
1060.0,193.7,937.0,46.0,19.0
1060.0,193.75,938.0,46.0,19.0
1060.0,193.8,939.0,46.0,19.0
1060.0,193.85,940.0,46.0,19.0
1060.0,193.9,941.0,46.0,20.0
1060.0,193.95,942.0,46.0,20.0
1060.0,194.0,943.0,46.0,20.0
1060.0,194.05,945.0,46.0,20.0
1060.0,194.1,947.0,46.0,21.0
1060.0,194.15,949.0,46.0,21.0
1060.0,194.2,951.0,45.0,21.0
1060.0,194.25,953.0,45.0,22.0
1060.0,194.3,955.0,45.0,22.0
1060.0,194.35,957.0,45.0,22.0
1060.0,194.4,959.0,45.0,23.0
1060.0,194.45,961.0,45.0,23.0
1060.0,194.5,963.0,45.0,23.0
1060.0,194.55,965.0,45.0,23.0
1060.0,194.6,967.0,45.0,24.0
1060.0,194.65,969.0,46.0,24.0
1060.0,194.7,971.0,46.0,24.0
1060.0,194.75,973.0,46.0,24.0
1060.0,194.8,975.0,46.0,24.0
1060.0,194.85,977.0,46.0,25.0
1060.0,194.9,979.0,46.0,25.0
1060.0,194.95,981.0,47.0,25.0
1060.0,195.0,983.0,47.0,26.0
1060.0,195.05,982.0,47.0,25.0
1060.0,195.1,982.0,48.0,25.0
1060.0,195.15,982.0,48.0,25.0
1060.0,195.2,982.0,49.0,25.0
1060.0,195.25,982.0,49.0,25.0
1060.0,195.3,982.0,49.0,26.0
1060.0,195.35,982.0,50.0,26.0
1060.0,195.4,982.0,50.0,26.0
1060.0,195.45,982.0,50.0,26.0
1060.0,195.5,982.0,51.0,26.0
1060.0,195.55,976.0,51.0,26.0
1060.0,195.6,970.0,51.0,27.0
1060.0,195.65,964.0,51.0,27.0
1060.0,195.7,958.0,52.0,27.0
1060.0,195.75,952.0,52.0,28.0
1060.0,195.8,946.0,52.0,28.0
1060.0,195.85,940.0,53.0,29.0
1060.0,195.9,934.0,53.0,29.0
1060.0,195.95,924.0,53.0,31.0
1060.0,196.0,913.0,54.0,32.0
1060.0,196.05,926.0,54.0,30.0
1060.0,196.1,937.0,53.0,29.0
1060.0,196.15,946.0,53.0,29.0
1060.0,196.2,955.0,53.0,28.0
1060.0,196.25,963.0,53.0,28.0
1060.0,196.3,972.0,53.0,27.0
1060.0,196.35,980.0,53.0,27.0
1060.0,196.4,989.0,53.0,26.0
1060.0,196.45,998.0,53.0,26.0
1060.0,196.5,1006.0,53.0,26.0
1060.0,196.55,1009.0,53.0,26.0
1060.0,196.6,1012.0,53.0,26.0
1060.0,196.65,1015.0,54.0,26.0
1060.0,196.7,1017.0,54.0,27.0
1060.0,196.75,1020.0,54.0,27.0
1060.0,196.8,1023.0,54.0,27.0
1060.0,196.85,1026.0,54.0,28.0
1060.0,196.9,1029.0,54.0,28.0
1060.0,196.95,1032.0,54.0,28.0
1060.0,197.0,1035.0,54.0,29.0
1060.0,197.05,1038.0,55.0,29.0
1060.0,197.1,1041.0,55.0,29.0
1060.0,197.15,1044.0,55.0,30.0
1060.0,197.2,1047.0,55.0,30.0
1060.0,197.25,1050.0,55.0,30.0
1060.0,197.3,1053.0,56.0,30.0
1060.0,197.35,1056.0,56.0,31.0
1060.0,197.4,1059.0,56.0,31.0
1060.0,197.45,1063.0,56.0,31.0
1060.0,197.5,1066.0,56.0,31.0
1060.0,197.55,1068.0,57.0,32.0
1060.0,197.6,1070.0,57.0,32.0
1060.0,197.65,1072.0,58.0,32.0
1060.0,197.7,1074.0,58.0,32.0
1060.0,197.75,1077.0,59.0,32.0
1060.0,197.8,1079.0,59.0,32.0
1060.0,197.85,1081.0,60.0,33.0
1060.0,197.9,1083.0,60.0,33.0
1060.0,197.95,1085.0,61.0,33.0
1060.0,198.0,1088.0,61.0,33.0
1060.0,198.05,1088.0,62.0,33.0
1060.0,198.1,1089.0,62.0,33.0
1060.0,198.15,1090.0,62.0,33.0
1060.0,198.2,1090.0,63.0,32.0
1060.0,198.25,1091.0,63.0,32.0
1060.0,198.3,1092.0,64.0,32.0
1060.0,198.35,1092.0,64.0,31.0
1060.0,198.4,1093.0,65.0,31.0
1060.0,198.45,1093.0,66.0,31.0
1060.0,198.5,1093.0,68.0,30.0
1060.0,198.55,1093.0,68.0,30.0
1060.0,198.6,1093.0,68.0,30.0
1060.0,198.65,1093.0,68.0,30.0
1060.0,198.7,1093.0,68.0,30.0
1060.0,198.75,1093.0,68.0,30.0
1060.0,198.8,1093.0,68.0,30.0
1060.0,198.85,1093.0,68.0,30.0
1060.0,198.9,1093.0,68.0,30.0
1060.0,198.95,1093.0,68.0,30.0
1060.0,199.0,1093.0,68.0,30.0
1060.0,199.05,1093.0,68.0,30.0
1060.0,199.1,1093.0,68.0,30.0
1060.0,199.15,1093.0,68.0,30.0
1060.0,199.2,1093.0,68.0,30.0
1060.0,199.25,1093.0,68.0,30.0
1060.0,199.3,1093.0,68.0,30.0
1060.0,199.35,1093.0,68.0,30.0
1060.0,199.4,1093.0,68.0,30.0
1060.0,199.45,1093.0,68.0,30.0
1060.0,199.5,1093.0,68.0,30.0
1060.0,199.55,1093.0,68.0,30.0
1060.0,199.6,1093.0,68.0,30.0
1060.0,199.65,1093.0,68.0,30.0
1060.0,199.7,1093.0,68.0,30.0
1060.0,199.75,1093.0,68.0,30.0
1060.0,199.8,1093.0,68.0,30.0
1060.0,199.85,1093.0,68.0,30.0
1060.0,199.9,1093.0,68.0,30.0
1060.0,199.95,1093.0,68.0,30.0
1060.0,200.0,1093.0,68.0,30.0
1060.0,200.05,1093.0,68.0,30.0
1060.0,200.1,1093.0,68.0,30.0
1060.0,200.15,1093.0,68.0,30.0
1060.0,200.2,1093.0,68.0,30.0
1060.0,200.25,1093.0,68.0,30.0
1060.0,200.3,1093.0,68.0,30.0
1060.0,200.35,1093.0,68.0,30.0
1060.0,200.4,1093.0,68.0,30.0
1060.0,200.45,1093.0,68.0,30.0
1060.0,200.5,1093.0,68.0,30.0
1070.0,189.5,1000.0,38.0,8.0
1070.0,189.55,1000.0,38.0,8.0
1070.0,189.6,1000.0,38.0,8.0
1070.0,189.65,1000.0,38.0,8.0
1070.0,189.7,1000.0,38.0,8.0
1070.0,189.75,1000.0,38.0,8.0
1070.0,189.8,1000.0,38.0,8.0
1070.0,189.85,1000.0,38.0,8.0
1070.0,189.9,1000.0,38.0,8.0
1070.0,189.95,1000.0,38.0,8.0
1070.0,190.0,1000.0,38.0,8.0
1070.0,190.05,1000.0,38.0,8.0
1070.0,190.1,1000.0,38.0,8.0
1070.0,190.15,1000.0,38.0,8.0
1070.0,190.2,1000.0,38.0,8.0
1070.0,190.25,1000.0,38.0,8.0
1070.0,190.3,1000.0,38.0,8.0
1070.0,190.35,1000.0,38.0,8.0
1070.0,190.4,1000.0,38.0,8.0
1070.0,190.45,1000.0,38.0,8.0
1070.0,190.5,1000.0,38.0,8.0
1070.0,190.55,1000.0,38.0,8.0
1070.0,190.6,1000.0,38.0,8.0
1070.0,190.65,1000.0,38.0,8.0
1070.0,190.7,1000.0,38.0,8.0
1070.0,190.75,1000.0,38.0,8.0
1070.0,190.8,1000.0,38.0,8.0
1070.0,190.85,1000.0,38.0,8.0
1070.0,190.9,1000.0,38.0,8.0
1070.0,190.95,1000.0,38.0,8.0
1070.0,191.0,1000.0,38.0,8.0
1070.0,191.05,1000.0,38.0,8.0
1070.0,191.1,1000.0,38.0,8.0
1070.0,191.15,1000.0,38.0,8.0
1070.0,191.2,1000.0,38.0,8.0
1070.0,191.25,1000.0,38.0,8.0
1070.0,191.3,1000.0,38.0,8.0
1070.0,191.35,1000.0,38.0,8.0
1070.0,191.4,1000.0,38.0,8.0
1070.0,191.45,1000.0,38.0,8.0
1070.0,191.5,1000.0,38.0,8.0
1070.0,191.55,998.0,38.0,8.0
1070.0,191.6,997.0,37.0,9.0
1070.0,191.65,995.0,37.0,9.0
1070.0,191.7,993.0,37.0,10.0
1070.0,191.75,992.0,37.0,10.0
1070.0,191.8,990.0,37.0,11.0
1070.0,191.85,989.0,37.0,11.0
1070.0,191.9,987.0,37.0,12.0
1070.0,191.95,986.0,36.0,12.0
1070.0,192.0,984.0,36.0,13.0
1070.0,192.05,983.0,36.0,14.0
1070.0,192.1,983.0,36.0,14.0
1070.0,192.15,982.0,36.0,14.0
1070.0,192.2,981.0,35.0,15.0
1070.0,192.25,980.0,35.0,15.0
1070.0,192.3,980.0,35.0,15.0
1070.0,192.35,979.0,35.0,16.0
1070.0,192.4,978.0,35.0,16.0
1070.0,192.45,978.0,35.0,17.0
1070.0,192.5,977.0,35.0,17.0
1070.0,192.55,975.0,36.0,18.0
1070.0,192.6,972.0,36.0,18.0
1070.0,192.65,970.0,36.0,18.0
1070.0,192.7,968.0,36.0,18.0
1070.0,192.75,966.0,37.0,19.0
1070.0,192.8,963.0,37.0,19.0
1070.0,192.85,961.0,37.0,19.0
1070.0,192.9,959.0,38.0,19.0
1070.0,192.95,955.0,37.0,19.0
1070.0,193.0,952.0,37.0,19.0
1070.0,193.05,951.0,39.0,19.0
1070.0,193.1,950.0,40.0,19.0
1070.0,193.15,950.0,41.0,19.0
1070.0,193.2,949.0,42.0,19.0
1070.0,193.25,949.0,42.0,19.0
1070.0,193.3,949.0,43.0,18.0
1070.0,193.35,948.0,44.0,18.0
1070.0,193.4,948.0,45.0,18.0
1070.0,193.45,948.0,46.0,18.0
1070.0,193.5,948.0,46.0,18.0
1070.0,193.55,949.0,46.0,18.0
1070.0,193.6,950.0,47.0,18.0
1070.0,193.65,951.0,47.0,19.0
1070.0,193.7,952.0,47.0,19.0
1070.0,193.75,953.0,47.0,19.0
1070.0,193.8,954.0,47.0,19.0
1070.0,193.85,955.0,47.0,20.0
1070.0,193.9,956.0,47.0,20.0
1070.0,193.95,957.0,47.0,20.0
1070.0,194.0,958.0,47.0,20.0
1070.0,194.05,960.0,46.0,20.0
1070.0,194.1,963.0,46.0,21.0
1070.0,194.15,965.0,46.0,21.0
1070.0,194.2,966.0,46.0,22.0
1070.0,194.25,968.0,46.0,22.0
1070.0,194.3,970.0,46.0,22.0
1070.0,194.35,972.0,46.0,23.0
1070.0,194.4,974.0,45.0,23.0
1070.0,194.45,976.0,45.0,23.0
1070.0,194.5,978.0,45.0,23.0
1070.0,194.55,980.0,45.0,24.0
1070.0,194.6,982.0,46.0,24.0
1070.0,194.65,984.0,46.0,24.0
1070.0,194.7,986.0,46.0,24.0
1070.0,194.75,988.0,46.0,24.0
1070.0,194.8,990.0,46.0,25.0
1070.0,194.85,992.0,46.0,25.0
1070.0,194.9,994.0,47.0,25.0
1070.0,194.95,996.0,47.0,26.0
1070.0,195.0,999.0,47.0,26.0
1070.0,195.05,998.0,48.0,26.0
1070.0,195.1,997.0,48.0,26.0
1070.0,195.15,997.0,49.0,26.0
1070.0,195.2,997.0,49.0,26.0
1070.0,195.25,997.0,49.0,26.0
1070.0,195.3,997.0,50.0,26.0
1070.0,195.35,997.0,50.0,26.0
1070.0,195.4,997.0,50.0,26.0
1070.0,195.45,997.0,51.0,26.0
1070.0,195.5,997.0,51.0,26.0
1070.0,195.55,991.0,51.0,26.0
1070.0,195.6,985.0,52.0,27.0
1070.0,195.65,979.0,52.0,27.0
1070.0,195.7,973.0,52.0,28.0
1070.0,195.75,967.0,52.0,28.0
1070.0,195.8,961.0,53.0,29.0
1070.0,195.85,955.0,53.0,29.0
1070.0,195.9,949.0,53.0,29.0
1070.0,195.95,938.0,54.0,31.0
1070.0,196.0,927.0,54.0,33.0
1070.0,196.05,940.0,54.0,31.0
1070.0,196.1,952.0,54.0,29.0
1070.0,196.15,961.0,54.0,29.0
1070.0,196.2,969.0,54.0,28.0
1070.0,196.25,978.0,54.0,28.0
1070.0,196.3,987.0,54.0,27.0
1070.0,196.35,995.0,54.0,27.0
1070.0,196.4,1004.0,54.0,27.0
1070.0,196.45,1012.0,54.0,26.0
1070.0,196.5,1021.0,54.0,26.0
1070.0,196.55,1024.0,54.0,26.0
1070.0,196.6,1027.0,54.0,26.0
1070.0,196.65,1029.0,54.0,27.0
1070.0,196.7,1032.0,54.0,27.0
1070.0,196.75,1035.0,54.0,27.0
1070.0,196.8,1038.0,54.0,27.0
1070.0,196.85,1041.0,55.0,28.0
1070.0,196.9,1043.0,55.0,28.0
1070.0,196.95,1047.0,55.0,29.0
1070.0,197.0,1050.0,55.0,29.0
1070.0,197.05,1053.0,55.0,30.0
1070.0,197.1,1056.0,55.0,30.0
1070.0,197.15,1059.0,55.0,30.0
1070.0,197.2,1062.0,56.0,30.0
1070.0,197.25,1065.0,56.0,30.0
1070.0,197.3,1068.0,56.0,31.0
1070.0,197.35,1071.0,56.0,31.0
1070.0,197.4,1074.0,56.0,31.0
1070.0,197.45,1078.0,56.0,31.0
1070.0,197.5,1081.0,56.0,32.0
1070.0,197.55,1083.0,57.0,32.0
1070.0,197.6,1085.0,58.0,32.0
1070.0,197.65,1087.0,58.0,32.0
1070.0,197.7,1089.0,59.0,32.0
1070.0,197.75,1092.0,59.0,32.0
1070.0,197.8,1094.0,60.0,33.0
1070.0,197.85,1096.0,60.0,33.0
1070.0,197.9,1098.0,61.0,33.0
1070.0,197.95,1100.0,61.0,33.0
1070.0,198.0,1103.0,62.0,34.0
1070.0,198.05,1103.0,62.0,33.0
1070.0,198.1,1104.0,62.0,33.0
1070.0,198.15,1105.0,63.0,33.0
1070.0,198.2,1105.0,63.0,32.0
1070.0,198.25,1106.0,64.0,32.0
1070.0,198.3,1107.0,64.0,32.0
1070.0,198.35,1108.0,65.0,32.0
1070.0,198.4,1108.0,65.0,31.0
1070.0,198.45,1108.0,67.0,31.0
1070.0,198.5,1108.0,69.0,31.0
1070.0,198.55,1108.0,69.0,31.0
1070.0,198.6,1108.0,69.0,31.0
1070.0,198.65,1108.0,69.0,31.0
1070.0,198.7,1108.0,69.0,31.0
1070.0,198.75,1108.0,69.0,31.0
1070.0,198.8,1108.0,69.0,31.0
1070.0,198.85,1108.0,69.0,31.0
1070.0,198.9,1108.0,69.0,31.0
1070.0,198.95,1108.0,69.0,31.0
1070.0,199.0,1108.0,69.0,31.0
1070.0,199.05,1108.0,69.0,31.0
1070.0,199.1,1108.0,69.0,31.0
1070.0,199.15,1108.0,69.0,31.0
1070.0,199.2,1108.0,69.0,31.0
1070.0,199.25,1108.0,69.0,31.0
1070.0,199.3,1108.0,69.0,31.0
1070.0,199.35,1108.0,69.0,31.0
1070.0,199.4,1108.0,69.0,31.0
1070.0,199.45,1108.0,69.0,31.0
1070.0,199.5,1108.0,69.0,31.0
1070.0,199.55,1108.0,69.0,31.0
1070.0,199.6,1108.0,69.0,31.0
1070.0,199.65,1108.0,69.0,31.0
1070.0,199.7,1108.0,69.0,31.0
1070.0,199.75,1108.0,69.0,31.0
1070.0,199.8,1108.0,69.0,31.0
1070.0,199.85,1108.0,69.0,31.0
1070.0,199.9,1108.0,69.0,31.0
1070.0,199.95,1108.0,69.0,31.0
1070.0,200.0,1108.0,69.0,31.0
1070.0,200.05,1108.0,69.0,31.0
1070.0,200.1,1108.0,69.0,31.0
1070.0,200.15,1108.0,69.0,31.0
1070.0,200.2,1108.0,69.0,31.0
1070.0,200.25,1108.0,69.0,31.0
1070.0,200.3,1108.0,69.0,31.0
1070.0,200.35,1108.0,69.0,31.0
1070.0,200.4,1108.0,69.0,31.0
1070.0,200.45,1108.0,69.0,31.0
1070.0,200.5,1108.0,69.0,31.0
1080.0,189.5,1015.0,38.0,8.0
1080.0,189.55,1015.0,38.0,8.0
1080.0,189.6,1015.0,38.0,8.0
1080.0,189.65,1015.0,38.0,8.0
1080.0,189.7,1015.0,38.0,8.0
1080.0,189.75,1015.0,38.0,8.0
1080.0,189.8,1015.0,38.0,8.0
1080.0,189.85,1015.0,38.0,8.0
1080.0,189.9,1015.0,38.0,8.0
1080.0,189.95,1015.0,38.0,8.0
1080.0,190.0,1015.0,38.0,8.0
1080.0,190.05,1015.0,38.0,8.0
1080.0,190.1,1015.0,38.0,8.0
1080.0,190.15,1015.0,38.0,8.0
1080.0,190.2,1015.0,38.0,8.0
1080.0,190.25,1015.0,38.0,8.0
1080.0,190.3,1015.0,38.0,8.0
1080.0,190.35,1015.0,38.0,8.0
1080.0,190.4,1015.0,38.0,8.0
1080.0,190.45,1015.0,38.0,8.0
1080.0,190.5,1015.0,38.0,8.0
1080.0,190.55,1015.0,38.0,8.0
1080.0,190.6,1015.0,38.0,8.0
1080.0,190.65,1015.0,38.0,8.0
1080.0,190.7,1015.0,38.0,8.0
1080.0,190.75,1015.0,38.0,8.0
1080.0,190.8,1015.0,38.0,8.0
1080.0,190.85,1015.0,38.0,8.0
1080.0,190.9,1015.0,38.0,8.0
1080.0,190.95,1015.0,38.0,8.0
1080.0,191.0,1015.0,38.0,8.0
1080.0,191.05,1015.0,38.0,8.0
1080.0,191.1,1015.0,38.0,8.0
1080.0,191.15,1015.0,38.0,8.0
1080.0,191.2,1015.0,38.0,8.0
1080.0,191.25,1015.0,38.0,8.0
1080.0,191.3,1015.0,38.0,8.0
1080.0,191.35,1015.0,38.0,8.0
1080.0,191.4,1015.0,38.0,8.0
1080.0,191.45,1015.0,38.0,8.0
1080.0,191.5,1015.0,38.0,8.0
1080.0,191.55,1014.0,38.0,8.0
1080.0,191.6,1012.0,38.0,9.0
1080.0,191.65,1011.0,38.0,9.0
1080.0,191.7,1009.0,37.0,10.0
1080.0,191.75,1007.0,37.0,10.0
1080.0,191.8,1006.0,37.0,11.0
1080.0,191.85,1004.0,37.0,11.0
1080.0,191.9,1003.0,37.0,12.0
1080.0,191.95,1001.0,37.0,13.0
1080.0,192.0,1000.0,36.0,13.0
1080.0,192.05,999.0,36.0,14.0
1080.0,192.1,998.0,36.0,14.0
1080.0,192.15,997.0,36.0,14.0
1080.0,192.2,997.0,36.0,15.0
1080.0,192.25,996.0,36.0,15.0
1080.0,192.3,995.0,35.0,16.0
1080.0,192.35,995.0,35.0,16.0
1080.0,192.4,994.0,35.0,16.0
1080.0,192.45,993.0,35.0,17.0
1080.0,192.5,993.0,36.0,18.0
1080.0,192.55,990.0,36.0,18.0
1080.0,192.6,988.0,36.0,18.0
1080.0,192.65,986.0,37.0,18.0
1080.0,192.7,983.0,37.0,19.0
1080.0,192.75,981.0,37.0,19.0
1080.0,192.8,979.0,37.0,19.0
1080.0,192.85,976.0,38.0,19.0
1080.0,192.9,974.0,38.0,19.0
1080.0,192.95,970.0,38.0,19.0
1080.0,193.0,967.0,37.0,19.0
1080.0,193.05,966.0,39.0,19.0
1080.0,193.1,965.0,40.0,19.0
1080.0,193.15,965.0,41.0,19.0
1080.0,193.2,964.0,42.0,19.0
1080.0,193.25,964.0,43.0,19.0
1080.0,193.3,964.0,44.0,19.0
1080.0,193.35,964.0,44.0,18.0
1080.0,193.4,963.0,45.0,18.0
1080.0,193.45,963.0,46.0,18.0
1080.0,193.5,963.0,47.0,18.0
1080.0,193.55,964.0,47.0,18.0
1080.0,193.6,965.0,47.0,19.0
1080.0,193.65,966.0,47.0,19.0
1080.0,193.7,967.0,47.0,19.0
1080.0,193.75,968.0,47.0,19.0
1080.0,193.8,969.0,47.0,20.0
1080.0,193.85,970.0,47.0,20.0
1080.0,193.9,971.0,47.0,20.0
1080.0,193.95,972.0,47.0,20.0
1080.0,194.0,973.0,47.0,20.0
1080.0,194.05,975.0,47.0,21.0
1080.0,194.1,978.0,46.0,21.0
1080.0,194.15,980.0,46.0,22.0
1080.0,194.2,982.0,46.0,22.0
1080.0,194.25,984.0,46.0,22.0
1080.0,194.3,985.0,46.0,22.0
1080.0,194.35,987.0,46.0,23.0
1080.0,194.4,989.0,46.0,23.0
1080.0,194.45,991.0,46.0,23.0
1080.0,194.5,993.0,46.0,24.0
1080.0,194.55,995.0,46.0,24.0
1080.0,194.6,997.0,46.0,24.0
1080.0,194.65,999.0,46.0,24.0
1080.0,194.7,1001.0,46.0,24.0
1080.0,194.75,1003.0,46.0,25.0
1080.0,194.8,1005.0,47.0,25.0
1080.0,194.85,1007.0,47.0,25.0
1080.0,194.9,1009.0,47.0,25.0
1080.0,194.95,1012.0,47.0,26.0
1080.0,195.0,1014.0,47.0,26.0
1080.0,195.05,1013.0,48.0,26.0
1080.0,195.1,1012.0,49.0,26.0
1080.0,195.15,1012.0,49.0,26.0
1080.0,195.2,1012.0,49.0,26.0
1080.0,195.25,1012.0,50.0,26.0
1080.0,195.3,1012.0,50.0,26.0
1080.0,195.35,1012.0,50.0,26.0
1080.0,195.4,1012.0,51.0,26.0
1080.0,195.45,1012.0,51.0,26.0
1080.0,195.5,1012.0,51.0,26.0
1080.0,195.55,1006.0,52.0,26.0
1080.0,195.6,1000.0,52.0,27.0
1080.0,195.65,994.0,52.0,27.0
1080.0,195.7,988.0,53.0,28.0
1080.0,195.75,982.0,53.0,28.0
1080.0,195.8,976.0,53.0,29.0
1080.0,195.85,970.0,53.0,29.0
1080.0,195.9,963.0,54.0,30.0
1080.0,195.95,952.0,54.0,32.0
1080.0,196.0,941.0,55.0,33.0
1080.0,196.05,953.0,54.0,31.0
1080.0,196.1,966.0,54.0,30.0
1080.0,196.15,976.0,54.0,29.0
1080.0,196.2,984.0,54.0,28.0
1080.0,196.25,993.0,54.0,28.0
1080.0,196.3,1001.0,54.0,28.0
1080.0,196.35,1010.0,54.0,27.0
1080.0,196.4,1019.0,54.0,27.0
1080.0,196.45,1027.0,54.0,26.0
1080.0,196.5,1036.0,54.0,26.0
1080.0,196.55,1039.0,54.0,26.0
1080.0,196.6,1041.0,54.0,26.0
1080.0,196.65,1044.0,54.0,27.0
1080.0,196.7,1047.0,55.0,27.0
1080.0,196.75,1050.0,55.0,27.0
1080.0,196.8,1053.0,55.0,28.0
1080.0,196.85,1055.0,55.0,28.0
1080.0,196.9,1058.0,55.0,28.0
1080.0,196.95,1062.0,55.0,29.0
1080.0,197.0,1065.0,55.0,30.0
1080.0,197.05,1068.0,55.0,30.0
1080.0,197.1,1071.0,56.0,30.0
1080.0,197.15,1074.0,56.0,30.0
1080.0,197.2,1077.0,56.0,30.0
1080.0,197.25,1080.0,56.0,31.0
1080.0,197.3,1083.0,56.0,31.0
1080.0,197.35,1086.0,56.0,31.0
1080.0,197.4,1089.0,57.0,31.0
1080.0,197.45,1093.0,57.0,32.0
1080.0,197.5,1096.0,57.0,32.0
1080.0,197.55,1098.0,57.0,32.0
1080.0,197.6,1100.0,58.0,32.0
1080.0,197.65,1102.0,59.0,32.0
1080.0,197.7,1104.0,59.0,33.0
1080.0,197.75,1107.0,60.0,33.0
1080.0,197.8,1109.0,60.0,33.0
1080.0,197.85,1111.0,61.0,33.0
1080.0,197.9,1113.0,61.0,33.0
1080.0,197.95,1115.0,62.0,34.0
1080.0,198.0,1118.0,62.0,34.0
1080.0,198.05,1118.0,62.0,34.0
1080.0,198.1,1119.0,63.0,33.0
1080.0,198.15,1120.0,63.0,33.0
1080.0,198.2,1120.0,64.0,33.0
1080.0,198.25,1121.0,64.0,32.0
1080.0,198.3,1122.0,65.0,32.0
1080.0,198.35,1123.0,65.0,32.0
1080.0,198.4,1123.0,66.0,32.0
1080.0,198.45,1123.0,68.0,31.0
1080.0,198.5,1122.0,70.0,31.0
1080.0,198.55,1122.0,70.0,31.0
1080.0,198.6,1122.0,70.0,31.0
1080.0,198.65,1122.0,70.0,31.0
1080.0,198.7,1122.0,70.0,31.0
1080.0,198.75,1122.0,70.0,31.0
1080.0,198.8,1122.0,70.0,31.0
1080.0,198.85,1122.0,70.0,31.0
1080.0,198.9,1122.0,70.0,31.0
1080.0,198.95,1122.0,70.0,31.0
1080.0,199.0,1122.0,70.0,31.0
1080.0,199.05,1122.0,70.0,31.0
1080.0,199.1,1122.0,70.0,31.0
1080.0,199.15,1122.0,70.0,31.0
1080.0,199.2,1122.0,70.0,31.0
1080.0,199.25,1122.0,70.0,31.0
1080.0,199.3,1122.0,70.0,31.0
1080.0,199.35,1122.0,70.0,31.0
1080.0,199.4,1122.0,70.0,31.0
1080.0,199.45,1122.0,70.0,31.0
1080.0,199.5,1122.0,70.0,31.0
1080.0,199.55,1122.0,70.0,31.0
1080.0,199.6,1122.0,70.0,31.0
1080.0,199.65,1122.0,70.0,31.0
1080.0,199.7,1122.0,70.0,31.0
1080.0,199.75,1122.0,70.0,31.0
1080.0,199.8,1122.0,70.0,31.0
1080.0,199.85,1122.0,70.0,31.0
1080.0,199.9,1122.0,70.0,31.0
1080.0,199.95,1122.0,70.0,31.0
1080.0,200.0,1122.0,70.0,31.0
1080.0,200.05,1122.0,70.0,31.0
1080.0,200.1,1122.0,70.0,31.0
1080.0,200.15,1122.0,70.0,31.0
1080.0,200.2,1122.0,70.0,31.0
1080.0,200.25,1122.0,70.0,31.0
1080.0,200.3,1122.0,70.0,31.0
1080.0,200.35,1122.0,70.0,31.0
1080.0,200.4,1122.0,70.0,31.0
1080.0,200.45,1122.0,70.0,31.0
1080.0,200.5,1122.0,70.0,31.0
1090.0,189.5,1031.0,38.0,8.0
1090.0,189.55,1031.0,38.0,8.0
1090.0,189.6,1031.0,38.0,8.0
1090.0,189.65,1031.0,38.0,8.0
1090.0,189.7,1031.0,38.0,8.0
1090.0,189.75,1031.0,38.0,8.0
1090.0,189.8,1031.0,38.0,8.0
1090.0,189.85,1031.0,38.0,8.0
1090.0,189.9,1031.0,38.0,8.0
1090.0,189.95,1031.0,38.0,8.0
1090.0,190.0,1031.0,38.0,8.0
1090.0,190.05,1031.0,38.0,8.0
1090.0,190.1,1031.0,38.0,8.0
1090.0,190.15,1031.0,38.0,8.0
1090.0,190.2,1031.0,38.0,8.0
1090.0,190.25,1031.0,38.0,8.0
1090.0,190.3,1031.0,38.0,8.0
1090.0,190.35,1031.0,38.0,8.0
1090.0,190.4,1031.0,38.0,8.0
1090.0,190.45,1031.0,38.0,8.0
1090.0,190.5,1031.0,38.0,8.0
1090.0,190.55,1031.0,38.0,8.0
1090.0,190.6,1031.0,38.0,8.0
1090.0,190.65,1031.0,38.0,8.0
1090.0,190.7,1031.0,38.0,8.0
1090.0,190.75,1031.0,38.0,8.0
1090.0,190.8,1031.0,38.0,8.0
1090.0,190.85,1031.0,38.0,8.0
1090.0,190.9,1031.0,38.0,8.0
1090.0,190.95,1031.0,38.0,8.0
1090.0,191.0,1031.0,38.0,8.0
1090.0,191.05,1031.0,38.0,8.0
1090.0,191.1,1031.0,38.0,8.0
1090.0,191.15,1031.0,38.0,8.0
1090.0,191.2,1031.0,38.0,8.0
1090.0,191.25,1031.0,38.0,8.0
1090.0,191.3,1031.0,38.0,8.0
1090.0,191.35,1031.0,38.0,8.0
1090.0,191.4,1031.0,38.0,8.0
1090.0,191.45,1031.0,38.0,8.0
1090.0,191.5,1031.0,38.0,8.0
1090.0,191.55,1029.0,38.0,8.0
1090.0,191.6,1028.0,38.0,9.0
1090.0,191.65,1026.0,38.0,9.0
1090.0,191.7,1024.0,38.0,10.0
1090.0,191.75,1023.0,38.0,10.0
1090.0,191.8,1021.0,37.0,11.0
1090.0,191.85,1020.0,37.0,11.0
1090.0,191.9,1018.0,37.0,12.0
1090.0,191.95,1017.0,37.0,13.0
1090.0,192.0,1015.0,37.0,13.0
1090.0,192.05,1014.0,37.0,14.0
1090.0,192.1,1014.0,36.0,14.0
1090.0,192.15,1013.0,36.0,15.0
1090.0,192.2,1012.0,36.0,15.0
1090.0,192.25,1012.0,36.0,15.0
1090.0,192.3,1011.0,36.0,16.0
1090.0,192.35,1010.0,36.0,16.0
1090.0,192.4,1010.0,36.0,17.0
1090.0,192.45,1009.0,36.0,17.0
1090.0,192.5,1008.0,36.0,18.0
1090.0,192.55,1006.0,36.0,18.0
1090.0,192.6,1004.0,37.0,18.0
1090.0,192.65,1001.0,37.0,19.0
1090.0,192.7,999.0,37.0,19.0
1090.0,192.75,997.0,37.0,19.0
1090.0,192.8,994.0,38.0,19.0
1090.0,192.85,992.0,38.0,19.0
1090.0,192.9,989.0,38.0,19.0
1090.0,192.95,986.0,38.0,19.0
1090.0,193.0,982.0,38.0,20.0
1090.0,193.05,981.0,39.0,19.0
1090.0,193.1,981.0,41.0,19.0
1090.0,193.15,980.0,42.0,19.0
1090.0,193.2,980.0,43.0,19.0
1090.0,193.25,979.0,43.0,19.0
1090.0,193.3,979.0,44.0,19.0
1090.0,193.35,979.0,45.0,19.0
1090.0,193.4,978.0,46.0,18.0
1090.0,193.45,978.0,46.0,18.0
1090.0,193.5,978.0,47.0,18.0
1090.0,193.55,979.0,47.0,18.0
1090.0,193.6,980.0,47.0,19.0
1090.0,193.65,981.0,47.0,19.0
1090.0,193.7,982.0,47.0,19.0
1090.0,193.75,983.0,48.0,19.0
1090.0,193.8,984.0,48.0,20.0
1090.0,193.85,985.0,48.0,20.0
1090.0,193.9,986.0,48.0,20.0
1090.0,193.95,987.0,47.0,20.0
1090.0,194.0,988.0,47.0,20.0
1090.0,194.05,990.0,47.0,21.0
1090.0,194.1,993.0,47.0,21.0
1090.0,194.15,995.0,46.0,22.0
1090.0,194.2,997.0,46.0,22.0
1090.0,194.25,999.0,46.0,22.0
1090.0,194.3,1001.0,46.0,23.0
1090.0,194.35,1003.0,46.0,23.0
1090.0,194.4,1005.0,46.0,23.0
1090.0,194.45,1006.0,46.0,23.0
1090.0,194.5,1008.0,46.0,24.0
1090.0,194.55,1010.0,46.0,24.0
1090.0,194.6,1012.0,46.0,24.0
1090.0,194.65,1014.0,46.0,24.0
1090.0,194.7,1016.0,47.0,25.0
1090.0,194.75,1018.0,47.0,25.0
1090.0,194.8,1020.0,47.0,25.0
1090.0,194.85,1022.0,47.0,25.0
1090.0,194.9,1025.0,47.0,26.0
1090.0,194.95,1027.0,47.0,26.0
1090.0,195.0,1030.0,48.0,26.0
1090.0,195.05,1029.0,48.0,26.0
1090.0,195.1,1028.0,49.0,26.0
1090.0,195.15,1027.0,50.0,26.0
1090.0,195.2,1027.0,50.0,26.0
1090.0,195.25,1027.0,50.0,26.0
1090.0,195.3,1027.0,51.0,26.0
1090.0,195.35,1027.0,51.0,26.0
1090.0,195.4,1027.0,51.0,26.0
1090.0,195.45,1027.0,52.0,26.0
1090.0,195.5,1027.0,52.0,26.0
1090.0,195.55,1021.0,52.0,27.0
1090.0,195.6,1015.0,52.0,27.0
1090.0,195.65,1009.0,53.0,28.0
1090.0,195.7,1003.0,53.0,28.0
1090.0,195.75,997.0,53.0,28.0
1090.0,195.8,991.0,54.0,29.0
1090.0,195.85,985.0,54.0,29.0
1090.0,195.9,976.0,54.0,31.0
1090.0,195.95,965.0,55.0,32.0
1090.0,196.0,954.0,55.0,34.0
1090.0,196.05,967.0,55.0,32.0
1090.0,196.1,980.0,55.0,30.0
1090.0,196.15,991.0,55.0,29.0
1090.0,196.2,999.0,55.0,29.0
1090.0,196.25,1008.0,55.0,28.0
1090.0,196.3,1016.0,55.0,28.0
1090.0,196.35,1025.0,55.0,27.0
1090.0,196.4,1034.0,55.0,27.0
1090.0,196.45,1042.0,55.0,26.0
1090.0,196.5,1051.0,54.0,26.0
1090.0,196.55,1054.0,55.0,26.0
1090.0,196.6,1056.0,55.0,27.0
1090.0,196.65,1059.0,55.0,27.0
1090.0,196.7,1062.0,55.0,27.0
1090.0,196.75,1065.0,55.0,27.0
1090.0,196.8,1068.0,55.0,28.0
1090.0,196.85,1070.0,55.0,28.0
1090.0,196.9,1073.0,55.0,29.0
1090.0,196.95,1077.0,56.0,29.0
1090.0,197.0,1080.0,56.0,30.0
1090.0,197.05,1083.0,56.0,30.0
1090.0,197.1,1086.0,56.0,30.0
1090.0,197.15,1089.0,56.0,30.0
1090.0,197.2,1092.0,56.0,31.0
1090.0,197.25,1095.0,57.0,31.0
1090.0,197.3,1098.0,57.0,31.0
1090.0,197.35,1101.0,57.0,31.0
1090.0,197.4,1105.0,57.0,32.0
1090.0,197.45,1108.0,57.0,32.0
1090.0,197.5,1112.0,57.0,32.0
1090.0,197.55,1113.0,58.0,32.0
1090.0,197.6,1115.0,59.0,32.0
1090.0,197.65,1117.0,59.0,33.0
1090.0,197.7,1120.0,60.0,33.0
1090.0,197.75,1122.0,60.0,33.0
1090.0,197.8,1124.0,61.0,33.0
1090.0,197.85,1126.0,61.0,33.0
1090.0,197.9,1128.0,62.0,34.0
1090.0,197.95,1131.0,62.0,34.0
1090.0,198.0,1133.0,62.0,34.0
1090.0,198.05,1133.0,63.0,34.0
1090.0,198.1,1134.0,63.0,33.0
1090.0,198.15,1135.0,64.0,33.0
1090.0,198.2,1136.0,64.0,33.0
1090.0,198.25,1136.0,65.0,33.0
1090.0,198.3,1137.0,65.0,32.0
1090.0,198.35,1138.0,66.0,32.0
1090.0,198.4,1138.0,67.0,32.0
1090.0,198.45,1138.0,69.0,31.0
1090.0,198.5,1137.0,71.0,31.0
1090.0,198.55,1137.0,71.0,31.0
1090.0,198.6,1137.0,71.0,31.0
1090.0,198.65,1137.0,71.0,31.0
1090.0,198.7,1137.0,71.0,31.0
1090.0,198.75,1137.0,71.0,31.0
1090.0,198.8,1137.0,71.0,31.0
1090.0,198.85,1137.0,71.0,31.0
1090.0,198.9,1137.0,71.0,31.0
1090.0,198.95,1137.0,71.0,31.0
1090.0,199.0,1137.0,71.0,31.0
1090.0,199.05,1137.0,71.0,31.0
1090.0,199.1,1137.0,71.0,31.0
1090.0,199.15,1137.0,71.0,31.0
1090.0,199.2,1137.0,71.0,31.0
1090.0,199.25,1137.0,71.0,31.0
1090.0,199.3,1137.0,71.0,31.0
1090.0,199.35,1137.0,71.0,31.0
1090.0,199.4,1137.0,71.0,31.0
1090.0,199.45,1137.0,71.0,31.0
1090.0,199.5,1137.0,71.0,31.0
1090.0,199.55,1137.0,71.0,31.0
1090.0,199.6,1137.0,71.0,31.0
1090.0,199.65,1137.0,71.0,31.0
1090.0,199.7,1137.0,71.0,31.0
1090.0,199.75,1137.0,71.0,31.0
1090.0,199.8,1137.0,71.0,31.0
1090.0,199.85,1137.0,71.0,31.0
1090.0,199.9,1137.0,71.0,31.0
1090.0,199.95,1137.0,71.0,31.0
1090.0,200.0,1137.0,71.0,31.0
1090.0,200.05,1137.0,71.0,31.0
1090.0,200.1,1137.0,71.0,31.0
1090.0,200.15,1137.0,71.0,31.0
1090.0,200.2,1137.0,71.0,31.0
1090.0,200.25,1137.0,71.0,31.0
1090.0,200.3,1137.0,71.0,31.0
1090.0,200.35,1137.0,71.0,31.0
1090.0,200.4,1137.0,71.0,31.0
1090.0,200.45,1137.0,71.0,31.0
1090.0,200.5,1137.0,71.0,31.0
1100.0,189.5,1046.0,39.0,8.0
1100.0,189.55,1046.0,39.0,8.0
1100.0,189.6,1046.0,39.0,8.0
1100.0,189.65,1046.0,39.0,8.0
1100.0,189.7,1046.0,39.0,8.0
1100.0,189.75,1046.0,39.0,8.0
1100.0,189.8,1046.0,39.0,8.0
1100.0,189.85,1046.0,39.0,8.0
1100.0,189.9,1046.0,39.0,8.0
1100.0,189.95,1046.0,39.0,8.0
1100.0,190.0,1046.0,39.0,8.0
1100.0,190.05,1046.0,39.0,8.0
1100.0,190.1,1046.0,39.0,8.0
1100.0,190.15,1046.0,39.0,8.0
1100.0,190.2,1046.0,39.0,8.0
1100.0,190.25,1046.0,39.0,8.0
1100.0,190.3,1046.0,39.0,8.0
1100.0,190.35,1046.0,39.0,8.0
1100.0,190.4,1046.0,39.0,8.0
1100.0,190.45,1046.0,39.0,8.0
1100.0,190.5,1046.0,39.0,8.0
1100.0,190.55,1046.0,39.0,8.0
1100.0,190.6,1046.0,39.0,8.0
1100.0,190.65,1046.0,39.0,8.0
1100.0,190.7,1046.0,39.0,8.0
1100.0,190.75,1046.0,39.0,8.0
1100.0,190.8,1046.0,39.0,8.0
1100.0,190.85,1046.0,39.0,8.0
1100.0,190.9,1046.0,39.0,8.0
1100.0,190.95,1046.0,39.0,8.0
1100.0,191.0,1046.0,39.0,8.0
1100.0,191.05,1046.0,39.0,8.0
1100.0,191.1,1046.0,39.0,8.0
1100.0,191.15,1046.0,39.0,8.0
1100.0,191.2,1046.0,39.0,8.0
1100.0,191.25,1046.0,39.0,8.0
1100.0,191.3,1046.0,39.0,8.0
1100.0,191.35,1046.0,39.0,8.0
1100.0,191.4,1046.0,39.0,8.0
1100.0,191.45,1046.0,39.0,8.0
1100.0,191.5,1046.0,39.0,8.0
1100.0,191.55,1045.0,38.0,8.0
1100.0,191.6,1043.0,38.0,9.0
1100.0,191.65,1042.0,38.0,9.0
1100.0,191.7,1040.0,38.0,10.0
1100.0,191.75,1038.0,38.0,10.0
1100.0,191.8,1037.0,38.0,11.0
1100.0,191.85,1035.0,38.0,11.0
1100.0,191.9,1034.0,37.0,12.0
1100.0,191.95,1032.0,37.0,13.0
1100.0,192.0,1031.0,37.0,14.0
1100.0,192.05,1030.0,37.0,14.0
1100.0,192.1,1029.0,37.0,14.0
1100.0,192.15,1029.0,36.0,15.0
1100.0,192.2,1028.0,36.0,15.0
1100.0,192.25,1027.0,36.0,16.0
1100.0,192.3,1027.0,36.0,16.0
1100.0,192.35,1026.0,36.0,16.0
1100.0,192.4,1025.0,36.0,17.0
1100.0,192.45,1024.0,36.0,17.0
1100.0,192.5,1024.0,36.0,18.0
1100.0,192.55,1021.0,37.0,18.0
1100.0,192.6,1019.0,37.0,19.0
1100.0,192.65,1017.0,37.0,19.0
1100.0,192.7,1015.0,38.0,19.0
1100.0,192.75,1012.0,38.0,19.0
1100.0,192.8,1010.0,38.0,19.0
1100.0,192.85,1008.0,38.0,20.0
1100.0,192.9,1004.0,38.0,20.0
1100.0,192.95,1001.0,38.0,20.0
1100.0,193.0,998.0,38.0,20.0
1100.0,193.05,997.0,39.0,20.0
1100.0,193.1,996.0,41.0,20.0
1100.0,193.15,995.0,42.0,19.0
1100.0,193.2,995.0,43.0,19.0
1100.0,193.25,994.0,44.0,19.0
1100.0,193.3,994.0,45.0,19.0
1100.0,193.35,994.0,45.0,19.0
1100.0,193.4,993.0,46.0,19.0
1100.0,193.45,993.0,47.0,19.0
1100.0,193.5,993.0,48.0,18.0
1100.0,193.55,994.0,48.0,19.0
1100.0,193.6,995.0,48.0,19.0
1100.0,193.65,996.0,48.0,19.0
1100.0,193.7,997.0,48.0,19.0
1100.0,193.75,998.0,48.0,20.0
1100.0,193.8,999.0,48.0,20.0
1100.0,193.85,1000.0,48.0,20.0
1100.0,193.9,1001.0,48.0,20.0
1100.0,193.95,1002.0,48.0,20.0
1100.0,194.0,1003.0,48.0,20.0
1100.0,194.05,1005.0,47.0,21.0
1100.0,194.1,1008.0,47.0,21.0
1100.0,194.15,1010.0,47.0,22.0
1100.0,194.2,1012.0,47.0,22.0
1100.0,194.25,1014.0,47.0,22.0
1100.0,194.3,1016.0,47.0,23.0
1100.0,194.35,1018.0,46.0,23.0
1100.0,194.4,1020.0,46.0,23.0
1100.0,194.45,1022.0,46.0,24.0
1100.0,194.5,1024.0,46.0,24.0
1100.0,194.55,1026.0,46.0,24.0
1100.0,194.6,1028.0,47.0,24.0
1100.0,194.65,1030.0,47.0,25.0
1100.0,194.7,1032.0,47.0,25.0
1100.0,194.75,1034.0,47.0,25.0
1100.0,194.8,1036.0,47.0,25.0
1100.0,194.85,1038.0,47.0,25.0
1100.0,194.9,1040.0,48.0,26.0
1100.0,194.95,1042.0,48.0,26.0
1100.0,195.0,1045.0,48.0,27.0
1100.0,195.05,1044.0,49.0,26.0
1100.0,195.1,1043.0,49.0,26.0
1100.0,195.15,1042.0,50.0,26.0
1100.0,195.2,1042.0,50.0,26.0
1100.0,195.25,1042.0,51.0,26.0
1100.0,195.3,1042.0,51.0,26.0
1100.0,195.35,1042.0,51.0,26.0
1100.0,195.4,1042.0,52.0,26.0
1100.0,195.45,1042.0,52.0,26.0
1100.0,195.5,1042.0,52.0,26.0
1100.0,195.55,1036.0,53.0,27.0
1100.0,195.6,1030.0,53.0,27.0
1100.0,195.65,1024.0,53.0,28.0
1100.0,195.7,1018.0,53.0,28.0
1100.0,195.75,1012.0,54.0,29.0
1100.0,195.8,1006.0,54.0,29.0
1100.0,195.85,1000.0,54.0,30.0
1100.0,195.9,990.0,55.0,31.0
1100.0,195.95,979.0,55.0,33.0
1100.0,196.0,968.0,55.0,34.0
1100.0,196.05,981.0,55.0,33.0
1100.0,196.1,993.0,55.0,31.0
1100.0,196.15,1005.0,55.0,29.0
1100.0,196.2,1014.0,55.0,29.0
1100.0,196.25,1023.0,55.0,28.0
1100.0,196.3,1031.0,55.0,28.0
1100.0,196.35,1040.0,55.0,27.0
1100.0,196.4,1048.0,55.0,27.0
1100.0,196.45,1057.0,55.0,27.0
1100.0,196.5,1066.0,55.0,26.0
1100.0,196.55,1068.0,55.0,26.0
1100.0,196.6,1071.0,55.0,27.0
1100.0,196.65,1074.0,55.0,27.0
1100.0,196.7,1077.0,55.0,27.0
1100.0,196.75,1080.0,56.0,28.0
1100.0,196.8,1082.0,56.0,28.0
1100.0,196.85,1085.0,56.0,28.0
1100.0,196.9,1088.0,56.0,29.0
1100.0,196.95,1092.0,56.0,29.0
1100.0,197.0,1095.0,56.0,30.0
1100.0,197.05,1098.0,56.0,30.0
1100.0,197.1,1101.0,56.0,30.0
1100.0,197.15,1104.0,57.0,31.0
1100.0,197.2,1107.0,57.0,31.0
1100.0,197.25,1110.0,57.0,31.0
1100.0,197.3,1113.0,57.0,31.0
1100.0,197.35,1116.0,57.0,32.0
1100.0,197.4,1120.0,57.0,32.0
1100.0,197.45,1123.0,57.0,32.0
1100.0,197.5,1127.0,57.0,33.0
1100.0,197.55,1129.0,58.0,33.0
1100.0,197.6,1131.0,59.0,33.0
1100.0,197.65,1132.0,60.0,33.0
1100.0,197.7,1135.0,60.0,33.0
1100.0,197.75,1137.0,61.0,33.0
1100.0,197.8,1139.0,61.0,33.0
1100.0,197.85,1141.0,62.0,34.0
1100.0,197.9,1143.0,62.0,34.0
1100.0,197.95,1146.0,62.0,34.0
1100.0,198.0,1148.0,63.0,34.0
1100.0,198.05,1149.0,63.0,34.0
1100.0,198.1,1149.0,64.0,34.0
1100.0,198.15,1150.0,64.0,33.0
1100.0,198.2,1151.0,65.0,33.0
1100.0,198.25,1151.0,65.0,33.0
1100.0,198.3,1152.0,66.0,33.0
1100.0,198.35,1153.0,66.0,32.0
1100.0,198.4,1153.0,68.0,32.0
1100.0,198.45,1152.0,70.0,32.0
1100.0,198.5,1152.0,71.0,31.0
1100.0,198.55,1152.0,71.0,31.0
1100.0,198.6,1152.0,71.0,31.0
1100.0,198.65,1152.0,71.0,31.0
1100.0,198.7,1152.0,71.0,31.0
1100.0,198.75,1152.0,71.0,31.0
1100.0,198.8,1152.0,71.0,31.0
1100.0,198.85,1152.0,71.0,31.0
1100.0,198.9,1152.0,71.0,31.0
1100.0,198.95,1152.0,71.0,31.0
1100.0,199.0,1152.0,71.0,31.0
1100.0,199.05,1152.0,71.0,31.0
1100.0,199.1,1152.0,71.0,31.0
1100.0,199.15,1152.0,71.0,31.0
1100.0,199.2,1152.0,71.0,31.0
1100.0,199.25,1152.0,71.0,31.0
1100.0,199.3,1152.0,71.0,31.0
1100.0,199.35,1152.0,71.0,31.0
1100.0,199.4,1152.0,71.0,31.0
1100.0,199.45,1152.0,71.0,31.0
1100.0,199.5,1152.0,71.0,31.0
1100.0,199.55,1152.0,71.0,31.0
1100.0,199.6,1152.0,71.0,31.0
1100.0,199.65,1152.0,71.0,31.0
1100.0,199.7,1152.0,71.0,31.0
1100.0,199.75,1152.0,71.0,31.0
1100.0,199.8,1152.0,71.0,31.0
1100.0,199.85,1152.0,71.0,31.0
1100.0,199.9,1152.0,71.0,31.0
1100.0,199.95,1152.0,71.0,31.0
1100.0,200.0,1152.0,71.0,31.0
1100.0,200.05,1152.0,71.0,31.0
1100.0,200.1,1152.0,71.0,31.0
1100.0,200.15,1152.0,71.0,31.0
1100.0,200.2,1152.0,71.0,31.0
1100.0,200.25,1152.0,71.0,31.0
1100.0,200.3,1152.0,71.0,31.0
1100.0,200.35,1152.0,71.0,31.0
1100.0,200.4,1152.0,71.0,31.0
1100.0,200.45,1152.0,71.0,31.0
1100.0,200.5,1152.0,71.0,31.0
1110.0,189.5,1062.0,39.0,8.0
1110.0,189.55,1062.0,39.0,8.0
1110.0,189.6,1062.0,39.0,8.0
1110.0,189.65,1062.0,39.0,8.0
1110.0,189.7,1062.0,39.0,8.0
1110.0,189.75,1062.0,39.0,8.0
1110.0,189.8,1062.0,39.0,8.0
1110.0,189.85,1062.0,39.0,8.0
1110.0,189.9,1062.0,39.0,8.0
1110.0,189.95,1062.0,39.0,8.0
1110.0,190.0,1062.0,39.0,8.0
1110.0,190.05,1062.0,39.0,8.0
1110.0,190.1,1062.0,39.0,8.0
1110.0,190.15,1062.0,39.0,8.0
1110.0,190.2,1062.0,39.0,8.0
1110.0,190.25,1062.0,39.0,8.0
1110.0,190.3,1062.0,39.0,8.0
1110.0,190.35,1062.0,39.0,8.0
1110.0,190.4,1062.0,39.0,8.0
1110.0,190.45,1062.0,39.0,8.0
1110.0,190.5,1062.0,39.0,8.0
1110.0,190.55,1062.0,39.0,8.0
1110.0,190.6,1062.0,39.0,8.0
1110.0,190.65,1062.0,39.0,8.0
1110.0,190.7,1062.0,39.0,8.0
1110.0,190.75,1062.0,39.0,8.0
1110.0,190.8,1062.0,39.0,8.0
1110.0,190.85,1062.0,39.0,8.0
1110.0,190.9,1062.0,39.0,8.0
1110.0,190.95,1062.0,39.0,8.0
1110.0,191.0,1062.0,39.0,8.0
1110.0,191.05,1062.0,39.0,8.0
1110.0,191.1,1062.0,39.0,8.0
1110.0,191.15,1062.0,39.0,8.0
1110.0,191.2,1062.0,39.0,8.0
1110.0,191.25,1062.0,39.0,8.0
1110.0,191.3,1062.0,39.0,8.0
1110.0,191.35,1062.0,39.0,8.0
1110.0,191.4,1062.0,39.0,8.0
1110.0,191.45,1062.0,39.0,8.0
1110.0,191.5,1062.0,39.0,8.0
1110.0,191.55,1060.0,39.0,8.0
1110.0,191.6,1059.0,39.0,9.0
1110.0,191.65,1057.0,38.0,9.0
1110.0,191.7,1056.0,38.0,10.0
1110.0,191.75,1054.0,38.0,10.0
1110.0,191.8,1052.0,38.0,11.0
1110.0,191.85,1051.0,38.0,11.0
1110.0,191.9,1049.0,38.0,12.0
1110.0,191.95,1048.0,37.0,13.0
1110.0,192.0,1046.0,37.0,14.0
1110.0,192.05,1046.0,37.0,14.0
1110.0,192.1,1045.0,37.0,14.0
1110.0,192.15,1044.0,37.0,15.0
1110.0,192.2,1043.0,37.0,15.0
1110.0,192.25,1043.0,36.0,16.0
1110.0,192.3,1042.0,36.0,16.0
1110.0,192.35,1041.0,36.0,16.0
1110.0,192.4,1041.0,36.0,17.0
1110.0,192.45,1040.0,37.0,18.0
1110.0,192.5,1039.0,37.0,18.0
1110.0,192.55,1037.0,37.0,19.0
1110.0,192.6,1035.0,37.0,19.0
1110.0,192.65,1032.0,38.0,19.0
1110.0,192.7,1030.0,38.0,19.0
1110.0,192.75,1028.0,38.0,19.0
1110.0,192.8,1025.0,39.0,20.0
1110.0,192.85,1023.0,39.0,20.0
1110.0,192.9,1020.0,38.0,20.0
1110.0,192.95,1016.0,38.0,20.0
1110.0,193.0,1013.0,38.0,20.0
1110.0,193.05,1012.0,39.0,20.0
1110.0,193.1,1011.0,41.0,20.0
1110.0,193.15,1010.0,43.0,20.0
1110.0,193.2,1010.0,43.0,20.0
1110.0,193.25,1009.0,44.0,19.0
1110.0,193.3,1009.0,45.0,19.0
1110.0,193.35,1009.0,46.0,19.0
1110.0,193.4,1009.0,47.0,19.0
1110.0,193.45,1008.0,47.0,19.0
1110.0,193.5,1008.0,48.0,19.0
1110.0,193.55,1009.0,48.0,19.0
1110.0,193.6,1010.0,48.0,19.0
1110.0,193.65,1011.0,48.0,19.0
1110.0,193.7,1012.0,48.0,20.0
1110.0,193.75,1013.0,48.0,20.0
1110.0,193.8,1014.0,48.0,20.0
1110.0,193.85,1015.0,49.0,20.0
1110.0,193.9,1016.0,48.0,20.0
1110.0,193.95,1017.0,48.0,20.0
1110.0,194.0,1018.0,48.0,20.0
1110.0,194.05,1020.0,48.0,21.0
1110.0,194.1,1023.0,47.0,21.0
1110.0,194.15,1025.0,47.0,22.0
1110.0,194.2,1027.0,47.0,22.0
1110.0,194.25,1029.0,47.0,23.0
1110.0,194.3,1031.0,47.0,23.0
1110.0,194.35,1033.0,47.0,23.0
1110.0,194.4,1035.0,47.0,24.0
1110.0,194.45,1037.0,47.0,24.0
1110.0,194.5,1039.0,47.0,24.0
1110.0,194.55,1041.0,47.0,24.0
1110.0,194.6,1043.0,47.0,25.0
1110.0,194.65,1045.0,47.0,25.0
1110.0,194.7,1047.0,47.0,25.0
1110.0,194.75,1049.0,47.0,25.0
1110.0,194.8,1051.0,47.0,25.0
1110.0,194.85,1053.0,48.0,26.0
1110.0,194.9,1055.0,48.0,26.0
1110.0,194.95,1058.0,48.0,27.0
1110.0,195.0,1060.0,48.0,27.0
1110.0,195.05,1059.0,49.0,27.0
1110.0,195.1,1059.0,50.0,27.0
1110.0,195.15,1058.0,50.0,26.0
1110.0,195.2,1058.0,51.0,26.0
1110.0,195.25,1058.0,51.0,26.0
1110.0,195.3,1058.0,51.0,26.0
1110.0,195.35,1058.0,52.0,26.0
1110.0,195.4,1058.0,52.0,27.0
1110.0,195.45,1058.0,52.0,27.0
1110.0,195.5,1058.0,53.0,27.0
1110.0,195.55,1052.0,53.0,27.0
1110.0,195.6,1046.0,53.0,27.0
1110.0,195.65,1040.0,54.0,28.0
1110.0,195.7,1034.0,54.0,28.0
1110.0,195.75,1028.0,54.0,29.0
1110.0,195.8,1022.0,54.0,29.0
1110.0,195.85,1015.0,55.0,30.0
1110.0,195.9,1004.0,55.0,32.0
1110.0,195.95,993.0,55.0,33.0
1110.0,196.0,982.0,56.0,35.0
1110.0,196.05,994.0,56.0,33.0
1110.0,196.1,1007.0,56.0,31.0
1110.0,196.15,1020.0,55.0,30.0
1110.0,196.2,1029.0,55.0,29.0
1110.0,196.25,1037.0,55.0,28.0
1110.0,196.3,1046.0,55.0,28.0
1110.0,196.35,1055.0,55.0,28.0
1110.0,196.4,1063.0,55.0,27.0
1110.0,196.45,1072.0,55.0,27.0
1110.0,196.5,1080.0,55.0,26.0
1110.0,196.55,1083.0,55.0,27.0
1110.0,196.6,1086.0,56.0,27.0
1110.0,196.65,1089.0,56.0,27.0
1110.0,196.7,1092.0,56.0,27.0
1110.0,196.75,1094.0,56.0,28.0
1110.0,196.8,1097.0,56.0,28.0
1110.0,196.85,1100.0,56.0,28.0
1110.0,196.9,1104.0,56.0,29.0
1110.0,196.95,1107.0,56.0,30.0
1110.0,197.0,1110.0,56.0,30.0
1110.0,197.05,1113.0,57.0,30.0
1110.0,197.1,1116.0,57.0,31.0
1110.0,197.15,1119.0,57.0,31.0
1110.0,197.2,1122.0,57.0,31.0
1110.0,197.25,1125.0,57.0,31.0
1110.0,197.3,1128.0,57.0,32.0
1110.0,197.35,1131.0,58.0,32.0
1110.0,197.4,1135.0,58.0,32.0
1110.0,197.45,1138.0,58.0,32.0
1110.0,197.5,1142.0,58.0,33.0
1110.0,197.55,1144.0,59.0,33.0
1110.0,197.6,1146.0,59.0,33.0
1110.0,197.65,1148.0,60.0,33.0
1110.0,197.7,1150.0,61.0,33.0
1110.0,197.75,1152.0,61.0,33.0
1110.0,197.8,1154.0,62.0,34.0
1110.0,197.85,1156.0,62.0,34.0
1110.0,197.9,1159.0,62.0,34.0
1110.0,197.95,1161.0,63.0,34.0
1110.0,198.0,1163.0,63.0,35.0
1110.0,198.05,1164.0,64.0,34.0
1110.0,198.1,1164.0,64.0,34.0
1110.0,198.15,1165.0,65.0,34.0
1110.0,198.2,1166.0,65.0,33.0
1110.0,198.25,1166.0,66.0,33.0
1110.0,198.3,1167.0,66.0,33.0
1110.0,198.35,1168.0,67.0,33.0
1110.0,198.4,1167.0,69.0,32.0
1110.0,198.45,1167.0,70.0,32.0
1110.0,198.5,1167.0,72.0,32.0
1110.0,198.55,1167.0,72.0,32.0
1110.0,198.6,1167.0,72.0,32.0
1110.0,198.65,1167.0,72.0,32.0
1110.0,198.7,1167.0,72.0,32.0
1110.0,198.75,1167.0,72.0,32.0
1110.0,198.8,1167.0,72.0,32.0
1110.0,198.85,1167.0,72.0,32.0
1110.0,198.9,1167.0,72.0,32.0
1110.0,198.95,1167.0,72.0,32.0
1110.0,199.0,1167.0,72.0,32.0
1110.0,199.05,1167.0,72.0,32.0
1110.0,199.1,1167.0,72.0,32.0
1110.0,199.15,1167.0,72.0,32.0
1110.0,199.2,1167.0,72.0,32.0
1110.0,199.25,1167.0,72.0,32.0
1110.0,199.3,1167.0,72.0,32.0
1110.0,199.35,1167.0,72.0,32.0
1110.0,199.4,1167.0,72.0,32.0
1110.0,199.45,1167.0,72.0,32.0
1110.0,199.5,1167.0,72.0,32.0
1110.0,199.55,1167.0,72.0,32.0
1110.0,199.6,1167.0,72.0,32.0
1110.0,199.65,1167.0,72.0,32.0
1110.0,199.7,1167.0,72.0,32.0
1110.0,199.75,1167.0,72.0,32.0
1110.0,199.8,1167.0,72.0,32.0
1110.0,199.85,1167.0,72.0,32.0
1110.0,199.9,1167.0,72.0,32.0
1110.0,199.95,1167.0,72.0,32.0
1110.0,200.0,1167.0,72.0,32.0
1110.0,200.05,1167.0,72.0,32.0
1110.0,200.1,1167.0,72.0,32.0
1110.0,200.15,1167.0,72.0,32.0
1110.0,200.2,1167.0,72.0,32.0
1110.0,200.25,1167.0,72.0,32.0
1110.0,200.3,1167.0,72.0,32.0
1110.0,200.35,1167.0,72.0,32.0
1110.0,200.4,1167.0,72.0,32.0
1110.0,200.45,1167.0,72.0,32.0
1110.0,200.5,1167.0,72.0,32.0
1120.0,189.5,1078.0,39.0,8.0
1120.0,189.55,1078.0,39.0,8.0
1120.0,189.6,1078.0,39.0,8.0
1120.0,189.65,1078.0,39.0,8.0
1120.0,189.7,1078.0,39.0,8.0
1120.0,189.75,1078.0,39.0,8.0
1120.0,189.8,1078.0,39.0,8.0
1120.0,189.85,1078.0,39.0,8.0
1120.0,189.9,1078.0,39.0,8.0
1120.0,189.95,1078.0,39.0,8.0
1120.0,190.0,1078.0,39.0,8.0
1120.0,190.05,1078.0,39.0,8.0
1120.0,190.1,1078.0,39.0,8.0
1120.0,190.15,1078.0,39.0,8.0
1120.0,190.2,1078.0,39.0,8.0
1120.0,190.25,1078.0,39.0,8.0
1120.0,190.3,1078.0,39.0,8.0
1120.0,190.35,1078.0,39.0,8.0
1120.0,190.4,1078.0,39.0,8.0
1120.0,190.45,1078.0,39.0,8.0
1120.0,190.5,1078.0,39.0,8.0
1120.0,190.55,1078.0,39.0,8.0
1120.0,190.6,1078.0,39.0,8.0
1120.0,190.65,1078.0,39.0,8.0
1120.0,190.7,1078.0,39.0,8.0
1120.0,190.75,1078.0,39.0,8.0
1120.0,190.8,1078.0,39.0,8.0
1120.0,190.85,1078.0,39.0,8.0
1120.0,190.9,1078.0,39.0,8.0
1120.0,190.95,1078.0,39.0,8.0
1120.0,191.0,1078.0,39.0,8.0
1120.0,191.05,1078.0,39.0,8.0
1120.0,191.1,1078.0,39.0,8.0
1120.0,191.15,1078.0,39.0,8.0
1120.0,191.2,1078.0,39.0,8.0
1120.0,191.25,1078.0,39.0,8.0
1120.0,191.3,1078.0,39.0,8.0
1120.0,191.35,1078.0,39.0,8.0
1120.0,191.4,1078.0,39.0,8.0
1120.0,191.45,1078.0,39.0,8.0
1120.0,191.5,1078.0,39.0,8.0
1120.0,191.55,1076.0,39.0,9.0
1120.0,191.6,1074.0,39.0,9.0
1120.0,191.65,1073.0,39.0,10.0
1120.0,191.7,1071.0,39.0,10.0
1120.0,191.75,1070.0,38.0,11.0
1120.0,191.8,1068.0,38.0,11.0
1120.0,191.85,1066.0,38.0,12.0
1120.0,191.9,1065.0,38.0,12.0
1120.0,191.95,1063.0,38.0,13.0
1120.0,192.0,1062.0,37.0,14.0
1120.0,192.05,1061.0,37.0,14.0
1120.0,192.1,1060.0,37.0,15.0
1120.0,192.15,1060.0,37.0,15.0
1120.0,192.2,1059.0,37.0,15.0
1120.0,192.25,1058.0,37.0,16.0
1120.0,192.3,1058.0,36.0,16.0
1120.0,192.35,1057.0,36.0,17.0
1120.0,192.4,1056.0,37.0,17.0
1120.0,192.45,1056.0,37.0,18.0
1120.0,192.5,1055.0,37.0,19.0
1120.0,192.55,1053.0,37.0,19.0
1120.0,192.6,1050.0,38.0,19.0
1120.0,192.65,1048.0,38.0,19.0
1120.0,192.7,1046.0,38.0,19.0
1120.0,192.75,1043.0,39.0,20.0
1120.0,192.8,1041.0,39.0,20.0
1120.0,192.85,1038.0,39.0,20.0
1120.0,192.9,1035.0,39.0,20.0
1120.0,192.95,1031.0,38.0,20.0
1120.0,193.0,1028.0,38.0,20.0
1120.0,193.05,1027.0,40.0,20.0
1120.0,193.1,1026.0,41.0,20.0
1120.0,193.15,1025.0,43.0,20.0
1120.0,193.2,1025.0,44.0,20.0
1120.0,193.25,1025.0,45.0,20.0
1120.0,193.3,1024.0,45.0,19.0
1120.0,193.35,1024.0,46.0,19.0
1120.0,193.4,1024.0,47.0,19.0
1120.0,193.45,1023.0,48.0,19.0
1120.0,193.5,1023.0,49.0,19.0
1120.0,193.55,1024.0,49.0,19.0
1120.0,193.6,1025.0,49.0,19.0
1120.0,193.65,1026.0,49.0,20.0
1120.0,193.7,1027.0,49.0,20.0
1120.0,193.75,1028.0,49.0,20.0
1120.0,193.8,1029.0,49.0,20.0
1120.0,193.85,1030.0,49.0,20.0
1120.0,193.9,1031.0,49.0,20.0
1120.0,193.95,1032.0,49.0,20.0
1120.0,194.0,1033.0,48.0,20.0
1120.0,194.05,1036.0,48.0,21.0
1120.0,194.1,1038.0,48.0,22.0
1120.0,194.15,1041.0,47.0,22.0
1120.0,194.2,1043.0,47.0,23.0
1120.0,194.25,1045.0,47.0,23.0
1120.0,194.3,1046.0,47.0,23.0
1120.0,194.35,1048.0,47.0,23.0
1120.0,194.4,1050.0,47.0,24.0
1120.0,194.45,1052.0,47.0,24.0
1120.0,194.5,1054.0,47.0,24.0
1120.0,194.55,1056.0,47.0,25.0
1120.0,194.6,1058.0,47.0,25.0
1120.0,194.65,1060.0,47.0,25.0
1120.0,194.7,1062.0,47.0,25.0
1120.0,194.75,1064.0,48.0,25.0
1120.0,194.8,1066.0,48.0,26.0
1120.0,194.85,1068.0,48.0,26.0
1120.0,194.9,1071.0,48.0,26.0
1120.0,194.95,1073.0,48.0,27.0
1120.0,195.0,1076.0,49.0,27.0
1120.0,195.05,1075.0,49.0,27.0
1120.0,195.1,1074.0,50.0,27.0
1120.0,195.15,1073.0,51.0,27.0
1120.0,195.2,1073.0,51.0,27.0
1120.0,195.25,1073.0,51.0,27.0
1120.0,195.3,1073.0,52.0,27.0
1120.0,195.35,1073.0,52.0,27.0
1120.0,195.4,1073.0,52.0,27.0
1120.0,195.45,1073.0,53.0,27.0
1120.0,195.5,1073.0,53.0,27.0
1120.0,195.55,1067.0,53.0,27.0
1120.0,195.6,1061.0,54.0,28.0
1120.0,195.65,1055.0,54.0,28.0
1120.0,195.7,1049.0,54.0,29.0
1120.0,195.75,1043.0,55.0,29.0
1120.0,195.8,1037.0,55.0,30.0
1120.0,195.85,1029.0,55.0,30.0
1120.0,195.9,1018.0,56.0,32.0
1120.0,195.95,1007.0,56.0,34.0
1120.0,196.0,996.0,56.0,35.0
1120.0,196.05,1008.0,56.0,34.0
1120.0,196.1,1021.0,56.0,32.0
1120.0,196.15,1033.0,56.0,30.0
1120.0,196.2,1044.0,56.0,29.0
1120.0,196.25,1052.0,56.0,29.0
1120.0,196.3,1061.0,56.0,28.0
1120.0,196.35,1069.0,56.0,28.0
1120.0,196.4,1078.0,56.0,27.0
1120.0,196.45,1087.0,56.0,27.0
1120.0,196.5,1095.0,56.0,26.0
1120.0,196.55,1098.0,56.0,27.0
1120.0,196.6,1101.0,56.0,27.0
1120.0,196.65,1104.0,56.0,27.0
1120.0,196.7,1106.0,56.0,28.0
1120.0,196.75,1109.0,56.0,28.0
1120.0,196.8,1112.0,56.0,28.0
1120.0,196.85,1115.0,57.0,29.0
1120.0,196.9,1119.0,57.0,29.0
1120.0,196.95,1122.0,57.0,30.0
1120.0,197.0,1125.0,57.0,30.0
1120.0,197.05,1128.0,57.0,31.0
1120.0,197.1,1131.0,57.0,31.0
1120.0,197.15,1134.0,57.0,31.0
1120.0,197.2,1137.0,58.0,31.0
1120.0,197.25,1140.0,58.0,32.0
1120.0,197.3,1143.0,58.0,32.0
1120.0,197.35,1147.0,58.0,32.0
1120.0,197.4,1150.0,58.0,32.0
1120.0,197.45,1154.0,58.0,33.0
1120.0,197.5,1157.0,58.0,33.0
1120.0,197.55,1159.0,59.0,33.0
1120.0,197.6,1161.0,60.0,33.0
1120.0,197.65,1163.0,61.0,33.0
1120.0,197.7,1165.0,61.0,33.0
1120.0,197.75,1167.0,62.0,34.0
1120.0,197.8,1169.0,62.0,34.0
1120.0,197.85,1171.0,62.0,34.0
1120.0,197.9,1174.0,63.0,34.0
1120.0,197.95,1176.0,63.0,35.0
1120.0,198.0,1178.0,64.0,35.0
1120.0,198.05,1179.0,64.0,34.0
1120.0,198.1,1179.0,65.0,34.0
1120.0,198.15,1180.0,65.0,34.0
1120.0,198.2,1181.0,66.0,34.0
1120.0,198.25,1182.0,66.0,33.0
1120.0,198.3,1182.0,67.0,33.0
1120.0,198.35,1182.0,68.0,33.0
1120.0,198.4,1182.0,69.0,32.0
1120.0,198.45,1182.0,71.0,32.0
1120.0,198.5,1182.0,73.0,32.0
1120.0,198.55,1182.0,73.0,32.0
1120.0,198.6,1182.0,73.0,32.0
1120.0,198.65,1182.0,73.0,32.0
1120.0,198.7,1182.0,73.0,32.0
1120.0,198.75,1182.0,73.0,32.0
1120.0,198.8,1182.0,73.0,32.0
1120.0,198.85,1182.0,73.0,32.0
1120.0,198.9,1182.0,73.0,32.0
1120.0,198.95,1182.0,73.0,32.0
1120.0,199.0,1182.0,73.0,32.0
1120.0,199.05,1182.0,73.0,32.0
1120.0,199.1,1182.0,73.0,32.0
1120.0,199.15,1182.0,73.0,32.0
1120.0,199.2,1182.0,73.0,32.0
1120.0,199.25,1182.0,73.0,32.0
1120.0,199.3,1182.0,73.0,32.0
1120.0,199.35,1182.0,73.0,32.0
1120.0,199.4,1182.0,73.0,32.0
1120.0,199.45,1182.0,73.0,32.0
1120.0,199.5,1182.0,73.0,32.0
1120.0,199.55,1182.0,73.0,32.0
1120.0,199.6,1182.0,73.0,32.0
1120.0,199.65,1182.0,73.0,32.0
1120.0,199.7,1182.0,73.0,32.0
1120.0,199.75,1182.0,73.0,32.0
1120.0,199.8,1182.0,73.0,32.0
1120.0,199.85,1182.0,73.0,32.0
1120.0,199.9,1182.0,73.0,32.0
1120.0,199.95,1182.0,73.0,32.0
1120.0,200.0,1182.0,73.0,32.0
1120.0,200.05,1182.0,73.0,32.0
1120.0,200.1,1182.0,73.0,32.0
1120.0,200.15,1182.0,73.0,32.0
1120.0,200.2,1182.0,73.0,32.0
1120.0,200.25,1182.0,73.0,32.0
1120.0,200.3,1182.0,73.0,32.0
1120.0,200.35,1182.0,73.0,32.0
1120.0,200.4,1182.0,73.0,32.0
1120.0,200.45,1182.0,73.0,32.0
1120.0,200.5,1182.0,73.0,32.0
1130.0,189.5,1093.0,39.0,8.0
1130.0,189.55,1093.0,39.0,8.0
1130.0,189.6,1093.0,39.0,8.0
1130.0,189.65,1093.0,39.0,8.0
1130.0,189.7,1093.0,39.0,8.0
1130.0,189.75,1093.0,39.0,8.0
1130.0,189.8,1093.0,39.0,8.0
1130.0,189.85,1093.0,39.0,8.0
1130.0,189.9,1093.0,39.0,8.0
1130.0,189.95,1093.0,39.0,8.0
1130.0,190.0,1093.0,39.0,8.0
1130.0,190.05,1093.0,39.0,8.0
1130.0,190.1,1093.0,39.0,8.0
1130.0,190.15,1093.0,39.0,8.0
1130.0,190.2,1093.0,39.0,8.0
1130.0,190.25,1093.0,39.0,8.0
1130.0,190.3,1093.0,39.0,8.0
1130.0,190.35,1093.0,39.0,8.0
1130.0,190.4,1093.0,39.0,8.0
1130.0,190.45,1093.0,39.0,8.0
1130.0,190.5,1093.0,39.0,8.0
1130.0,190.55,1093.0,39.0,8.0
1130.0,190.6,1093.0,39.0,8.0
1130.0,190.65,1093.0,39.0,8.0
1130.0,190.7,1093.0,39.0,8.0
1130.0,190.75,1093.0,39.0,8.0
1130.0,190.8,1093.0,39.0,8.0
1130.0,190.85,1093.0,39.0,8.0
1130.0,190.9,1093.0,39.0,8.0
1130.0,190.95,1093.0,39.0,8.0
1130.0,191.0,1093.0,39.0,8.0
1130.0,191.05,1093.0,39.0,8.0
1130.0,191.1,1093.0,39.0,8.0
1130.0,191.15,1093.0,39.0,8.0
1130.0,191.2,1093.0,39.0,8.0
1130.0,191.25,1093.0,39.0,8.0
1130.0,191.3,1093.0,39.0,8.0
1130.0,191.35,1093.0,39.0,8.0
1130.0,191.4,1093.0,39.0,8.0
1130.0,191.45,1093.0,39.0,8.0
1130.0,191.5,1093.0,39.0,8.0
1130.0,191.55,1091.0,39.0,9.0
1130.0,191.6,1090.0,39.0,9.0
1130.0,191.65,1088.0,39.0,10.0
1130.0,191.7,1087.0,39.0,10.0
1130.0,191.75,1085.0,39.0,11.0
1130.0,191.8,1083.0,39.0,11.0
1130.0,191.85,1082.0,38.0,12.0
1130.0,191.9,1080.0,38.0,13.0
1130.0,191.95,1079.0,38.0,13.0
1130.0,192.0,1077.0,38.0,14.0
1130.0,192.05,1077.0,38.0,14.0
1130.0,192.1,1076.0,37.0,15.0
1130.0,192.15,1075.0,37.0,15.0
1130.0,192.2,1075.0,37.0,16.0
1130.0,192.25,1074.0,37.0,16.0
1130.0,192.3,1073.0,37.0,16.0
1130.0,192.35,1073.0,37.0,17.0
1130.0,192.4,1072.0,37.0,18.0
1130.0,192.45,1071.0,37.0,18.0
1130.0,192.5,1070.0,38.0,19.0
1130.0,192.55,1068.0,38.0,19.0
1130.0,192.6,1066.0,38.0,19.0
1130.0,192.65,1064.0,38.0,19.0
1130.0,192.7,1061.0,39.0,20.0
1130.0,192.75,1059.0,39.0,20.0
1130.0,192.8,1057.0,39.0,20.0
1130.0,192.85,1054.0,39.0,20.0
1130.0,192.9,1050.0,39.0,20.0
1130.0,192.95,1047.0,39.0,20.0
1130.0,193.0,1043.0,38.0,20.0
1130.0,193.05,1042.0,40.0,20.0
1130.0,193.1,1042.0,41.0,20.0
1130.0,193.15,1041.0,43.0,20.0
1130.0,193.2,1040.0,44.0,20.0
1130.0,193.25,1040.0,45.0,20.0
1130.0,193.3,1039.0,46.0,20.0
1130.0,193.35,1039.0,47.0,19.0
1130.0,193.4,1039.0,47.0,19.0
1130.0,193.45,1038.0,48.0,19.0
1130.0,193.5,1038.0,49.0,19.0
1130.0,193.55,1039.0,49.0,19.0
1130.0,193.6,1040.0,49.0,19.0
1130.0,193.65,1041.0,49.0,20.0
1130.0,193.7,1042.0,49.0,20.0
1130.0,193.75,1043.0,49.0,20.0
1130.0,193.8,1044.0,49.0,20.0
1130.0,193.85,1045.0,49.0,21.0
1130.0,193.9,1046.0,49.0,21.0
1130.0,193.95,1047.0,49.0,21.0
1130.0,194.0,1048.0,49.0,21.0
1130.0,194.05,1051.0,49.0,21.0
1130.0,194.1,1053.0,48.0,22.0
1130.0,194.15,1056.0,48.0,22.0
1130.0,194.2,1058.0,48.0,23.0
1130.0,194.25,1060.0,47.0,23.0
1130.0,194.3,1062.0,47.0,23.0
1130.0,194.35,1064.0,47.0,24.0
1130.0,194.4,1066.0,47.0,24.0
1130.0,194.45,1067.0,47.0,24.0
1130.0,194.5,1069.0,47.0,25.0
1130.0,194.55,1071.0,47.0,25.0
1130.0,194.6,1073.0,47.0,25.0
1130.0,194.65,1075.0,48.0,25.0
1130.0,194.7,1077.0,48.0,25.0
1130.0,194.75,1079.0,48.0,26.0
1130.0,194.8,1081.0,48.0,26.0
1130.0,194.85,1084.0,48.0,26.0
1130.0,194.9,1086.0,48.0,27.0
1130.0,194.95,1089.0,49.0,27.0
1130.0,195.0,1091.0,49.0,27.0
1130.0,195.05,1090.0,50.0,27.0
1130.0,195.1,1089.0,50.0,27.0
1130.0,195.15,1088.0,51.0,27.0
1130.0,195.2,1088.0,52.0,27.0
1130.0,195.25,1088.0,52.0,27.0
1130.0,195.3,1088.0,52.0,27.0
1130.0,195.35,1088.0,53.0,27.0
1130.0,195.4,1088.0,53.0,27.0
1130.0,195.45,1088.0,53.0,27.0
1130.0,195.5,1088.0,54.0,27.0
1130.0,195.55,1082.0,54.0,27.0
1130.0,195.6,1076.0,54.0,28.0
1130.0,195.65,1070.0,54.0,28.0
1130.0,195.7,1064.0,55.0,29.0
1130.0,195.75,1058.0,55.0,29.0
1130.0,195.8,1052.0,55.0,30.0
1130.0,195.85,1042.0,56.0,31.0
1130.0,195.9,1031.0,56.0,33.0
1130.0,195.95,1020.0,56.0,34.0
1130.0,196.0,1009.0,57.0,36.0
1130.0,196.05,1022.0,57.0,34.0
1130.0,196.1,1034.0,56.0,32.0
1130.0,196.15,1047.0,56.0,31.0
1130.0,196.2,1059.0,56.0,29.0
1130.0,196.25,1067.0,56.0,29.0
1130.0,196.3,1076.0,56.0,28.0
1130.0,196.35,1084.0,56.0,28.0
1130.0,196.4,1093.0,56.0,27.0
1130.0,196.45,1102.0,56.0,27.0
1130.0,196.5,1110.0,56.0,27.0
1130.0,196.55,1113.0,56.0,27.0
1130.0,196.6,1116.0,56.0,27.0
1130.0,196.65,1119.0,57.0,27.0
1130.0,196.7,1121.0,57.0,28.0
1130.0,196.75,1124.0,57.0,28.0
1130.0,196.8,1127.0,57.0,28.0
1130.0,196.85,1130.0,57.0,29.0
1130.0,196.9,1134.0,57.0,29.0
1130.0,196.95,1137.0,57.0,30.0
1130.0,197.0,1140.0,57.0,31.0
1130.0,197.05,1143.0,57.0,31.0
1130.0,197.1,1146.0,58.0,31.0
1130.0,197.15,1149.0,58.0,31.0
1130.0,197.2,1152.0,58.0,32.0
1130.0,197.25,1155.0,58.0,32.0
1130.0,197.3,1158.0,58.0,32.0
1130.0,197.35,1162.0,58.0,32.0
1130.0,197.4,1165.0,58.0,33.0
1130.0,197.45,1169.0,58.0,33.0
1130.0,197.5,1172.0,58.0,33.0
1130.0,197.55,1174.0,59.0,33.0
1130.0,197.6,1176.0,60.0,33.0
1130.0,197.65,1178.0,61.0,34.0
1130.0,197.7,1180.0,62.0,34.0
1130.0,197.75,1182.0,62.0,34.0
1130.0,197.8,1184.0,62.0,34.0
1130.0,197.85,1187.0,63.0,34.0
1130.0,197.9,1189.0,63.0,35.0
1130.0,197.95,1191.0,64.0,35.0
1130.0,198.0,1193.0,64.0,35.0
1130.0,198.05,1194.0,65.0,35.0
1130.0,198.1,1195.0,65.0,34.0
1130.0,198.15,1195.0,66.0,34.0
1130.0,198.2,1196.0,66.0,34.0
1130.0,198.25,1197.0,67.0,34.0
1130.0,198.3,1197.0,67.0,33.0
1130.0,198.35,1197.0,68.0,33.0
1130.0,198.4,1197.0,70.0,33.0
1130.0,198.45,1197.0,72.0,32.0
1130.0,198.5,1196.0,74.0,32.0
1130.0,198.55,1196.0,74.0,32.0
1130.0,198.6,1196.0,74.0,32.0
1130.0,198.65,1196.0,74.0,32.0
1130.0,198.7,1196.0,74.0,32.0
1130.0,198.75,1196.0,74.0,32.0
1130.0,198.8,1196.0,74.0,32.0
1130.0,198.85,1196.0,74.0,32.0
1130.0,198.9,1196.0,74.0,32.0
1130.0,198.95,1196.0,74.0,32.0
1130.0,199.0,1196.0,74.0,32.0
1130.0,199.05,1196.0,74.0,32.0
1130.0,199.1,1196.0,74.0,32.0
1130.0,199.15,1196.0,74.0,32.0
1130.0,199.2,1196.0,74.0,32.0
1130.0,199.25,1196.0,74.0,32.0
1130.0,199.3,1196.0,74.0,32.0
1130.0,199.35,1196.0,74.0,32.0
1130.0,199.4,1196.0,74.0,32.0
1130.0,199.45,1196.0,74.0,32.0
1130.0,199.5,1196.0,74.0,32.0
1130.0,199.55,1196.0,74.0,32.0
1130.0,199.6,1196.0,74.0,32.0
1130.0,199.65,1196.0,74.0,32.0
1130.0,199.7,1196.0,74.0,32.0
1130.0,199.75,1196.0,74.0,32.0
1130.0,199.8,1196.0,74.0,32.0
1130.0,199.85,1196.0,74.0,32.0
1130.0,199.9,1196.0,74.0,32.0
1130.0,199.95,1196.0,74.0,32.0
1130.0,200.0,1196.0,74.0,32.0
1130.0,200.05,1196.0,74.0,32.0
1130.0,200.1,1196.0,74.0,32.0
1130.0,200.15,1196.0,74.0,32.0
1130.0,200.2,1196.0,74.0,32.0
1130.0,200.25,1196.0,74.0,32.0
1130.0,200.3,1196.0,74.0,32.0
1130.0,200.35,1196.0,74.0,32.0
1130.0,200.4,1196.0,74.0,32.0
1130.0,200.45,1196.0,74.0,32.0
1130.0,200.5,1196.0,74.0,32.0
1140.0,189.5,1109.0,40.0,8.0
1140.0,189.55,1109.0,40.0,8.0
1140.0,189.6,1109.0,40.0,8.0
1140.0,189.65,1109.0,40.0,8.0
1140.0,189.7,1109.0,40.0,8.0
1140.0,189.75,1109.0,40.0,8.0
1140.0,189.8,1109.0,40.0,8.0
1140.0,189.85,1109.0,40.0,8.0
1140.0,189.9,1109.0,40.0,8.0
1140.0,189.95,1109.0,40.0,8.0
1140.0,190.0,1109.0,40.0,8.0
1140.0,190.05,1109.0,40.0,8.0
1140.0,190.1,1109.0,40.0,8.0
1140.0,190.15,1109.0,40.0,8.0
1140.0,190.2,1109.0,40.0,8.0
1140.0,190.25,1109.0,40.0,8.0
1140.0,190.3,1109.0,40.0,8.0
1140.0,190.35,1109.0,40.0,8.0
1140.0,190.4,1109.0,40.0,8.0
1140.0,190.45,1109.0,40.0,8.0
1140.0,190.5,1109.0,40.0,8.0
1140.0,190.55,1109.0,40.0,8.0
1140.0,190.6,1109.0,40.0,8.0
1140.0,190.65,1109.0,40.0,8.0
1140.0,190.7,1109.0,40.0,8.0
1140.0,190.75,1109.0,40.0,8.0
1140.0,190.8,1109.0,40.0,8.0
1140.0,190.85,1109.0,40.0,8.0
1140.0,190.9,1109.0,40.0,8.0
1140.0,190.95,1109.0,40.0,8.0
1140.0,191.0,1109.0,40.0,8.0
1140.0,191.05,1109.0,40.0,8.0
1140.0,191.1,1109.0,40.0,8.0
1140.0,191.15,1109.0,40.0,8.0
1140.0,191.2,1109.0,40.0,8.0
1140.0,191.25,1109.0,40.0,8.0
1140.0,191.3,1109.0,40.0,8.0
1140.0,191.35,1109.0,40.0,8.0
1140.0,191.4,1109.0,40.0,8.0
1140.0,191.45,1109.0,40.0,8.0
1140.0,191.5,1109.0,40.0,8.0
1140.0,191.55,1107.0,40.0,9.0
1140.0,191.6,1105.0,39.0,9.0
1140.0,191.65,1104.0,39.0,10.0
1140.0,191.7,1102.0,39.0,10.0
1140.0,191.75,1101.0,39.0,11.0
1140.0,191.8,1099.0,39.0,11.0
1140.0,191.85,1098.0,39.0,12.0
1140.0,191.9,1096.0,38.0,13.0
1140.0,191.95,1095.0,38.0,13.0
1140.0,192.0,1093.0,38.0,14.0
1140.0,192.05,1092.0,38.0,15.0
1140.0,192.1,1092.0,38.0,15.0
1140.0,192.15,1091.0,37.0,15.0
1140.0,192.2,1090.0,37.0,16.0
1140.0,192.25,1090.0,37.0,16.0
1140.0,192.3,1089.0,37.0,16.0
1140.0,192.35,1088.0,37.0,17.0
1140.0,192.4,1087.0,37.0,18.0
1140.0,192.45,1087.0,38.0,18.0
1140.0,192.5,1086.0,38.0,19.0
1140.0,192.55,1084.0,38.0,19.0
1140.0,192.6,1081.0,38.0,19.0
1140.0,192.65,1079.0,39.0,20.0
1140.0,192.7,1077.0,39.0,20.0
1140.0,192.75,1074.0,39.0,20.0
1140.0,192.8,1072.0,40.0,20.0
1140.0,192.85,1069.0,39.0,20.0
1140.0,192.9,1065.0,39.0,20.0
1140.0,192.95,1062.0,39.0,20.0
1140.0,193.0,1059.0,39.0,20.0
1140.0,193.05,1058.0,40.0,20.0
1140.0,193.1,1057.0,42.0,20.0
1140.0,193.15,1056.0,43.0,20.0
1140.0,193.2,1055.0,45.0,20.0
1140.0,193.25,1055.0,45.0,20.0
1140.0,193.3,1054.0,46.0,20.0
1140.0,193.35,1054.0,47.0,20.0
1140.0,193.4,1054.0,48.0,19.0
1140.0,193.45,1054.0,49.0,19.0
1140.0,193.5,1053.0,49.0,19.0
1140.0,193.55,1054.0,49.0,19.0
1140.0,193.6,1055.0,50.0,20.0
1140.0,193.65,1056.0,50.0,20.0
1140.0,193.7,1057.0,50.0,20.0
1140.0,193.75,1058.0,50.0,20.0
1140.0,193.8,1059.0,50.0,21.0
1140.0,193.85,1060.0,50.0,21.0
1140.0,193.9,1061.0,49.0,21.0
1140.0,193.95,1062.0,49.0,21.0
1140.0,194.0,1063.0,49.0,21.0
1140.0,194.05,1066.0,49.0,21.0
1140.0,194.1,1068.0,49.0,22.0
1140.0,194.15,1071.0,48.0,22.0
1140.0,194.2,1073.0,48.0,23.0
1140.0,194.25,1075.0,48.0,23.0
1140.0,194.3,1077.0,48.0,24.0
1140.0,194.35,1079.0,48.0,24.0
1140.0,194.4,1081.0,48.0,24.0
1140.0,194.45,1083.0,47.0,24.0
1140.0,194.5,1085.0,47.0,25.0
1140.0,194.55,1087.0,48.0,25.0
1140.0,194.6,1089.0,48.0,25.0
1140.0,194.65,1091.0,48.0,25.0
1140.0,194.7,1093.0,48.0,26.0
1140.0,194.75,1095.0,48.0,26.0
1140.0,194.8,1097.0,48.0,26.0
1140.0,194.85,1099.0,49.0,26.0
1140.0,194.9,1102.0,49.0,27.0
1140.0,194.95,1104.0,49.0,27.0
1140.0,195.0,1107.0,49.0,28.0
1140.0,195.05,1106.0,50.0,27.0
1140.0,195.1,1105.0,51.0,27.0
1140.0,195.15,1104.0,51.0,27.0
1140.0,195.2,1103.0,52.0,27.0
1140.0,195.25,1103.0,52.0,27.0
1140.0,195.3,1103.0,53.0,27.0
1140.0,195.35,1103.0,53.0,27.0
1140.0,195.4,1103.0,53.0,27.0
1140.0,195.45,1103.0,54.0,27.0
1140.0,195.5,1103.0,54.0,27.0
1140.0,195.55,1097.0,54.0,28.0
1140.0,195.6,1091.0,54.0,28.0
1140.0,195.65,1085.0,55.0,28.0
1140.0,195.7,1079.0,55.0,29.0
1140.0,195.75,1073.0,55.0,29.0
1140.0,195.8,1067.0,56.0,30.0
1140.0,195.85,1056.0,56.0,31.0
1140.0,195.9,1045.0,56.0,33.0
1140.0,195.95,1034.0,57.0,35.0
1140.0,196.0,1023.0,57.0,36.0
1140.0,196.05,1036.0,57.0,35.0
1140.0,196.1,1048.0,57.0,33.0
1140.0,196.15,1061.0,57.0,31.0
1140.0,196.2,1073.0,57.0,29.0
1140.0,196.25,1082.0,57.0,29.0
1140.0,196.3,1091.0,57.0,28.0
1140.0,196.35,1099.0,57.0,28.0
1140.0,196.4,1108.0,57.0,28.0
1140.0,196.45,1116.0,57.0,27.0
1140.0,196.5,1125.0,57.0,27.0
1140.0,196.55,1128.0,57.0,27.0
1140.0,196.6,1131.0,57.0,27.0
1140.0,196.65,1133.0,57.0,28.0
1140.0,196.7,1136.0,57.0,28.0
1140.0,196.75,1139.0,57.0,28.0
1140.0,196.8,1142.0,57.0,28.0
1140.0,196.85,1145.0,57.0,29.0
1140.0,196.9,1149.0,57.0,30.0
1140.0,196.95,1152.0,58.0,30.0
1140.0,197.0,1155.0,58.0,31.0
1140.0,197.05,1158.0,58.0,31.0
1140.0,197.1,1161.0,58.0,31.0
1140.0,197.15,1164.0,58.0,32.0
1140.0,197.2,1167.0,58.0,32.0
1140.0,197.25,1170.0,58.0,32.0
1140.0,197.3,1173.0,59.0,32.0
1140.0,197.35,1177.0,59.0,33.0
1140.0,197.4,1180.0,59.0,33.0
1140.0,197.45,1184.0,59.0,33.0
1140.0,197.5,1187.0,59.0,34.0
1140.0,197.55,1189.0,60.0,34.0
1140.0,197.6,1191.0,60.0,34.0
1140.0,197.65,1193.0,61.0,34.0
1140.0,197.7,1195.0,62.0,34.0
1140.0,197.75,1197.0,62.0,34.0
1140.0,197.8,1199.0,63.0,34.0
1140.0,197.85,1202.0,63.0,35.0
1140.0,197.9,1204.0,64.0,35.0
1140.0,197.95,1206.0,64.0,35.0
1140.0,198.0,1208.0,65.0,35.0
1140.0,198.05,1209.0,65.0,35.0
1140.0,198.1,1210.0,66.0,35.0
1140.0,198.15,1210.0,66.0,34.0
1140.0,198.2,1211.0,67.0,34.0
1140.0,198.25,1212.0,67.0,34.0
1140.0,198.3,1212.0,67.0,34.0
1140.0,198.35,1212.0,69.0,33.0
1140.0,198.4,1212.0,71.0,33.0
1140.0,198.45,1212.0,73.0,32.0
1140.0,198.5,1211.0,75.0,32.0
1140.0,198.55,1211.0,75.0,32.0
1140.0,198.6,1211.0,75.0,32.0
1140.0,198.65,1211.0,75.0,32.0
1140.0,198.7,1211.0,75.0,32.0
1140.0,198.75,1211.0,75.0,32.0
1140.0,198.8,1211.0,75.0,32.0
1140.0,198.85,1211.0,75.0,32.0
1140.0,198.9,1211.0,75.0,32.0
1140.0,198.95,1211.0,75.0,32.0
1140.0,199.0,1211.0,75.0,32.0
1140.0,199.05,1211.0,75.0,32.0
1140.0,199.1,1211.0,75.0,32.0
1140.0,199.15,1211.0,75.0,32.0
1140.0,199.2,1211.0,75.0,32.0
1140.0,199.25,1211.0,75.0,32.0
1140.0,199.3,1211.0,75.0,32.0
1140.0,199.35,1211.0,75.0,32.0
1140.0,199.4,1211.0,75.0,32.0
1140.0,199.45,1211.0,75.0,32.0
1140.0,199.5,1211.0,75.0,32.0
1140.0,199.55,1211.0,75.0,32.0
1140.0,199.6,1211.0,75.0,32.0
1140.0,199.65,1211.0,75.0,32.0
1140.0,199.7,1211.0,75.0,32.0
1140.0,199.75,1211.0,75.0,32.0
1140.0,199.8,1211.0,75.0,32.0
1140.0,199.85,1211.0,75.0,32.0
1140.0,199.9,1211.0,75.0,32.0
1140.0,199.95,1211.0,75.0,32.0
1140.0,200.0,1211.0,75.0,32.0
1140.0,200.05,1211.0,75.0,32.0
1140.0,200.1,1211.0,75.0,32.0
1140.0,200.15,1211.0,75.0,32.0
1140.0,200.2,1211.0,75.0,32.0
1140.0,200.25,1211.0,75.0,32.0
1140.0,200.3,1211.0,75.0,32.0
1140.0,200.35,1211.0,75.0,32.0
1140.0,200.4,1211.0,75.0,32.0
1140.0,200.45,1211.0,75.0,32.0
1140.0,200.5,1211.0,75.0,32.0
1150.0,189.5,1124.0,40.0,8.0
1150.0,189.55,1124.0,40.0,8.0
1150.0,189.6,1124.0,40.0,8.0
1150.0,189.65,1124.0,40.0,8.0
1150.0,189.7,1124.0,40.0,8.0
1150.0,189.75,1124.0,40.0,8.0
1150.0,189.8,1124.0,40.0,8.0
1150.0,189.85,1124.0,40.0,8.0
1150.0,189.9,1124.0,40.0,8.0
1150.0,189.95,1124.0,40.0,8.0
1150.0,190.0,1124.0,40.0,8.0
1150.0,190.05,1124.0,40.0,8.0
1150.0,190.1,1124.0,40.0,8.0
1150.0,190.15,1124.0,40.0,8.0
1150.0,190.2,1124.0,40.0,8.0
1150.0,190.25,1124.0,40.0,8.0
1150.0,190.3,1124.0,40.0,8.0
1150.0,190.35,1124.0,40.0,8.0
1150.0,190.4,1124.0,40.0,8.0
1150.0,190.45,1124.0,40.0,8.0
1150.0,190.5,1124.0,40.0,8.0
1150.0,190.55,1124.0,40.0,8.0
1150.0,190.6,1124.0,40.0,8.0
1150.0,190.65,1124.0,40.0,8.0
1150.0,190.7,1124.0,40.0,8.0
1150.0,190.75,1124.0,40.0,8.0
1150.0,190.8,1124.0,40.0,8.0
1150.0,190.85,1124.0,40.0,8.0
1150.0,190.9,1124.0,40.0,8.0
1150.0,190.95,1124.0,40.0,8.0
1150.0,191.0,1124.0,40.0,8.0
1150.0,191.05,1124.0,40.0,8.0
1150.0,191.1,1124.0,40.0,8.0
1150.0,191.15,1124.0,40.0,8.0
1150.0,191.2,1124.0,40.0,8.0
1150.0,191.25,1124.0,40.0,8.0
1150.0,191.3,1124.0,40.0,8.0
1150.0,191.35,1124.0,40.0,8.0
1150.0,191.4,1124.0,40.0,8.0
1150.0,191.45,1124.0,40.0,8.0
1150.0,191.5,1124.0,40.0,8.0
1150.0,191.55,1123.0,40.0,9.0
1150.0,191.6,1121.0,40.0,9.0
1150.0,191.65,1119.0,40.0,10.0
1150.0,191.7,1118.0,39.0,10.0
1150.0,191.75,1116.0,39.0,11.0
1150.0,191.8,1115.0,39.0,11.0
1150.0,191.85,1113.0,39.0,12.0
1150.0,191.9,1112.0,39.0,13.0
1150.0,191.95,1110.0,38.0,14.0
1150.0,192.0,1109.0,38.0,14.0
1150.0,192.05,1108.0,38.0,15.0
1150.0,192.1,1107.0,38.0,15.0
1150.0,192.15,1106.0,38.0,15.0
1150.0,192.2,1106.0,38.0,16.0
1150.0,192.25,1105.0,37.0,16.0
1150.0,192.3,1104.0,37.0,17.0
1150.0,192.35,1104.0,38.0,17.0
1150.0,192.4,1103.0,38.0,18.0
1150.0,192.45,1102.0,38.0,19.0
1150.0,192.5,1102.0,38.0,19.0
1150.0,192.55,1099.0,39.0,19.0
1150.0,192.6,1097.0,39.0,20.0
1150.0,192.65,1095.0,39.0,20.0
1150.0,192.7,1092.0,39.0,20.0
1150.0,192.75,1090.0,40.0,20.0
1150.0,192.8,1087.0,40.0,20.0
1150.0,192.85,1084.0,40.0,20.0
1150.0,192.9,1081.0,39.0,20.0
1150.0,192.95,1077.0,39.0,20.0
1150.0,193.0,1074.0,39.0,20.0
1150.0,193.05,1073.0,40.0,20.0
1150.0,193.1,1072.0,42.0,20.0
1150.0,193.15,1071.0,43.0,20.0
1150.0,193.2,1070.0,45.0,20.0
1150.0,193.25,1070.0,46.0,20.0
1150.0,193.3,1069.0,47.0,20.0
1150.0,193.35,1069.0,47.0,20.0
1150.0,193.4,1069.0,48.0,20.0
1150.0,193.45,1069.0,49.0,19.0
1150.0,193.5,1068.0,50.0,19.0
1150.0,193.55,1069.0,50.0,20.0
1150.0,193.6,1070.0,50.0,20.0
1150.0,193.65,1071.0,50.0,20.0
1150.0,193.7,1072.0,50.0,20.0
1150.0,193.75,1073.0,50.0,21.0
1150.0,193.8,1074.0,50.0,21.0
1150.0,193.85,1075.0,50.0,21.0
1150.0,193.9,1076.0,50.0,21.0
1150.0,193.95,1077.0,50.0,21.0
1150.0,194.0,1078.0,50.0,21.0
1150.0,194.05,1081.0,49.0,21.0
1150.0,194.1,1083.0,49.0,22.0
1150.0,194.15,1086.0,49.0,23.0
1150.0,194.2,1088.0,48.0,23.0
1150.0,194.25,1090.0,48.0,23.0
1150.0,194.3,1092.0,48.0,24.0
1150.0,194.35,1094.0,48.0,24.0
1150.0,194.4,1096.0,48.0,24.0
1150.0,194.45,1098.0,48.0,25.0
1150.0,194.5,1100.0,48.0,25.0
1150.0,194.55,1102.0,48.0,25.0
1150.0,194.6,1104.0,48.0,25.0
1150.0,194.65,1106.0,48.0,26.0
1150.0,194.7,1108.0,48.0,26.0
1150.0,194.75,1110.0,49.0,26.0
1150.0,194.8,1112.0,49.0,26.0
1150.0,194.85,1114.0,49.0,27.0
1150.0,194.9,1117.0,49.0,27.0
1150.0,194.95,1119.0,49.0,27.0
1150.0,195.0,1122.0,50.0,28.0
1150.0,195.05,1121.0,50.0,28.0
1150.0,195.1,1120.0,51.0,28.0
1150.0,195.15,1119.0,52.0,27.0
1150.0,195.2,1118.0,52.0,27.0
1150.0,195.25,1118.0,53.0,27.0
1150.0,195.3,1118.0,53.0,27.0
1150.0,195.35,1118.0,53.0,27.0
1150.0,195.4,1118.0,54.0,27.0
1150.0,195.45,1118.0,54.0,27.0
1150.0,195.5,1118.0,54.0,27.0
1150.0,195.55,1112.0,55.0,28.0
1150.0,195.6,1106.0,55.0,28.0
1150.0,195.65,1100.0,55.0,29.0
1150.0,195.7,1094.0,55.0,29.0
1150.0,195.75,1088.0,56.0,30.0
1150.0,195.8,1081.0,56.0,30.0
1150.0,195.85,1070.0,56.0,32.0
1150.0,195.9,1059.0,57.0,34.0
1150.0,195.95,1048.0,57.0,35.0
1150.0,196.0,1037.0,58.0,37.0
1150.0,196.05,1049.0,58.0,35.0
1150.0,196.1,1062.0,57.0,33.0
1150.0,196.15,1075.0,57.0,32.0
1150.0,196.2,1087.0,57.0,30.0
1150.0,196.25,1097.0,57.0,29.0
1150.0,196.3,1105.0,57.0,29.0
1150.0,196.35,1114.0,57.0,28.0
1150.0,196.4,1123.0,57.0,28.0
1150.0,196.45,1131.0,57.0,27.0
1150.0,196.5,1140.0,57.0,27.0
1150.0,196.55,1143.0,57.0,27.0
1150.0,196.6,1145.0,57.0,27.0
1150.0,196.65,1148.0,57.0,28.0
1150.0,196.7,1151.0,57.0,28.0
1150.0,196.75,1154.0,58.0,28.0
1150.0,196.8,1157.0,58.0,29.0
1150.0,196.85,1160.0,58.0,29.0
1150.0,196.9,1164.0,58.0,30.0
1150.0,196.95,1167.0,58.0,31.0
1150.0,197.0,1170.0,58.0,31.0
1150.0,197.05,1173.0,58.0,31.0
1150.0,197.1,1176.0,58.0,32.0
1150.0,197.15,1179.0,59.0,32.0
1150.0,197.2,1182.0,59.0,32.0
1150.0,197.25,1185.0,59.0,32.0
1150.0,197.3,1189.0,59.0,33.0
1150.0,197.35,1192.0,59.0,33.0
1150.0,197.4,1196.0,59.0,33.0
1150.0,197.45,1199.0,59.0,34.0
1150.0,197.5,1203.0,59.0,34.0
1150.0,197.55,1204.0,60.0,34.0
1150.0,197.6,1206.0,61.0,34.0
1150.0,197.65,1208.0,62.0,34.0
1150.0,197.7,1210.0,62.0,34.0
1150.0,197.75,1212.0,63.0,34.0
1150.0,197.8,1214.0,63.0,35.0
1150.0,197.85,1217.0,64.0,35.0
1150.0,197.9,1219.0,64.0,35.0
1150.0,197.95,1221.0,65.0,35.0
1150.0,198.0,1223.0,65.0,35.0
1150.0,198.05,1224.0,66.0,35.0
1150.0,198.1,1225.0,66.0,35.0
1150.0,198.15,1225.0,67.0,35.0
1150.0,198.2,1226.0,67.0,34.0
1150.0,198.25,1227.0,67.0,34.0
1150.0,198.3,1227.0,68.0,34.0
1150.0,198.35,1227.0,70.0,33.0
1150.0,198.4,1227.0,72.0,33.0
1150.0,198.45,1226.0,74.0,33.0
1150.0,198.5,1226.0,76.0,32.0
1150.0,198.55,1226.0,76.0,32.0
1150.0,198.6,1226.0,76.0,32.0
1150.0,198.65,1226.0,76.0,32.0
1150.0,198.7,1226.0,76.0,32.0
1150.0,198.75,1226.0,76.0,32.0
1150.0,198.8,1226.0,76.0,32.0
1150.0,198.85,1226.0,76.0,32.0
1150.0,198.9,1226.0,76.0,32.0
1150.0,198.95,1226.0,76.0,32.0
1150.0,199.0,1226.0,76.0,32.0
1150.0,199.05,1226.0,76.0,32.0
1150.0,199.1,1226.0,76.0,32.0
1150.0,199.15,1226.0,76.0,32.0
1150.0,199.2,1226.0,76.0,32.0
1150.0,199.25,1226.0,76.0,32.0
1150.0,199.3,1226.0,76.0,32.0
1150.0,199.35,1226.0,76.0,32.0
1150.0,199.4,1226.0,76.0,32.0
1150.0,199.45,1226.0,76.0,32.0
1150.0,199.5,1226.0,76.0,32.0
1150.0,199.55,1226.0,76.0,32.0
1150.0,199.6,1226.0,76.0,32.0
1150.0,199.65,1226.0,76.0,32.0
1150.0,199.7,1226.0,76.0,32.0
1150.0,199.75,1226.0,76.0,32.0
1150.0,199.8,1226.0,76.0,32.0
1150.0,199.85,1226.0,76.0,32.0
1150.0,199.9,1226.0,76.0,32.0
1150.0,199.95,1226.0,76.0,32.0
1150.0,200.0,1226.0,76.0,32.0
1150.0,200.05,1226.0,76.0,32.0
1150.0,200.1,1226.0,76.0,32.0
1150.0,200.15,1226.0,76.0,32.0
1150.0,200.2,1226.0,76.0,32.0
1150.0,200.25,1226.0,76.0,32.0
1150.0,200.3,1226.0,76.0,32.0
1150.0,200.35,1226.0,76.0,32.0
1150.0,200.4,1226.0,76.0,32.0
1150.0,200.45,1226.0,76.0,32.0
1150.0,200.5,1226.0,76.0,32.0
1160.0,189.5,1140.0,40.0,8.0
1160.0,189.55,1140.0,40.0,8.0
1160.0,189.6,1140.0,40.0,8.0
1160.0,189.65,1140.0,40.0,8.0
1160.0,189.7,1140.0,40.0,8.0
1160.0,189.75,1140.0,40.0,8.0
1160.0,189.8,1140.0,40.0,8.0
1160.0,189.85,1140.0,40.0,8.0
1160.0,189.9,1140.0,40.0,8.0
1160.0,189.95,1140.0,40.0,8.0
1160.0,190.0,1140.0,40.0,8.0
1160.0,190.05,1140.0,40.0,8.0
1160.0,190.1,1140.0,40.0,8.0
1160.0,190.15,1140.0,40.0,8.0
1160.0,190.2,1140.0,40.0,8.0
1160.0,190.25,1140.0,40.0,8.0
1160.0,190.3,1140.0,40.0,8.0
1160.0,190.35,1140.0,40.0,8.0
1160.0,190.4,1140.0,40.0,8.0
1160.0,190.45,1140.0,40.0,8.0
1160.0,190.5,1140.0,40.0,8.0
1160.0,190.55,1140.0,40.0,8.0
1160.0,190.6,1140.0,40.0,8.0
1160.0,190.65,1140.0,40.0,8.0
1160.0,190.7,1140.0,40.0,8.0
1160.0,190.75,1140.0,40.0,8.0
1160.0,190.8,1140.0,40.0,8.0
1160.0,190.85,1140.0,40.0,8.0
1160.0,190.9,1140.0,40.0,8.0
1160.0,190.95,1140.0,40.0,8.0
1160.0,191.0,1140.0,40.0,8.0
1160.0,191.05,1140.0,40.0,8.0
1160.0,191.1,1140.0,40.0,8.0
1160.0,191.15,1140.0,40.0,8.0
1160.0,191.2,1140.0,40.0,8.0
1160.0,191.25,1140.0,40.0,8.0
1160.0,191.3,1140.0,40.0,8.0
1160.0,191.35,1140.0,40.0,8.0
1160.0,191.4,1140.0,40.0,8.0
1160.0,191.45,1140.0,40.0,8.0
1160.0,191.5,1140.0,40.0,8.0
1160.0,191.55,1138.0,40.0,9.0
1160.0,191.6,1136.0,40.0,9.0
1160.0,191.65,1135.0,40.0,10.0
1160.0,191.7,1133.0,40.0,10.0
1160.0,191.75,1132.0,40.0,11.0
1160.0,191.8,1130.0,39.0,11.0
1160.0,191.85,1129.0,39.0,12.0
1160.0,191.9,1127.0,39.0,13.0
1160.0,191.95,1126.0,39.0,14.0
1160.0,192.0,1124.0,39.0,14.0
1160.0,192.05,1123.0,38.0,15.0
1160.0,192.1,1123.0,38.0,15.0
1160.0,192.15,1122.0,38.0,16.0
1160.0,192.2,1121.0,38.0,16.0
1160.0,192.25,1121.0,38.0,16.0
1160.0,192.3,1120.0,38.0,17.0
1160.0,192.35,1119.0,38.0,18.0
1160.0,192.4,1119.0,38.0,18.0
1160.0,192.45,1118.0,38.0,19.0
1160.0,192.5,1117.0,39.0,19.0
1160.0,192.55,1115.0,39.0,20.0
1160.0,192.6,1113.0,39.0,20.0
1160.0,192.65,1110.0,40.0,20.0
1160.0,192.7,1108.0,40.0,20.0
1160.0,192.75,1106.0,40.0,20.0
1160.0,192.8,1103.0,40.0,20.0
1160.0,192.85,1099.0,40.0,21.0
1160.0,192.9,1096.0,40.0,21.0
1160.0,192.95,1093.0,39.0,21.0
1160.0,193.0,1089.0,39.0,21.0
1160.0,193.05,1088.0,41.0,21.0
1160.0,193.1,1087.0,42.0,21.0
1160.0,193.15,1086.0,44.0,20.0
1160.0,193.2,1086.0,45.0,20.0
1160.0,193.25,1085.0,46.0,20.0
1160.0,193.3,1085.0,47.0,20.0
1160.0,193.35,1084.0,48.0,20.0
1160.0,193.4,1084.0,49.0,20.0
1160.0,193.45,1084.0,49.0,20.0
1160.0,193.5,1083.0,50.0,19.0
1160.0,193.55,1084.0,50.0,20.0
1160.0,193.6,1085.0,50.0,20.0
1160.0,193.65,1086.0,50.0,20.0
1160.0,193.7,1087.0,50.0,21.0
1160.0,193.75,1088.0,51.0,21.0
1160.0,193.8,1089.0,51.0,21.0
1160.0,193.85,1090.0,50.0,21.0
1160.0,193.9,1091.0,50.0,21.0
1160.0,193.95,1092.0,50.0,21.0
1160.0,194.0,1093.0,50.0,21.0
1160.0,194.05,1096.0,50.0,22.0
1160.0,194.1,1098.0,49.0,22.0
1160.0,194.15,1101.0,49.0,23.0
1160.0,194.2,1103.0,49.0,23.0
1160.0,194.25,1106.0,48.0,24.0
1160.0,194.3,1108.0,48.0,24.0
1160.0,194.35,1109.0,48.0,24.0
1160.0,194.4,1111.0,48.0,25.0
1160.0,194.45,1113.0,48.0,25.0
1160.0,194.5,1115.0,48.0,25.0
1160.0,194.55,1117.0,48.0,25.0
1160.0,194.6,1119.0,48.0,26.0
1160.0,194.65,1121.0,48.0,26.0
1160.0,194.7,1123.0,49.0,26.0
1160.0,194.75,1125.0,49.0,26.0
1160.0,194.8,1127.0,49.0,27.0
1160.0,194.85,1130.0,49.0,27.0
1160.0,194.9,1132.0,49.0,27.0
1160.0,194.95,1135.0,50.0,28.0
1160.0,195.0,1137.0,50.0,28.0
1160.0,195.05,1136.0,51.0,28.0
1160.0,195.1,1136.0,51.0,28.0
1160.0,195.15,1135.0,52.0,28.0
1160.0,195.2,1134.0,53.0,27.0
1160.0,195.25,1133.0,53.0,27.0
1160.0,195.3,1133.0,53.0,27.0
1160.0,195.35,1133.0,54.0,27.0
1160.0,195.4,1133.0,54.0,27.0
1160.0,195.45,1133.0,54.0,27.0
1160.0,195.5,1133.0,55.0,27.0
1160.0,195.55,1127.0,55.0,28.0
1160.0,195.6,1121.0,55.0,28.0
1160.0,195.65,1115.0,56.0,29.0
1160.0,195.7,1109.0,56.0,29.0
1160.0,195.75,1103.0,56.0,30.0
1160.0,195.8,1094.0,57.0,31.0
1160.0,195.85,1083.0,57.0,33.0
1160.0,195.9,1072.0,57.0,34.0
1160.0,195.95,1061.0,58.0,36.0
1160.0,196.0,1050.0,58.0,37.0
1160.0,196.05,1063.0,58.0,36.0
1160.0,196.1,1076.0,58.0,34.0
1160.0,196.15,1088.0,58.0,32.0
1160.0,196.2,1101.0,58.0,30.0
1160.0,196.25,1112.0,57.0,29.0
1160.0,196.3,1120.0,57.0,29.0
1160.0,196.35,1129.0,57.0,28.0
1160.0,196.4,1138.0,57.0,28.0
1160.0,196.45,1146.0,57.0,27.0
1160.0,196.5,1155.0,57.0,27.0
1160.0,196.55,1158.0,58.0,27.0
1160.0,196.6,1160.0,58.0,28.0
1160.0,196.65,1163.0,58.0,28.0
1160.0,196.7,1166.0,58.0,28.0
1160.0,196.75,1169.0,58.0,28.0
1160.0,196.8,1172.0,58.0,29.0
1160.0,196.85,1175.0,58.0,30.0
1160.0,196.9,1179.0,58.0,30.0
1160.0,196.95,1182.0,58.0,31.0
1160.0,197.0,1185.0,58.0,31.0
1160.0,197.05,1188.0,59.0,32.0
1160.0,197.1,1191.0,59.0,32.0
1160.0,197.15,1194.0,59.0,32.0
1160.0,197.2,1197.0,59.0,32.0
1160.0,197.25,1200.0,59.0,33.0
1160.0,197.3,1204.0,59.0,33.0
1160.0,197.35,1207.0,59.0,33.0
1160.0,197.4,1211.0,59.0,33.0
1160.0,197.45,1214.0,59.0,34.0
1160.0,197.5,1218.0,59.0,34.0
1160.0,197.55,1220.0,60.0,34.0
1160.0,197.6,1222.0,61.0,34.0
1160.0,197.65,1223.0,62.0,34.0
1160.0,197.7,1225.0,63.0,34.0
1160.0,197.75,1227.0,63.0,35.0
1160.0,197.8,1230.0,64.0,35.0
1160.0,197.85,1232.0,64.0,35.0
1160.0,197.9,1234.0,65.0,35.0
1160.0,197.95,1236.0,65.0,35.0
1160.0,198.0,1238.0,66.0,36.0
1160.0,198.05,1239.0,66.0,35.0
1160.0,198.1,1240.0,67.0,35.0
1160.0,198.15,1240.0,67.0,35.0
1160.0,198.2,1241.0,67.0,35.0
1160.0,198.25,1242.0,68.0,34.0
1160.0,198.3,1242.0,69.0,34.0
1160.0,198.35,1242.0,71.0,34.0
1160.0,198.4,1241.0,73.0,33.0
1160.0,198.45,1241.0,75.0,33.0
1160.0,198.5,1241.0,76.0,33.0
1160.0,198.55,1241.0,76.0,33.0
1160.0,198.6,1241.0,76.0,33.0
1160.0,198.65,1241.0,76.0,33.0
1160.0,198.7,1241.0,76.0,33.0
1160.0,198.75,1241.0,76.0,33.0
1160.0,198.8,1241.0,76.0,33.0
1160.0,198.85,1241.0,76.0,33.0
1160.0,198.9,1241.0,76.0,33.0
1160.0,198.95,1241.0,76.0,33.0
1160.0,199.0,1241.0,76.0,33.0
1160.0,199.05,1241.0,76.0,33.0
1160.0,199.1,1241.0,76.0,33.0
1160.0,199.15,1241.0,76.0,33.0
1160.0,199.2,1241.0,76.0,33.0
1160.0,199.25,1241.0,76.0,33.0
1160.0,199.3,1241.0,76.0,33.0
1160.0,199.35,1241.0,76.0,33.0
1160.0,199.4,1241.0,76.0,33.0
1160.0,199.45,1241.0,76.0,33.0
1160.0,199.5,1241.0,76.0,33.0
1160.0,199.55,1241.0,76.0,33.0
1160.0,199.6,1241.0,76.0,33.0
1160.0,199.65,1241.0,76.0,33.0
1160.0,199.7,1241.0,76.0,33.0
1160.0,199.75,1241.0,76.0,33.0
1160.0,199.8,1241.0,76.0,33.0
1160.0,199.85,1241.0,76.0,33.0
1160.0,199.9,1241.0,76.0,33.0
1160.0,199.95,1241.0,76.0,33.0
1160.0,200.0,1241.0,76.0,33.0
1160.0,200.05,1241.0,76.0,33.0
1160.0,200.1,1241.0,76.0,33.0
1160.0,200.15,1241.0,76.0,33.0
1160.0,200.2,1241.0,76.0,33.0
1160.0,200.25,1241.0,76.0,33.0
1160.0,200.3,1241.0,76.0,33.0
1160.0,200.35,1241.0,76.0,33.0
1160.0,200.4,1241.0,76.0,33.0
1160.0,200.45,1241.0,76.0,33.0
1160.0,200.5,1241.0,76.0,33.0
1170.0,189.5,1155.0,41.0,8.0
1170.0,189.55,1155.0,41.0,8.0
1170.0,189.6,1155.0,41.0,8.0
1170.0,189.65,1155.0,41.0,8.0
1170.0,189.7,1155.0,41.0,8.0
1170.0,189.75,1155.0,41.0,8.0
1170.0,189.8,1155.0,41.0,8.0
1170.0,189.85,1155.0,41.0,8.0
1170.0,189.9,1155.0,41.0,8.0
1170.0,189.95,1155.0,41.0,8.0
1170.0,190.0,1155.0,41.0,8.0
1170.0,190.05,1155.0,41.0,8.0
1170.0,190.1,1155.0,41.0,8.0
1170.0,190.15,1155.0,41.0,8.0
1170.0,190.2,1155.0,41.0,8.0
1170.0,190.25,1155.0,41.0,8.0
1170.0,190.3,1155.0,41.0,8.0
1170.0,190.35,1155.0,41.0,8.0
1170.0,190.4,1155.0,41.0,8.0
1170.0,190.45,1155.0,41.0,8.0
1170.0,190.5,1155.0,41.0,8.0
1170.0,190.55,1155.0,41.0,8.0
1170.0,190.6,1155.0,41.0,8.0
1170.0,190.65,1155.0,41.0,8.0
1170.0,190.7,1155.0,41.0,8.0
1170.0,190.75,1155.0,41.0,8.0
1170.0,190.8,1155.0,41.0,8.0
1170.0,190.85,1155.0,41.0,8.0
1170.0,190.9,1155.0,41.0,8.0
1170.0,190.95,1155.0,41.0,8.0
1170.0,191.0,1155.0,41.0,8.0
1170.0,191.05,1155.0,41.0,8.0
1170.0,191.1,1155.0,41.0,8.0
1170.0,191.15,1155.0,41.0,8.0
1170.0,191.2,1155.0,41.0,8.0
1170.0,191.25,1155.0,41.0,8.0
1170.0,191.3,1155.0,41.0,8.0
1170.0,191.35,1155.0,41.0,8.0
1170.0,191.4,1155.0,41.0,8.0
1170.0,191.45,1155.0,41.0,8.0
1170.0,191.5,1155.0,41.0,8.0
1170.0,191.55,1154.0,40.0,9.0
1170.0,191.6,1152.0,40.0,9.0
1170.0,191.65,1150.0,40.0,10.0
1170.0,191.7,1149.0,40.0,10.0
1170.0,191.75,1147.0,40.0,11.0
1170.0,191.8,1146.0,40.0,12.0
1170.0,191.85,1144.0,39.0,12.0
1170.0,191.9,1143.0,39.0,13.0
1170.0,191.95,1141.0,39.0,14.0
1170.0,192.0,1140.0,39.0,15.0
1170.0,192.05,1139.0,39.0,15.0
1170.0,192.1,1138.0,38.0,15.0
1170.0,192.15,1138.0,38.0,16.0
1170.0,192.2,1137.0,38.0,16.0
1170.0,192.25,1136.0,38.0,17.0
1170.0,192.3,1136.0,38.0,17.0
1170.0,192.35,1135.0,38.0,18.0
1170.0,192.4,1134.0,39.0,18.0
1170.0,192.45,1133.0,39.0,19.0
1170.0,192.5,1133.0,39.0,20.0
1170.0,192.55,1130.0,39.0,20.0
1170.0,192.6,1128.0,40.0,20.0
1170.0,192.65,1126.0,40.0,20.0
1170.0,192.7,1124.0,40.0,20.0
1170.0,192.75,1121.0,40.0,21.0
1170.0,192.8,1118.0,40.0,21.0
1170.0,192.85,1115.0,40.0,21.0
1170.0,192.9,1111.0,40.0,21.0
1170.0,192.95,1108.0,40.0,21.0
1170.0,193.0,1104.0,39.0,21.0
1170.0,193.05,1103.0,41.0,21.0
1170.0,193.1,1103.0,42.0,21.0
1170.0,193.15,1102.0,44.0,21.0
1170.0,193.2,1101.0,45.0,21.0
1170.0,193.25,1100.0,47.0,20.0
1170.0,193.3,1100.0,48.0,20.0
1170.0,193.35,1099.0,48.0,20.0
1170.0,193.4,1099.0,49.0,20.0
1170.0,193.45,1099.0,50.0,20.0
1170.0,193.5,1098.0,51.0,20.0
1170.0,193.55,1099.0,51.0,20.0
1170.0,193.6,1100.0,51.0,20.0
1170.0,193.65,1101.0,51.0,20.0
1170.0,193.7,1102.0,51.0,21.0
1170.0,193.75,1103.0,51.0,21.0
1170.0,193.8,1104.0,51.0,21.0
1170.0,193.85,1105.0,51.0,21.0
1170.0,193.9,1106.0,51.0,21.0
1170.0,193.95,1107.0,50.0,21.0
1170.0,194.0,1108.0,50.0,21.0
1170.0,194.05,1111.0,50.0,22.0
1170.0,194.1,1113.0,50.0,22.0
1170.0,194.15,1116.0,49.0,23.0
1170.0,194.2,1118.0,49.0,23.0
1170.0,194.25,1121.0,49.0,24.0
1170.0,194.3,1123.0,49.0,24.0
1170.0,194.35,1125.0,49.0,24.0
1170.0,194.4,1127.0,48.0,25.0
1170.0,194.45,1128.0,48.0,25.0
1170.0,194.5,1130.0,48.0,25.0
1170.0,194.55,1132.0,48.0,26.0
1170.0,194.6,1134.0,49.0,26.0
1170.0,194.65,1136.0,49.0,26.0
1170.0,194.7,1138.0,49.0,26.0
1170.0,194.75,1140.0,49.0,26.0
1170.0,194.8,1143.0,49.0,27.0
1170.0,194.85,1145.0,50.0,27.0
1170.0,194.9,1148.0,50.0,28.0
1170.0,194.95,1150.0,50.0,28.0
1170.0,195.0,1153.0,50.0,28.0
1170.0,195.05,1152.0,51.0,28.0
1170.0,195.1,1151.0,52.0,28.0
1170.0,195.15,1150.0,52.0,28.0
1170.0,195.2,1149.0,53.0,28.0
1170.0,195.25,1148.0,54.0,28.0
1170.0,195.3,1148.0,54.0,28.0
1170.0,195.35,1148.0,54.0,28.0
1170.0,195.4,1148.0,55.0,28.0
1170.0,195.45,1148.0,55.0,28.0
1170.0,195.5,1148.0,55.0,28.0
1170.0,195.55,1142.0,55.0,28.0
1170.0,195.6,1136.0,56.0,29.0
1170.0,195.65,1130.0,56.0,29.0
1170.0,195.7,1124.0,56.0,30.0
1170.0,195.75,1118.0,57.0,30.0
1170.0,195.8,1108.0,57.0,31.0
1170.0,195.85,1097.0,57.0,33.0
1170.0,195.9,1086.0,58.0,35.0
1170.0,195.95,1075.0,58.0,36.0
1170.0,196.0,1064.0,59.0,38.0
1170.0,196.05,1077.0,58.0,36.0
1170.0,196.1,1089.0,58.0,34.0
1170.0,196.15,1102.0,58.0,33.0
1170.0,196.2,1115.0,58.0,31.0
1170.0,196.25,1127.0,58.0,29.0
1170.0,196.3,1135.0,58.0,29.0
1170.0,196.35,1144.0,58.0,28.0
1170.0,196.4,1152.0,58.0,28.0
1170.0,196.45,1161.0,58.0,28.0
1170.0,196.5,1170.0,58.0,27.0
1170.0,196.55,1172.0,58.0,27.0
1170.0,196.6,1175.0,58.0,28.0
1170.0,196.65,1178.0,58.0,28.0
1170.0,196.7,1181.0,58.0,28.0
1170.0,196.75,1184.0,58.0,29.0
1170.0,196.8,1187.0,59.0,29.0
1170.0,196.85,1190.0,59.0,30.0
1170.0,196.9,1194.0,59.0,30.0
1170.0,196.95,1197.0,59.0,31.0
1170.0,197.0,1200.0,59.0,32.0
1170.0,197.05,1203.0,59.0,32.0
1170.0,197.1,1206.0,59.0,32.0
1170.0,197.15,1209.0,59.0,32.0
1170.0,197.2,1212.0,59.0,33.0
1170.0,197.25,1215.0,60.0,33.0
1170.0,197.3,1219.0,60.0,33.0
1170.0,197.35,1222.0,60.0,33.0
1170.0,197.4,1226.0,60.0,34.0
1170.0,197.45,1229.0,60.0,34.0
1170.0,197.5,1233.0,60.0,34.0
1170.0,197.55,1235.0,61.0,35.0
1170.0,197.6,1237.0,61.0,35.0
1170.0,197.65,1239.0,62.0,35.0
1170.0,197.7,1241.0,63.0,35.0
1170.0,197.75,1242.0,64.0,35.0
1170.0,197.8,1245.0,64.0,35.0
1170.0,197.85,1247.0,65.0,35.0
1170.0,197.9,1249.0,65.0,35.0
1170.0,197.95,1251.0,66.0,36.0
1170.0,198.0,1253.0,66.0,36.0
1170.0,198.05,1254.0,67.0,36.0
1170.0,198.1,1255.0,67.0,35.0
1170.0,198.15,1256.0,67.0,35.0
1170.0,198.2,1256.0,68.0,35.0
1170.0,198.25,1257.0,68.0,35.0
1170.0,198.3,1257.0,70.0,34.0
1170.0,198.35,1256.0,72.0,34.0
1170.0,198.4,1256.0,74.0,33.0
1170.0,198.45,1256.0,75.0,33.0
1170.0,198.5,1256.0,77.0,33.0
1170.0,198.55,1256.0,77.0,33.0
1170.0,198.6,1256.0,77.0,33.0
1170.0,198.65,1256.0,77.0,33.0
1170.0,198.7,1256.0,77.0,33.0
1170.0,198.75,1256.0,77.0,33.0
1170.0,198.8,1256.0,77.0,33.0
1170.0,198.85,1256.0,77.0,33.0
1170.0,198.9,1256.0,77.0,33.0
1170.0,198.95,1256.0,77.0,33.0
1170.0,199.0,1256.0,77.0,33.0
1170.0,199.05,1256.0,77.0,33.0
1170.0,199.1,1256.0,77.0,33.0
1170.0,199.15,1256.0,77.0,33.0
1170.0,199.2,1256.0,77.0,33.0
1170.0,199.25,1256.0,77.0,33.0
1170.0,199.3,1256.0,77.0,33.0
1170.0,199.35,1256.0,77.0,33.0
1170.0,199.4,1256.0,77.0,33.0
1170.0,199.45,1256.0,77.0,33.0
1170.0,199.5,1256.0,77.0,33.0
1170.0,199.55,1256.0,77.0,33.0
1170.0,199.6,1256.0,77.0,33.0
1170.0,199.65,1256.0,77.0,33.0
1170.0,199.7,1256.0,77.0,33.0
1170.0,199.75,1256.0,77.0,33.0
1170.0,199.8,1256.0,77.0,33.0
1170.0,199.85,1256.0,77.0,33.0
1170.0,199.9,1256.0,77.0,33.0
1170.0,199.95,1256.0,77.0,33.0
1170.0,200.0,1256.0,77.0,33.0
1170.0,200.05,1256.0,77.0,33.0
1170.0,200.1,1256.0,77.0,33.0
1170.0,200.15,1256.0,77.0,33.0
1170.0,200.2,1256.0,77.0,33.0
1170.0,200.25,1256.0,77.0,33.0
1170.0,200.3,1256.0,77.0,33.0
1170.0,200.35,1256.0,77.0,33.0
1170.0,200.4,1256.0,77.0,33.0
1170.0,200.45,1256.0,77.0,33.0
1170.0,200.5,1256.0,77.0,33.0
1180.0,189.5,1171.0,41.0,8.0
1180.0,189.55,1171.0,41.0,8.0
1180.0,189.6,1171.0,41.0,8.0
1180.0,189.65,1171.0,41.0,8.0
1180.0,189.7,1171.0,41.0,8.0
1180.0,189.75,1171.0,41.0,8.0
1180.0,189.8,1171.0,41.0,8.0
1180.0,189.85,1171.0,41.0,8.0
1180.0,189.9,1171.0,41.0,8.0
1180.0,189.95,1171.0,41.0,8.0
1180.0,190.0,1171.0,41.0,8.0
1180.0,190.05,1171.0,41.0,8.0
1180.0,190.1,1171.0,41.0,8.0
1180.0,190.15,1171.0,41.0,8.0
1180.0,190.2,1171.0,41.0,8.0
1180.0,190.25,1171.0,41.0,8.0
1180.0,190.3,1171.0,41.0,8.0
1180.0,190.35,1171.0,41.0,8.0
1180.0,190.4,1171.0,41.0,8.0
1180.0,190.45,1171.0,41.0,8.0
1180.0,190.5,1171.0,41.0,8.0
1180.0,190.55,1171.0,41.0,8.0
1180.0,190.6,1171.0,41.0,8.0
1180.0,190.65,1171.0,41.0,8.0
1180.0,190.7,1171.0,41.0,8.0
1180.0,190.75,1171.0,41.0,8.0
1180.0,190.8,1171.0,41.0,8.0
1180.0,190.85,1171.0,41.0,8.0
1180.0,190.9,1171.0,41.0,8.0
1180.0,190.95,1171.0,41.0,8.0
1180.0,191.0,1171.0,41.0,8.0
1180.0,191.05,1171.0,41.0,8.0
1180.0,191.1,1171.0,41.0,8.0
1180.0,191.15,1171.0,41.0,8.0
1180.0,191.2,1171.0,41.0,8.0
1180.0,191.25,1171.0,41.0,8.0
1180.0,191.3,1171.0,41.0,8.0
1180.0,191.35,1171.0,41.0,8.0
1180.0,191.4,1171.0,41.0,8.0
1180.0,191.45,1171.0,41.0,8.0
1180.0,191.5,1171.0,41.0,8.0
1180.0,191.55,1169.0,41.0,9.0
1180.0,191.6,1168.0,41.0,9.0
1180.0,191.65,1166.0,40.0,10.0
1180.0,191.7,1164.0,40.0,10.0
1180.0,191.75,1163.0,40.0,11.0
1180.0,191.8,1161.0,40.0,12.0
1180.0,191.85,1160.0,40.0,12.0
1180.0,191.9,1158.0,40.0,13.0
1180.0,191.95,1157.0,39.0,14.0
1180.0,192.0,1155.0,39.0,15.0
1180.0,192.05,1155.0,39.0,15.0
1180.0,192.1,1154.0,39.0,15.0
1180.0,192.15,1153.0,39.0,16.0
1180.0,192.2,1152.0,38.0,16.0
1180.0,192.25,1152.0,38.0,17.0
1180.0,192.3,1151.0,38.0,17.0
1180.0,192.35,1150.0,39.0,18.0
1180.0,192.4,1150.0,39.0,19.0
1180.0,192.45,1149.0,39.0,19.0
1180.0,192.5,1148.0,39.0,20.0
1180.0,192.55,1146.0,40.0,20.0
1180.0,192.6,1144.0,40.0,20.0
1180.0,192.65,1141.0,40.0,20.0
1180.0,192.7,1139.0,41.0,21.0
1180.0,192.75,1137.0,41.0,21.0
1180.0,192.8,1133.0,41.0,21.0
1180.0,192.85,1130.0,40.0,21.0
1180.0,192.9,1126.0,40.0,21.0
1180.0,192.95,1123.0,40.0,21.0
1180.0,193.0,1120.0,40.0,21.0
1180.0,193.05,1119.0,41.0,21.0
1180.0,193.1,1118.0,43.0,21.0
1180.0,193.15,1117.0,44.0,21.0
1180.0,193.2,1116.0,46.0,21.0
1180.0,193.25,1115.0,47.0,21.0
1180.0,193.3,1115.0,48.0,21.0
1180.0,193.35,1114.0,49.0,20.0
1180.0,193.4,1114.0,50.0,20.0
1180.0,193.45,1114.0,50.0,20.0
1180.0,193.5,1114.0,51.0,20.0
1180.0,193.55,1115.0,51.0,20.0
1180.0,193.6,1116.0,51.0,20.0
1180.0,193.65,1117.0,51.0,21.0
1180.0,193.7,1118.0,51.0,21.0
1180.0,193.75,1119.0,51.0,21.0
1180.0,193.8,1120.0,51.0,21.0
1180.0,193.85,1121.0,51.0,21.0
1180.0,193.9,1122.0,51.0,21.0
1180.0,193.95,1123.0,51.0,21.0
1180.0,194.0,1124.0,51.0,21.0
1180.0,194.05,1126.0,50.0,22.0
1180.0,194.1,1129.0,50.0,22.0
1180.0,194.15,1131.0,50.0,23.0
1180.0,194.2,1134.0,49.0,23.0
1180.0,194.25,1136.0,49.0,24.0
1180.0,194.3,1138.0,49.0,24.0
1180.0,194.35,1140.0,49.0,25.0
1180.0,194.4,1142.0,49.0,25.0
1180.0,194.45,1144.0,49.0,25.0
1180.0,194.5,1146.0,49.0,26.0
1180.0,194.55,1148.0,49.0,26.0
1180.0,194.6,1150.0,49.0,26.0
1180.0,194.65,1152.0,49.0,26.0
1180.0,194.7,1154.0,49.0,26.0
1180.0,194.75,1156.0,49.0,27.0
1180.0,194.8,1158.0,50.0,27.0
1180.0,194.85,1161.0,50.0,27.0
1180.0,194.9,1163.0,50.0,28.0
1180.0,194.95,1166.0,50.0,28.0
1180.0,195.0,1168.0,50.0,29.0
1180.0,195.05,1167.0,51.0,28.0
1180.0,195.1,1166.0,52.0,28.0
1180.0,195.15,1166.0,53.0,28.0
1180.0,195.2,1165.0,53.0,28.0
1180.0,195.25,1164.0,54.0,28.0
1180.0,195.3,1164.0,54.0,28.0
1180.0,195.35,1164.0,55.0,28.0
1180.0,195.4,1164.0,55.0,28.0
1180.0,195.45,1164.0,55.0,28.0
1180.0,195.5,1164.0,56.0,28.0
1180.0,195.55,1158.0,56.0,28.0
1180.0,195.6,1152.0,56.0,29.0
1180.0,195.65,1146.0,56.0,29.0
1180.0,195.7,1140.0,57.0,30.0
1180.0,195.75,1133.0,57.0,30.0
1180.0,195.8,1122.0,57.0,32.0
1180.0,195.85,1111.0,58.0,34.0
1180.0,195.9,1100.0,58.0,35.0
1180.0,195.95,1089.0,59.0,37.0
1180.0,196.0,1078.0,59.0,38.0
1180.0,196.05,1090.0,59.0,37.0
1180.0,196.1,1103.0,59.0,35.0
1180.0,196.15,1116.0,59.0,33.0
1180.0,196.2,1128.0,58.0,31.0
1180.0,196.25,1141.0,58.0,30.0
1180.0,196.3,1150.0,58.0,29.0
1180.0,196.35,1159.0,58.0,29.0
1180.0,196.4,1167.0,58.0,28.0
1180.0,196.45,1176.0,58.0,28.0
1180.0,196.5,1184.0,58.0,27.0
1180.0,196.55,1187.0,58.0,28.0
1180.0,196.6,1190.0,58.0,28.0
1180.0,196.65,1193.0,59.0,28.0
1180.0,196.7,1196.0,59.0,28.0
1180.0,196.75,1199.0,59.0,29.0
1180.0,196.8,1202.0,59.0,29.0
1180.0,196.85,1205.0,59.0,30.0
1180.0,196.9,1209.0,59.0,31.0
1180.0,196.95,1212.0,59.0,31.0
1180.0,197.0,1216.0,59.0,32.0
1180.0,197.05,1219.0,59.0,32.0
1180.0,197.1,1222.0,60.0,32.0
1180.0,197.15,1225.0,60.0,33.0
1180.0,197.2,1228.0,60.0,33.0
1180.0,197.25,1231.0,60.0,33.0
1180.0,197.3,1234.0,60.0,33.0
1180.0,197.35,1238.0,60.0,34.0
1180.0,197.4,1241.0,60.0,34.0
1180.0,197.45,1245.0,60.0,34.0
1180.0,197.5,1248.0,60.0,35.0
1180.0,197.55,1250.0,61.0,35.0
1180.0,197.6,1252.0,62.0,35.0
1180.0,197.65,1254.0,63.0,35.0
1180.0,197.7,1256.0,63.0,35.0
1180.0,197.75,1258.0,64.0,35.0
1180.0,197.8,1260.0,65.0,35.0
1180.0,197.85,1262.0,65.0,35.0
1180.0,197.9,1264.0,66.0,36.0
1180.0,197.95,1266.0,66.0,36.0
1180.0,198.0,1269.0,66.0,36.0
1180.0,198.05,1269.0,67.0,36.0
1180.0,198.1,1270.0,67.0,36.0
1180.0,198.15,1271.0,68.0,35.0
1180.0,198.2,1271.0,68.0,35.0
1180.0,198.25,1272.0,69.0,35.0
1180.0,198.3,1272.0,71.0,34.0
1180.0,198.35,1271.0,73.0,34.0
1180.0,198.4,1271.0,74.0,34.0
1180.0,198.45,1271.0,76.0,33.0
1180.0,198.5,1270.0,78.0,33.0
1180.0,198.55,1270.0,78.0,33.0
1180.0,198.6,1270.0,78.0,33.0
1180.0,198.65,1270.0,78.0,33.0
1180.0,198.7,1270.0,78.0,33.0
1180.0,198.75,1270.0,78.0,33.0
1180.0,198.8,1270.0,78.0,33.0
1180.0,198.85,1270.0,78.0,33.0
1180.0,198.9,1270.0,78.0,33.0
1180.0,198.95,1270.0,78.0,33.0
1180.0,199.0,1270.0,78.0,33.0
1180.0,199.05,1270.0,78.0,33.0
1180.0,199.1,1270.0,78.0,33.0
1180.0,199.15,1270.0,78.0,33.0
1180.0,199.2,1270.0,78.0,33.0
1180.0,199.25,1270.0,78.0,33.0
1180.0,199.3,1270.0,78.0,33.0
1180.0,199.35,1270.0,78.0,33.0
1180.0,199.4,1270.0,78.0,33.0
1180.0,199.45,1270.0,78.0,33.0
1180.0,199.5,1270.0,78.0,33.0
1180.0,199.55,1270.0,78.0,33.0
1180.0,199.6,1270.0,78.0,33.0
1180.0,199.65,1270.0,78.0,33.0
1180.0,199.7,1270.0,78.0,33.0
1180.0,199.75,1270.0,78.0,33.0
1180.0,199.8,1270.0,78.0,33.0
1180.0,199.85,1270.0,78.0,33.0
1180.0,199.9,1270.0,78.0,33.0
1180.0,199.95,1270.0,78.0,33.0
1180.0,200.0,1270.0,78.0,33.0
1180.0,200.05,1270.0,78.0,33.0
1180.0,200.1,1270.0,78.0,33.0
1180.0,200.15,1270.0,78.0,33.0
1180.0,200.2,1270.0,78.0,33.0
1180.0,200.25,1270.0,78.0,33.0
1180.0,200.3,1270.0,78.0,33.0
1180.0,200.35,1270.0,78.0,33.0
1180.0,200.4,1270.0,78.0,33.0
1180.0,200.45,1270.0,78.0,33.0
1180.0,200.5,1270.0,78.0,33.0
1190.0,189.5,1186.0,41.0,9.0
1190.0,189.55,1186.0,41.0,9.0
1190.0,189.6,1186.0,41.0,9.0
1190.0,189.65,1186.0,41.0,9.0
1190.0,189.7,1186.0,41.0,9.0
1190.0,189.75,1186.0,41.0,9.0
1190.0,189.8,1186.0,41.0,9.0
1190.0,189.85,1186.0,41.0,9.0
1190.0,189.9,1186.0,41.0,9.0
1190.0,189.95,1186.0,41.0,9.0
1190.0,190.0,1186.0,41.0,9.0
1190.0,190.05,1186.0,41.0,9.0
1190.0,190.1,1186.0,41.0,9.0
1190.0,190.15,1186.0,41.0,9.0
1190.0,190.2,1186.0,41.0,9.0
1190.0,190.25,1186.0,41.0,9.0
1190.0,190.3,1186.0,41.0,9.0
1190.0,190.35,1186.0,41.0,9.0
1190.0,190.4,1186.0,41.0,9.0
1190.0,190.45,1186.0,41.0,9.0
1190.0,190.5,1186.0,41.0,9.0
1190.0,190.55,1186.0,41.0,9.0
1190.0,190.6,1186.0,41.0,9.0
1190.0,190.65,1186.0,41.0,9.0
1190.0,190.7,1186.0,41.0,9.0
1190.0,190.75,1186.0,41.0,9.0
1190.0,190.8,1186.0,41.0,9.0
1190.0,190.85,1186.0,41.0,9.0
1190.0,190.9,1186.0,41.0,9.0
1190.0,190.95,1186.0,41.0,9.0
1190.0,191.0,1186.0,41.0,9.0
1190.0,191.05,1186.0,41.0,9.0
1190.0,191.1,1186.0,41.0,9.0
1190.0,191.15,1186.0,41.0,9.0
1190.0,191.2,1186.0,41.0,9.0
1190.0,191.25,1186.0,41.0,9.0
1190.0,191.3,1186.0,41.0,9.0
1190.0,191.35,1186.0,41.0,9.0
1190.0,191.4,1186.0,41.0,9.0
1190.0,191.45,1186.0,41.0,9.0
1190.0,191.5,1186.0,41.0,9.0
1190.0,191.55,1185.0,41.0,9.0
1190.0,191.6,1183.0,41.0,10.0
1190.0,191.65,1182.0,41.0,10.0
1190.0,191.7,1180.0,41.0,11.0
1190.0,191.75,1178.0,40.0,11.0
1190.0,191.8,1177.0,40.0,12.0
1190.0,191.85,1175.0,40.0,13.0
1190.0,191.9,1174.0,40.0,13.0
1190.0,191.95,1172.0,40.0,14.0
1190.0,192.0,1171.0,39.0,15.0
1190.0,192.05,1170.0,39.0,15.0
1190.0,192.1,1169.0,39.0,16.0
1190.0,192.15,1169.0,39.0,16.0
1190.0,192.2,1168.0,39.0,16.0
1190.0,192.25,1167.0,39.0,17.0
1190.0,192.3,1167.0,39.0,18.0
1190.0,192.35,1166.0,39.0,18.0
1190.0,192.4,1165.0,39.0,19.0
1190.0,192.45,1165.0,40.0,19.0
1190.0,192.5,1164.0,40.0,20.0
1190.0,192.55,1162.0,40.0,20.0
1190.0,192.6,1159.0,40.0,20.0
1190.0,192.65,1157.0,41.0,21.0
1190.0,192.7,1155.0,41.0,21.0
1190.0,192.75,1152.0,41.0,21.0
1190.0,192.8,1148.0,41.0,21.0
1190.0,192.85,1145.0,40.0,21.0
1190.0,192.9,1142.0,40.0,21.0
1190.0,192.95,1138.0,40.0,21.0
1190.0,193.0,1135.0,40.0,21.0
1190.0,193.05,1134.0,41.0,21.0
1190.0,193.1,1133.0,43.0,21.0
1190.0,193.15,1132.0,44.0,21.0
1190.0,193.2,1131.0,46.0,21.0
1190.0,193.25,1130.0,47.0,21.0
1190.0,193.3,1130.0,48.0,21.0
1190.0,193.35,1130.0,49.0,21.0
1190.0,193.4,1129.0,50.0,20.0
1190.0,193.45,1129.0,51.0,20.0
1190.0,193.5,1129.0,52.0,20.0
1190.0,193.55,1130.0,52.0,20.0
1190.0,193.6,1131.0,52.0,21.0
1190.0,193.65,1132.0,52.0,21.0
1190.0,193.7,1133.0,52.0,21.0
1190.0,193.75,1134.0,52.0,21.0
1190.0,193.8,1135.0,52.0,21.0
1190.0,193.85,1136.0,51.0,21.0
1190.0,193.9,1137.0,51.0,21.0
1190.0,193.95,1138.0,51.0,21.0
1190.0,194.0,1139.0,51.0,21.0
1190.0,194.05,1141.0,51.0,22.0
1190.0,194.1,1144.0,50.0,22.0
1190.0,194.15,1146.0,50.0,23.0
1190.0,194.2,1149.0,50.0,24.0
1190.0,194.25,1151.0,49.0,24.0
1190.0,194.3,1153.0,49.0,25.0
1190.0,194.35,1155.0,49.0,25.0
1190.0,194.4,1157.0,49.0,25.0
1190.0,194.45,1159.0,49.0,25.0
1190.0,194.5,1161.0,49.0,26.0
1190.0,194.55,1163.0,49.0,26.0
1190.0,194.6,1165.0,49.0,26.0
1190.0,194.65,1167.0,49.0,26.0
1190.0,194.7,1169.0,50.0,27.0
1190.0,194.75,1171.0,50.0,27.0
1190.0,194.8,1174.0,50.0,27.0
1190.0,194.85,1176.0,50.0,28.0
1190.0,194.9,1179.0,50.0,28.0
1190.0,194.95,1181.0,51.0,28.0
1190.0,195.0,1184.0,51.0,29.0
1190.0,195.05,1183.0,51.0,29.0
1190.0,195.1,1182.0,52.0,29.0
1190.0,195.15,1181.0,53.0,28.0
1190.0,195.2,1180.0,54.0,28.0
1190.0,195.25,1179.0,54.0,28.0
1190.0,195.3,1179.0,55.0,28.0
1190.0,195.35,1179.0,55.0,28.0
1190.0,195.4,1179.0,55.0,28.0
1190.0,195.45,1179.0,56.0,28.0
1190.0,195.5,1179.0,56.0,28.0
1190.0,195.55,1173.0,56.0,29.0
1190.0,195.6,1167.0,57.0,29.0
1190.0,195.65,1161.0,57.0,29.0
1190.0,195.7,1155.0,57.0,30.0
1190.0,195.75,1147.0,57.0,31.0
1190.0,195.8,1136.0,58.0,32.0
1190.0,195.85,1125.0,58.0,34.0
1190.0,195.9,1114.0,59.0,36.0
1190.0,195.95,1103.0,59.0,37.0
1190.0,196.0,1092.0,59.0,39.0
1190.0,196.05,1104.0,59.0,37.0
1190.0,196.1,1117.0,59.0,35.0
1190.0,196.15,1129.0,59.0,34.0
1190.0,196.2,1142.0,59.0,32.0
1190.0,196.25,1155.0,59.0,30.0
1190.0,196.3,1165.0,59.0,29.0
1190.0,196.35,1173.0,59.0,29.0
1190.0,196.4,1182.0,59.0,28.0
1190.0,196.45,1191.0,59.0,28.0
1190.0,196.5,1199.0,59.0,27.0
1190.0,196.55,1202.0,59.0,28.0
1190.0,196.6,1205.0,59.0,28.0
1190.0,196.65,1208.0,59.0,28.0
1190.0,196.7,1210.0,59.0,29.0
1190.0,196.75,1214.0,59.0,29.0
1190.0,196.8,1217.0,59.0,30.0
1190.0,196.85,1220.0,59.0,30.0
1190.0,196.9,1224.0,59.0,31.0
1190.0,196.95,1227.0,59.0,32.0
1190.0,197.0,1231.0,60.0,32.0
1190.0,197.05,1234.0,60.0,32.0
1190.0,197.1,1237.0,60.0,33.0
1190.0,197.15,1240.0,60.0,33.0
1190.0,197.2,1243.0,60.0,33.0
1190.0,197.25,1246.0,60.0,33.0
1190.0,197.3,1249.0,60.0,34.0
1190.0,197.35,1253.0,60.0,34.0
1190.0,197.4,1256.0,60.0,34.0
1190.0,197.45,1260.0,60.0,35.0
1190.0,197.5,1263.0,61.0,35.0
1190.0,197.55,1265.0,61.0,35.0
1190.0,197.6,1267.0,62.0,35.0
1190.0,197.65,1269.0,63.0,35.0
1190.0,197.7,1271.0,64.0,35.0
1190.0,197.75,1273.0,65.0,35.0
1190.0,197.8,1275.0,65.0,35.0
1190.0,197.85,1277.0,66.0,36.0
1190.0,197.9,1279.0,66.0,36.0
1190.0,197.95,1281.0,67.0,36.0
1190.0,198.0,1284.0,67.0,36.0
1190.0,198.05,1284.0,67.0,36.0
1190.0,198.1,1285.0,68.0,36.0
1190.0,198.15,1286.0,68.0,36.0
1190.0,198.2,1286.0,69.0,35.0
1190.0,198.25,1287.0,70.0,35.0
1190.0,198.3,1286.0,72.0,35.0
1190.0,198.35,1286.0,73.0,34.0
1190.0,198.4,1286.0,75.0,34.0
1190.0,198.45,1286.0,77.0,34.0
1190.0,198.5,1285.0,79.0,33.0
1190.0,198.55,1285.0,79.0,33.0
1190.0,198.6,1285.0,79.0,33.0
1190.0,198.65,1285.0,79.0,33.0
1190.0,198.7,1285.0,79.0,33.0
1190.0,198.75,1285.0,79.0,33.0
1190.0,198.8,1285.0,79.0,33.0
1190.0,198.85,1285.0,79.0,33.0
1190.0,198.9,1285.0,79.0,33.0
1190.0,198.95,1285.0,79.0,33.0
1190.0,199.0,1285.0,79.0,33.0
1190.0,199.05,1285.0,79.0,33.0
1190.0,199.1,1285.0,79.0,33.0
1190.0,199.15,1285.0,79.0,33.0
1190.0,199.2,1285.0,79.0,33.0
1190.0,199.25,1285.0,79.0,33.0
1190.0,199.3,1285.0,79.0,33.0
1190.0,199.35,1285.0,79.0,33.0
1190.0,199.4,1285.0,79.0,33.0
1190.0,199.45,1285.0,79.0,33.0
1190.0,199.5,1285.0,79.0,33.0
1190.0,199.55,1285.0,79.0,33.0
1190.0,199.6,1285.0,79.0,33.0
1190.0,199.65,1285.0,79.0,33.0
1190.0,199.7,1285.0,79.0,33.0
1190.0,199.75,1285.0,79.0,33.0
1190.0,199.8,1285.0,79.0,33.0
1190.0,199.85,1285.0,79.0,33.0
1190.0,199.9,1285.0,79.0,33.0
1190.0,199.95,1285.0,79.0,33.0
1190.0,200.0,1285.0,79.0,33.0
1190.0,200.05,1285.0,79.0,33.0
1190.0,200.1,1285.0,79.0,33.0
1190.0,200.15,1285.0,79.0,33.0
1190.0,200.2,1285.0,79.0,33.0
1190.0,200.25,1285.0,79.0,33.0
1190.0,200.3,1285.0,79.0,33.0
1190.0,200.35,1285.0,79.0,33.0
1190.0,200.4,1285.0,79.0,33.0
1190.0,200.45,1285.0,79.0,33.0
1190.0,200.5,1285.0,79.0,33.0
1200.0,189.5,1202.0,41.0,9.0
1200.0,189.55,1202.0,41.0,9.0
1200.0,189.6,1202.0,41.0,9.0
1200.0,189.65,1202.0,41.0,9.0
1200.0,189.7,1202.0,41.0,9.0
1200.0,189.75,1202.0,41.0,9.0
1200.0,189.8,1202.0,41.0,9.0
1200.0,189.85,1202.0,41.0,9.0
1200.0,189.9,1202.0,41.0,9.0
1200.0,189.95,1202.0,41.0,9.0
1200.0,190.0,1202.0,41.0,9.0
1200.0,190.05,1202.0,41.0,9.0
1200.0,190.1,1202.0,41.0,9.0
1200.0,190.15,1202.0,41.0,9.0
1200.0,190.2,1202.0,41.0,9.0
1200.0,190.25,1202.0,41.0,9.0
1200.0,190.3,1202.0,41.0,9.0
1200.0,190.35,1202.0,41.0,9.0
1200.0,190.4,1202.0,41.0,9.0
1200.0,190.45,1202.0,41.0,9.0
1200.0,190.5,1202.0,41.0,9.0
1200.0,190.55,1202.0,41.0,9.0
1200.0,190.6,1202.0,41.0,9.0
1200.0,190.65,1202.0,41.0,9.0
1200.0,190.7,1202.0,41.0,9.0
1200.0,190.75,1202.0,41.0,9.0
1200.0,190.8,1202.0,41.0,9.0
1200.0,190.85,1202.0,41.0,9.0
1200.0,190.9,1202.0,41.0,9.0
1200.0,190.95,1202.0,41.0,9.0
1200.0,191.0,1202.0,41.0,9.0
1200.0,191.05,1202.0,41.0,9.0
1200.0,191.1,1202.0,41.0,9.0
1200.0,191.15,1202.0,41.0,9.0
1200.0,191.2,1202.0,41.0,9.0
1200.0,191.25,1202.0,41.0,9.0
1200.0,191.3,1202.0,41.0,9.0
1200.0,191.35,1202.0,41.0,9.0
1200.0,191.4,1202.0,41.0,9.0
1200.0,191.45,1202.0,41.0,9.0
1200.0,191.5,1202.0,41.0,9.0
1200.0,191.55,1200.0,41.0,9.0
1200.0,191.6,1199.0,41.0,10.0
1200.0,191.65,1197.0,41.0,10.0
1200.0,191.7,1195.0,41.0,11.0
1200.0,191.75,1194.0,41.0,11.0
1200.0,191.8,1192.0,41.0,12.0
1200.0,191.85,1191.0,40.0,13.0
1200.0,191.9,1189.0,40.0,14.0
1200.0,191.95,1188.0,40.0,14.0
1200.0,192.0,1186.0,40.0,15.0
1200.0,192.05,1186.0,39.0,15.0
1200.0,192.1,1185.0,39.0,16.0
1200.0,192.15,1184.0,39.0,16.0
1200.0,192.2,1184.0,39.0,17.0
1200.0,192.25,1183.0,39.0,17.0
1200.0,192.3,1182.0,39.0,18.0
1200.0,192.35,1182.0,39.0,18.0
1200.0,192.4,1181.0,40.0,19.0
1200.0,192.45,1180.0,40.0,20.0
1200.0,192.5,1179.0,40.0,20.0
1200.0,192.55,1177.0,40.0,20.0
1200.0,192.6,1175.0,41.0,21.0
1200.0,192.65,1173.0,41.0,21.0
1200.0,192.7,1170.0,41.0,21.0
1200.0,192.75,1167.0,41.0,21.0
1200.0,192.8,1164.0,41.0,21.0
1200.0,192.85,1160.0,41.0,21.0
1200.0,192.9,1157.0,40.0,21.0
1200.0,192.95,1154.0,40.0,21.0
1200.0,193.0,1150.0,40.0,21.0
1200.0,193.05,1149.0,41.0,21.0
1200.0,193.1,1148.0,43.0,21.0
1200.0,193.15,1147.0,44.0,21.0
1200.0,193.2,1147.0,46.0,21.0
1200.0,193.25,1146.0,48.0,21.0
1200.0,193.3,1145.0,49.0,21.0
1200.0,193.35,1145.0,50.0,21.0
1200.0,193.4,1144.0,50.0,21.0
1200.0,193.45,1144.0,51.0,20.0
1200.0,193.5,1144.0,52.0,20.0
1200.0,193.55,1145.0,52.0,21.0
1200.0,193.6,1146.0,52.0,21.0
1200.0,193.65,1147.0,52.0,21.0
1200.0,193.7,1148.0,52.0,21.0
1200.0,193.75,1149.0,52.0,21.0
1200.0,193.8,1150.0,52.0,21.0
1200.0,193.85,1151.0,52.0,21.0
1200.0,193.9,1152.0,52.0,21.0
1200.0,193.95,1153.0,52.0,21.0
1200.0,194.0,1154.0,51.0,21.0
1200.0,194.05,1156.0,51.0,22.0
1200.0,194.1,1159.0,51.0,23.0
1200.0,194.15,1161.0,50.0,23.0
1200.0,194.2,1164.0,50.0,24.0
1200.0,194.25,1166.0,50.0,24.0
1200.0,194.3,1169.0,49.0,25.0
1200.0,194.35,1170.0,49.0,25.0
1200.0,194.4,1172.0,49.0,25.0
1200.0,194.45,1174.0,49.0,26.0
1200.0,194.5,1176.0,49.0,26.0
1200.0,194.55,1178.0,49.0,26.0
1200.0,194.6,1180.0,50.0,26.0
1200.0,194.65,1182.0,50.0,27.0
1200.0,194.7,1184.0,50.0,27.0
1200.0,194.75,1186.0,50.0,27.0
1200.0,194.8,1189.0,50.0,28.0
1200.0,194.85,1191.0,50.0,28.0
1200.0,194.9,1194.0,51.0,28.0
1200.0,194.95,1196.0,51.0,29.0
1200.0,195.0,1199.0,51.0,29.0
1200.0,195.05,1198.0,52.0,29.0
1200.0,195.1,1197.0,52.0,29.0
1200.0,195.15,1196.0,53.0,29.0
1200.0,195.2,1195.0,54.0,28.0
1200.0,195.25,1194.0,55.0,28.0
1200.0,195.3,1194.0,55.0,28.0
1200.0,195.35,1194.0,55.0,28.0
1200.0,195.4,1194.0,56.0,28.0
1200.0,195.45,1194.0,56.0,28.0
1200.0,195.5,1194.0,56.0,28.0
1200.0,195.55,1188.0,57.0,29.0
1200.0,195.6,1182.0,57.0,29.0
1200.0,195.65,1176.0,57.0,30.0
1200.0,195.7,1170.0,58.0,30.0
1200.0,195.75,1160.0,58.0,31.0
1200.0,195.8,1149.0,58.0,33.0
1200.0,195.85,1138.0,59.0,35.0
1200.0,195.9,1127.0,59.0,36.0
1200.0,195.95,1116.0,59.0,38.0
1200.0,196.0,1105.0,60.0,39.0
1200.0,196.05,1118.0,60.0,38.0
1200.0,196.1,1130.0,60.0,36.0
1200.0,196.15,1143.0,59.0,34.0
1200.0,196.2,1156.0,59.0,32.0
1200.0,196.25,1168.0,59.0,31.0
1200.0,196.3,1180.0,59.0,29.0
1200.0,196.35,1188.0,59.0,29.0
1200.0,196.4,1197.0,59.0,28.0
1200.0,196.45,1206.0,59.0,28.0
1200.0,196.5,1214.0,59.0,28.0
1200.0,196.55,1217.0,59.0,28.0
1200.0,196.6,1220.0,59.0,28.0
1200.0,196.65,1223.0,59.0,28.0
1200.0,196.7,1225.0,60.0,29.0
1200.0,196.75,1229.0,60.0,29.0
1200.0,196.8,1232.0,60.0,30.0
1200.0,196.85,1235.0,60.0,30.0
1200.0,196.9,1239.0,60.0,31.0
1200.0,196.95,1242.0,60.0,32.0
1200.0,197.0,1246.0,60.0,32.0
1200.0,197.05,1249.0,60.0,33.0
1200.0,197.1,1252.0,60.0,33.0
1200.0,197.15,1255.0,60.0,33.0
1200.0,197.2,1258.0,61.0,33.0
1200.0,197.25,1261.0,61.0,34.0
1200.0,197.3,1264.0,61.0,34.0
1200.0,197.35,1268.0,61.0,34.0
1200.0,197.4,1271.0,61.0,35.0
1200.0,197.45,1275.0,61.0,35.0
1200.0,197.5,1278.0,61.0,35.0
1200.0,197.55,1280.0,62.0,35.0
1200.0,197.6,1282.0,62.0,35.0
1200.0,197.65,1284.0,63.0,35.0
1200.0,197.7,1286.0,64.0,36.0
1200.0,197.75,1288.0,65.0,36.0
1200.0,197.8,1290.0,66.0,36.0
1200.0,197.85,1292.0,66.0,36.0
1200.0,197.9,1294.0,67.0,36.0
1200.0,197.95,1297.0,67.0,36.0
1200.0,198.0,1299.0,67.0,37.0
1200.0,198.05,1299.0,68.0,36.0
1200.0,198.1,1300.0,68.0,36.0
1200.0,198.15,1301.0,69.0,36.0
1200.0,198.2,1302.0,69.0,35.0
1200.0,198.25,1302.0,71.0,35.0
1200.0,198.3,1301.0,72.0,35.0
1200.0,198.35,1301.0,74.0,34.0
1200.0,198.4,1301.0,76.0,34.0
1200.0,198.45,1300.0,78.0,34.0
1200.0,198.5,1300.0,80.0,33.0
1200.0,198.55,1300.0,80.0,33.0
1200.0,198.6,1300.0,80.0,33.0
1200.0,198.65,1300.0,80.0,33.0
1200.0,198.7,1300.0,80.0,33.0
1200.0,198.75,1300.0,80.0,33.0
1200.0,198.8,1300.0,80.0,33.0
1200.0,198.85,1300.0,80.0,33.0
1200.0,198.9,1300.0,80.0,33.0
1200.0,198.95,1300.0,80.0,33.0
1200.0,199.0,1300.0,80.0,33.0
1200.0,199.05,1300.0,80.0,33.0
1200.0,199.1,1300.0,80.0,33.0
1200.0,199.15,1300.0,80.0,33.0
1200.0,199.2,1300.0,80.0,33.0
1200.0,199.25,1300.0,80.0,33.0
1200.0,199.3,1300.0,80.0,33.0
1200.0,199.35,1300.0,80.0,33.0
1200.0,199.4,1300.0,80.0,33.0
1200.0,199.45,1300.0,80.0,33.0
1200.0,199.5,1300.0,80.0,33.0
1200.0,199.55,1300.0,80.0,33.0
1200.0,199.6,1300.0,80.0,33.0
1200.0,199.65,1300.0,80.0,33.0
1200.0,199.7,1300.0,80.0,33.0
1200.0,199.75,1300.0,80.0,33.0
1200.0,199.8,1300.0,80.0,33.0
1200.0,199.85,1300.0,80.0,33.0
1200.0,199.9,1300.0,80.0,33.0
1200.0,199.95,1300.0,80.0,33.0
1200.0,200.0,1300.0,80.0,33.0
1200.0,200.05,1300.0,80.0,33.0
1200.0,200.1,1300.0,80.0,33.0
1200.0,200.15,1300.0,80.0,33.0
1200.0,200.2,1300.0,80.0,33.0
1200.0,200.25,1300.0,80.0,33.0
1200.0,200.3,1300.0,80.0,33.0
1200.0,200.35,1300.0,80.0,33.0
1200.0,200.4,1300.0,80.0,33.0
1200.0,200.45,1300.0,80.0,33.0
1200.0,200.5,1300.0,80.0,33.0
1210.0,189.5,1217.0,42.0,9.0
1210.0,189.55,1217.0,42.0,9.0
1210.0,189.6,1217.0,42.0,9.0
1210.0,189.65,1217.0,42.0,9.0
1210.0,189.7,1217.0,42.0,9.0
1210.0,189.75,1217.0,42.0,9.0
1210.0,189.8,1217.0,42.0,9.0
1210.0,189.85,1217.0,42.0,9.0
1210.0,189.9,1217.0,42.0,9.0
1210.0,189.95,1217.0,42.0,9.0
1210.0,190.0,1217.0,42.0,9.0
1210.0,190.05,1217.0,42.0,9.0
1210.0,190.1,1217.0,42.0,9.0
1210.0,190.15,1217.0,42.0,9.0
1210.0,190.2,1217.0,42.0,9.0
1210.0,190.25,1217.0,42.0,9.0
1210.0,190.3,1217.0,42.0,9.0
1210.0,190.35,1217.0,42.0,9.0
1210.0,190.4,1217.0,42.0,9.0
1210.0,190.45,1217.0,42.0,9.0
1210.0,190.5,1217.0,42.0,9.0
1210.0,190.55,1217.0,42.0,9.0
1210.0,190.6,1217.0,42.0,9.0
1210.0,190.65,1217.0,42.0,9.0
1210.0,190.7,1217.0,42.0,9.0
1210.0,190.75,1217.0,42.0,9.0
1210.0,190.8,1217.0,42.0,9.0
1210.0,190.85,1217.0,42.0,9.0
1210.0,190.9,1217.0,42.0,9.0
1210.0,190.95,1217.0,42.0,9.0
1210.0,191.0,1217.0,42.0,9.0
1210.0,191.05,1217.0,42.0,9.0
1210.0,191.1,1217.0,42.0,9.0
1210.0,191.15,1217.0,42.0,9.0
1210.0,191.2,1217.0,42.0,9.0
1210.0,191.25,1217.0,42.0,9.0
1210.0,191.3,1217.0,42.0,9.0
1210.0,191.35,1217.0,42.0,9.0
1210.0,191.4,1217.0,42.0,9.0
1210.0,191.45,1217.0,42.0,9.0
1210.0,191.5,1217.0,42.0,9.0
1210.0,191.55,1216.0,42.0,9.0
1210.0,191.6,1214.0,41.0,10.0
1210.0,191.65,1213.0,41.0,10.0
1210.0,191.7,1211.0,41.0,11.0
1210.0,191.75,1210.0,41.0,11.0
1210.0,191.8,1208.0,41.0,12.0
1210.0,191.85,1206.0,41.0,13.0
1210.0,191.9,1205.0,40.0,14.0
1210.0,191.95,1204.0,40.0,14.0
1210.0,192.0,1202.0,40.0,15.0
1210.0,192.05,1201.0,40.0,16.0
1210.0,192.1,1201.0,39.0,16.0
1210.0,192.15,1200.0,39.0,16.0
1210.0,192.2,1199.0,39.0,17.0
1210.0,192.25,1198.0,39.0,17.0
1210.0,192.3,1198.0,40.0,18.0
1210.0,192.35,1197.0,40.0,19.0
1210.0,192.4,1196.0,40.0,19.0
1210.0,192.45,1196.0,40.0,20.0
1210.0,192.5,1195.0,41.0,20.0
1210.0,192.55,1193.0,41.0,21.0
1210.0,192.6,1190.0,41.0,21.0
1210.0,192.65,1188.0,41.0,21.0
1210.0,192.7,1186.0,42.0,21.0
1210.0,192.75,1182.0,41.0,21.0
1210.0,192.8,1179.0,41.0,21.0
1210.0,192.85,1176.0,41.0,21.0
1210.0,192.9,1172.0,41.0,21.0
1210.0,192.95,1169.0,40.0,21.0
1210.0,193.0,1165.0,40.0,21.0
1210.0,193.05,1164.0,42.0,21.0
1210.0,193.1,1164.0,43.0,21.0
1210.0,193.15,1163.0,45.0,21.0
1210.0,193.2,1162.0,46.0,21.0
1210.0,193.25,1161.0,48.0,21.0
1210.0,193.3,1160.0,49.0,21.0
1210.0,193.35,1160.0,50.0,21.0
1210.0,193.4,1159.0,51.0,21.0
1210.0,193.45,1159.0,52.0,21.0
1210.0,193.5,1159.0,52.0,20.0
1210.0,193.55,1160.0,52.0,21.0
1210.0,193.6,1161.0,53.0,21.0
1210.0,193.65,1162.0,53.0,21.0
1210.0,193.7,1163.0,53.0,21.0
1210.0,193.75,1164.0,53.0,21.0
1210.0,193.8,1165.0,52.0,21.0
1210.0,193.85,1166.0,52.0,21.0
1210.0,193.9,1167.0,52.0,22.0
1210.0,193.95,1168.0,52.0,22.0
1210.0,194.0,1169.0,52.0,22.0
1210.0,194.05,1171.0,51.0,22.0
1210.0,194.1,1174.0,51.0,23.0
1210.0,194.15,1176.0,51.0,23.0
1210.0,194.2,1179.0,50.0,24.0
1210.0,194.25,1181.0,50.0,24.0
1210.0,194.3,1184.0,50.0,25.0
1210.0,194.35,1186.0,50.0,25.0
1210.0,194.4,1188.0,50.0,26.0
1210.0,194.45,1189.0,50.0,26.0
1210.0,194.5,1191.0,49.0,26.0
1210.0,194.55,1193.0,50.0,26.0
1210.0,194.6,1195.0,50.0,27.0
1210.0,194.65,1197.0,50.0,27.0
1210.0,194.7,1199.0,50.0,27.0
1210.0,194.75,1202.0,50.0,27.0
1210.0,194.8,1204.0,51.0,28.0
1210.0,194.85,1207.0,51.0,28.0
1210.0,194.9,1209.0,51.0,29.0
1210.0,194.95,1212.0,51.0,29.0
1210.0,195.0,1214.0,51.0,29.0
1210.0,195.05,1213.0,52.0,29.0
1210.0,195.1,1213.0,53.0,29.0
1210.0,195.15,1212.0,53.0,29.0
1210.0,195.2,1211.0,54.0,29.0
1210.0,195.25,1210.0,55.0,28.0
1210.0,195.3,1209.0,56.0,28.0
1210.0,195.35,1209.0,56.0,28.0
1210.0,195.4,1209.0,56.0,28.0
1210.0,195.45,1209.0,56.0,28.0
1210.0,195.5,1209.0,57.0,28.0
1210.0,195.55,1203.0,57.0,29.0
1210.0,195.6,1197.0,57.0,29.0
1210.0,195.65,1191.0,58.0,30.0
1210.0,195.7,1185.0,58.0,30.0
1210.0,195.75,1174.0,58.0,32.0
1210.0,195.8,1163.0,59.0,34.0
1210.0,195.85,1152.0,59.0,35.0
1210.0,195.9,1141.0,60.0,37.0
1210.0,195.95,1130.0,60.0,38.0
1210.0,196.0,1119.0,60.0,40.0
1210.0,196.05,1132.0,60.0,38.0
1210.0,196.1,1144.0,60.0,36.0
1210.0,196.15,1157.0,60.0,35.0
1210.0,196.2,1169.0,60.0,33.0
1210.0,196.25,1182.0,60.0,31.0
1210.0,196.3,1195.0,60.0,29.0
1210.0,196.35,1203.0,60.0,29.0
1210.0,196.4,1212.0,59.0,29.0
1210.0,196.45,1220.0,59.0,28.0
1210.0,196.5,1229.0,59.0,28.0
1210.0,196.55,1232.0,60.0,28.0
1210.0,196.6,1235.0,60.0,28.0
1210.0,196.65,1237.0,60.0,29.0
1210.0,196.7,1240.0,60.0,29.0
1210.0,196.75,1244.0,60.0,29.0
1210.0,196.8,1247.0,60.0,30.0
1210.0,196.85,1250.0,60.0,31.0
1210.0,196.9,1254.0,60.0,31.0
1210.0,196.95,1257.0,60.0,32.0
1210.0,197.0,1261.0,60.0,33.0
1210.0,197.05,1264.0,61.0,33.0
1210.0,197.1,1267.0,61.0,33.0
1210.0,197.15,1270.0,61.0,33.0
1210.0,197.2,1273.0,61.0,33.0
1210.0,197.25,1276.0,61.0,34.0
1210.0,197.3,1280.0,61.0,34.0
1210.0,197.35,1283.0,61.0,34.0
1210.0,197.4,1287.0,61.0,35.0
1210.0,197.45,1290.0,61.0,35.0
1210.0,197.5,1294.0,61.0,36.0
1210.0,197.55,1296.0,62.0,36.0
1210.0,197.6,1297.0,63.0,36.0
1210.0,197.65,1299.0,64.0,36.0
1210.0,197.7,1301.0,64.0,36.0
1210.0,197.75,1303.0,65.0,36.0
1210.0,197.8,1305.0,66.0,36.0
1210.0,197.85,1307.0,67.0,36.0
1210.0,197.9,1309.0,67.0,36.0
1210.0,197.95,1312.0,67.0,37.0
1210.0,198.0,1314.0,68.0,37.0
1210.0,198.05,1315.0,68.0,37.0
1210.0,198.1,1315.0,69.0,36.0
1210.0,198.15,1316.0,69.0,36.0
1210.0,198.2,1317.0,70.0,36.0
1210.0,198.25,1316.0,72.0,35.0
1210.0,198.3,1316.0,73.0,35.0
1210.0,198.35,1316.0,75.0,35.0
1210.0,198.4,1315.0,77.0,34.0
1210.0,198.45,1315.0,79.0,34.0
1210.0,198.5,1315.0,81.0,34.0
1210.0,198.55,1315.0,81.0,34.0
1210.0,198.6,1315.0,81.0,34.0
1210.0,198.65,1315.0,81.0,34.0
1210.0,198.7,1315.0,81.0,34.0
1210.0,198.75,1315.0,81.0,34.0
1210.0,198.8,1315.0,81.0,34.0
1210.0,198.85,1315.0,81.0,34.0
1210.0,198.9,1315.0,81.0,34.0
1210.0,198.95,1315.0,81.0,34.0
1210.0,199.0,1315.0,81.0,34.0
1210.0,199.05,1315.0,81.0,34.0
1210.0,199.1,1315.0,81.0,34.0
1210.0,199.15,1315.0,81.0,34.0
1210.0,199.2,1315.0,81.0,34.0
1210.0,199.25,1315.0,81.0,34.0
1210.0,199.3,1315.0,81.0,34.0
1210.0,199.35,1315.0,81.0,34.0
1210.0,199.4,1315.0,81.0,34.0
1210.0,199.45,1315.0,81.0,34.0
1210.0,199.5,1315.0,81.0,34.0
1210.0,199.55,1315.0,81.0,34.0
1210.0,199.6,1315.0,81.0,34.0
1210.0,199.65,1315.0,81.0,34.0
1210.0,199.7,1315.0,81.0,34.0
1210.0,199.75,1315.0,81.0,34.0
1210.0,199.8,1315.0,81.0,34.0
1210.0,199.85,1315.0,81.0,34.0
1210.0,199.9,1315.0,81.0,34.0
1210.0,199.95,1315.0,81.0,34.0
1210.0,200.0,1315.0,81.0,34.0
1210.0,200.05,1315.0,81.0,34.0
1210.0,200.1,1315.0,81.0,34.0
1210.0,200.15,1315.0,81.0,34.0
1210.0,200.2,1315.0,81.0,34.0
1210.0,200.25,1315.0,81.0,34.0
1210.0,200.3,1315.0,81.0,34.0
1210.0,200.35,1315.0,81.0,34.0
1210.0,200.4,1315.0,81.0,34.0
1210.0,200.45,1315.0,81.0,34.0
1210.0,200.5,1315.0,81.0,34.0
1220.0,189.5,1233.0,42.0,9.0
1220.0,189.55,1233.0,42.0,9.0
1220.0,189.6,1233.0,42.0,9.0
1220.0,189.65,1233.0,42.0,9.0
1220.0,189.7,1233.0,42.0,9.0
1220.0,189.75,1233.0,42.0,9.0
1220.0,189.8,1233.0,42.0,9.0
1220.0,189.85,1233.0,42.0,9.0
1220.0,189.9,1233.0,42.0,9.0
1220.0,189.95,1233.0,42.0,9.0
1220.0,190.0,1233.0,42.0,9.0
1220.0,190.05,1233.0,42.0,9.0
1220.0,190.1,1233.0,42.0,9.0
1220.0,190.15,1233.0,42.0,9.0
1220.0,190.2,1233.0,42.0,9.0
1220.0,190.25,1233.0,42.0,9.0
1220.0,190.3,1233.0,42.0,9.0
1220.0,190.35,1233.0,42.0,9.0
1220.0,190.4,1233.0,42.0,9.0
1220.0,190.45,1233.0,42.0,9.0
1220.0,190.5,1233.0,42.0,9.0
1220.0,190.55,1233.0,42.0,9.0
1220.0,190.6,1233.0,42.0,9.0
1220.0,190.65,1233.0,42.0,9.0
1220.0,190.7,1233.0,42.0,9.0
1220.0,190.75,1233.0,42.0,9.0
1220.0,190.8,1233.0,42.0,9.0
1220.0,190.85,1233.0,42.0,9.0
1220.0,190.9,1233.0,42.0,9.0
1220.0,190.95,1233.0,42.0,9.0
1220.0,191.0,1233.0,42.0,9.0
1220.0,191.05,1233.0,42.0,9.0
1220.0,191.1,1233.0,42.0,9.0
1220.0,191.15,1233.0,42.0,9.0
1220.0,191.2,1233.0,42.0,9.0
1220.0,191.25,1233.0,42.0,9.0
1220.0,191.3,1233.0,42.0,9.0
1220.0,191.35,1233.0,42.0,9.0
1220.0,191.4,1233.0,42.0,9.0
1220.0,191.45,1233.0,42.0,9.0
1220.0,191.5,1233.0,42.0,9.0
1220.0,191.55,1231.0,42.0,9.0
1220.0,191.6,1230.0,42.0,10.0
1220.0,191.65,1228.0,42.0,10.0
1220.0,191.7,1227.0,41.0,11.0
1220.0,191.75,1225.0,41.0,12.0
1220.0,191.8,1224.0,41.0,12.0
1220.0,191.85,1222.0,41.0,13.0
1220.0,191.9,1221.0,41.0,14.0
1220.0,191.95,1219.0,40.0,15.0
1220.0,192.0,1218.0,40.0,15.0
1220.0,192.05,1217.0,40.0,16.0
1220.0,192.1,1216.0,40.0,16.0
1220.0,192.15,1215.0,40.0,16.0
1220.0,192.2,1215.0,40.0,17.0
1220.0,192.25,1214.0,40.0,18.0
1220.0,192.3,1213.0,40.0,18.0
1220.0,192.35,1213.0,40.0,19.0
1220.0,192.4,1212.0,40.0,19.0
1220.0,192.45,1211.0,41.0,20.0
1220.0,192.5,1211.0,41.0,21.0
1220.0,192.55,1208.0,41.0,21.0
1220.0,192.6,1206.0,41.0,21.0
1220.0,192.65,1204.0,42.0,21.0
1220.0,192.7,1201.0,42.0,21.0
1220.0,192.75,1198.0,42.0,21.0
1220.0,192.8,1194.0,41.0,21.0
1220.0,192.85,1191.0,41.0,21.0
1220.0,192.9,1187.0,41.0,21.0
1220.0,192.95,1184.0,41.0,22.0
1220.0,193.0,1181.0,40.0,22.0
1220.0,193.05,1180.0,42.0,22.0
1220.0,193.1,1179.0,43.0,21.0
1220.0,193.15,1178.0,45.0,21.0
1220.0,193.2,1177.0,46.0,21.0
1220.0,193.25,1176.0,48.0,21.0
1220.0,193.3,1175.0,49.0,21.0
1220.0,193.35,1175.0,50.0,21.0
1220.0,193.4,1174.0,51.0,21.0
1220.0,193.45,1174.0,52.0,21.0
1220.0,193.5,1174.0,53.0,21.0
1220.0,193.55,1175.0,53.0,21.0
1220.0,193.6,1176.0,53.0,21.0
1220.0,193.65,1177.0,53.0,21.0
1220.0,193.7,1178.0,53.0,22.0
1220.0,193.75,1179.0,53.0,22.0
1220.0,193.8,1180.0,53.0,22.0
1220.0,193.85,1181.0,53.0,22.0
1220.0,193.9,1182.0,52.0,22.0
1220.0,193.95,1183.0,52.0,22.0
1220.0,194.0,1184.0,52.0,22.0
1220.0,194.05,1186.0,52.0,22.0
1220.0,194.1,1189.0,52.0,23.0
1220.0,194.15,1191.0,51.0,23.0
1220.0,194.2,1194.0,51.0,24.0
1220.0,194.25,1196.0,50.0,24.0
1220.0,194.3,1199.0,50.0,25.0
1220.0,194.35,1201.0,50.0,25.0
1220.0,194.4,1203.0,50.0,26.0
1220.0,194.45,1205.0,50.0,26.0
1220.0,194.5,1207.0,50.0,26.0
1220.0,194.55,1209.0,50.0,27.0
1220.0,194.6,1211.0,50.0,27.0
1220.0,194.65,1213.0,50.0,27.0
1220.0,194.7,1215.0,50.0,27.0
1220.0,194.75,1217.0,51.0,28.0
1220.0,194.8,1220.0,51.0,28.0
1220.0,194.85,1222.0,51.0,28.0
1220.0,194.9,1225.0,51.0,29.0
1220.0,194.95,1227.0,52.0,29.0
1220.0,195.0,1230.0,52.0,30.0
1220.0,195.05,1229.0,52.0,29.0
1220.0,195.1,1228.0,53.0,29.0
1220.0,195.15,1227.0,54.0,29.0
1220.0,195.2,1226.0,54.0,29.0
1220.0,195.25,1225.0,55.0,29.0
1220.0,195.3,1224.0,56.0,29.0
1220.0,195.35,1224.0,56.0,29.0
1220.0,195.4,1224.0,57.0,29.0
1220.0,195.45,1224.0,57.0,29.0
1220.0,195.5,1224.0,57.0,29.0
1220.0,195.55,1218.0,58.0,29.0
1220.0,195.6,1212.0,58.0,30.0
1220.0,195.65,1206.0,58.0,30.0
1220.0,195.7,1199.0,58.0,31.0
1220.0,195.75,1188.0,59.0,32.0
1220.0,195.8,1177.0,59.0,34.0
1220.0,195.85,1166.0,60.0,36.0
1220.0,195.9,1155.0,60.0,37.0
1220.0,195.95,1144.0,60.0,39.0
1220.0,196.0,1133.0,61.0,41.0
1220.0,196.05,1145.0,61.0,39.0
1220.0,196.1,1158.0,60.0,37.0
1220.0,196.15,1171.0,60.0,35.0
1220.0,196.2,1183.0,60.0,33.0
1220.0,196.25,1196.0,60.0,32.0
1220.0,196.3,1208.0,60.0,30.0
1220.0,196.35,1218.0,60.0,29.0
1220.0,196.4,1227.0,60.0,29.0
1220.0,196.45,1235.0,60.0,28.0
1220.0,196.5,1244.0,60.0,28.0
1220.0,196.55,1247.0,60.0,28.0
1220.0,196.6,1249.0,60.0,28.0
1220.0,196.65,1252.0,60.0,29.0
1220.0,196.7,1255.0,60.0,29.0
1220.0,196.75,1259.0,60.0,30.0
1220.0,196.8,1262.0,60.0,30.0
1220.0,196.85,1265.0,61.0,31.0
1220.0,196.9,1269.0,61.0,32.0
1220.0,196.95,1272.0,61.0,32.0
1220.0,197.0,1276.0,61.0,33.0
1220.0,197.05,1279.0,61.0,33.0
1220.0,197.1,1282.0,61.0,33.0
1220.0,197.15,1285.0,61.0,33.0
1220.0,197.2,1288.0,61.0,34.0
1220.0,197.25,1291.0,61.0,34.0
1220.0,197.3,1295.0,61.0,34.0
1220.0,197.35,1298.0,61.0,35.0
1220.0,197.4,1302.0,62.0,35.0
1220.0,197.45,1305.0,62.0,35.0
1220.0,197.5,1309.0,62.0,36.0
1220.0,197.55,1311.0,62.0,36.0
1220.0,197.6,1313.0,63.0,36.0
1220.0,197.65,1314.0,64.0,36.0
1220.0,197.7,1316.0,65.0,36.0
1220.0,197.75,1318.0,66.0,36.0
1220.0,197.8,1320.0,66.0,36.0
1220.0,197.85,1322.0,67.0,36.0
1220.0,197.9,1324.0,67.0,37.0
1220.0,197.95,1327.0,68.0,37.0
1220.0,198.0,1329.0,68.0,37.0
1220.0,198.05,1330.0,69.0,37.0
1220.0,198.1,1330.0,69.0,36.0
1220.0,198.15,1331.0,70.0,36.0
1220.0,198.2,1331.0,71.0,36.0
1220.0,198.25,1331.0,72.0,36.0
1220.0,198.3,1331.0,74.0,35.0
1220.0,198.35,1330.0,76.0,35.0
1220.0,198.4,1330.0,78.0,35.0
1220.0,198.45,1330.0,80.0,34.0
1220.0,198.5,1330.0,81.0,34.0
1220.0,198.55,1330.0,81.0,34.0
1220.0,198.6,1330.0,81.0,34.0
1220.0,198.65,1330.0,81.0,34.0
1220.0,198.7,1330.0,81.0,34.0
1220.0,198.75,1330.0,81.0,34.0
1220.0,198.8,1330.0,81.0,34.0
1220.0,198.85,1330.0,81.0,34.0
1220.0,198.9,1330.0,81.0,34.0
1220.0,198.95,1330.0,81.0,34.0
1220.0,199.0,1330.0,81.0,34.0
1220.0,199.05,1330.0,81.0,34.0
1220.0,199.1,1330.0,81.0,34.0
1220.0,199.15,1330.0,81.0,34.0
1220.0,199.2,1330.0,81.0,34.0
1220.0,199.25,1330.0,81.0,34.0
1220.0,199.3,1330.0,81.0,34.0
1220.0,199.35,1330.0,81.0,34.0
1220.0,199.4,1330.0,81.0,34.0
1220.0,199.45,1330.0,81.0,34.0
1220.0,199.5,1330.0,81.0,34.0
1220.0,199.55,1330.0,81.0,34.0
1220.0,199.6,1330.0,81.0,34.0
1220.0,199.65,1330.0,81.0,34.0
1220.0,199.7,1330.0,81.0,34.0
1220.0,199.75,1330.0,81.0,34.0
1220.0,199.8,1330.0,81.0,34.0
1220.0,199.85,1330.0,81.0,34.0
1220.0,199.9,1330.0,81.0,34.0
1220.0,199.95,1330.0,81.0,34.0
1220.0,200.0,1330.0,81.0,34.0
1220.0,200.05,1330.0,81.0,34.0
1220.0,200.1,1330.0,81.0,34.0
1220.0,200.15,1330.0,81.0,34.0
1220.0,200.2,1330.0,81.0,34.0
1220.0,200.25,1330.0,81.0,34.0
1220.0,200.3,1330.0,81.0,34.0
1220.0,200.35,1330.0,81.0,34.0
1220.0,200.4,1330.0,81.0,34.0
1220.0,200.45,1330.0,81.0,34.0
1220.0,200.5,1330.0,81.0,34.0
1230.0,189.5,1248.0,42.0,9.0
1230.0,189.55,1248.0,42.0,9.0
1230.0,189.6,1248.0,42.0,9.0
1230.0,189.65,1248.0,42.0,9.0
1230.0,189.7,1248.0,42.0,9.0
1230.0,189.75,1248.0,42.0,9.0
1230.0,189.8,1248.0,42.0,9.0
1230.0,189.85,1248.0,42.0,9.0
1230.0,189.9,1248.0,42.0,9.0
1230.0,189.95,1248.0,42.0,9.0
1230.0,190.0,1248.0,42.0,9.0
1230.0,190.05,1248.0,42.0,9.0
1230.0,190.1,1248.0,42.0,9.0
1230.0,190.15,1248.0,42.0,9.0
1230.0,190.2,1248.0,42.0,9.0
1230.0,190.25,1248.0,42.0,9.0
1230.0,190.3,1248.0,42.0,9.0
1230.0,190.35,1248.0,42.0,9.0
1230.0,190.4,1248.0,42.0,9.0
1230.0,190.45,1248.0,42.0,9.0
1230.0,190.5,1248.0,42.0,9.0
1230.0,190.55,1248.0,42.0,9.0
1230.0,190.6,1248.0,42.0,9.0
1230.0,190.65,1248.0,42.0,9.0
1230.0,190.7,1248.0,42.0,9.0
1230.0,190.75,1248.0,42.0,9.0
1230.0,190.8,1248.0,42.0,9.0
1230.0,190.85,1248.0,42.0,9.0
1230.0,190.9,1248.0,42.0,9.0
1230.0,190.95,1248.0,42.0,9.0
1230.0,191.0,1248.0,42.0,9.0
1230.0,191.05,1248.0,42.0,9.0
1230.0,191.1,1248.0,42.0,9.0
1230.0,191.15,1248.0,42.0,9.0
1230.0,191.2,1248.0,42.0,9.0
1230.0,191.25,1248.0,42.0,9.0
1230.0,191.3,1248.0,42.0,9.0
1230.0,191.35,1248.0,42.0,9.0
1230.0,191.4,1248.0,42.0,9.0
1230.0,191.45,1248.0,42.0,9.0
1230.0,191.5,1248.0,42.0,9.0
1230.0,191.55,1247.0,42.0,9.0
1230.0,191.6,1245.0,42.0,10.0
1230.0,191.65,1244.0,42.0,10.0
1230.0,191.7,1242.0,42.0,11.0
1230.0,191.75,1241.0,42.0,12.0
1230.0,191.8,1239.0,41.0,12.0
1230.0,191.85,1238.0,41.0,13.0
1230.0,191.9,1236.0,41.0,14.0
1230.0,191.95,1235.0,41.0,15.0
1230.0,192.0,1233.0,40.0,15.0
1230.0,192.05,1232.0,40.0,16.0
1230.0,192.1,1232.0,40.0,16.0
1230.0,192.15,1231.0,40.0,17.0
1230.0,192.2,1230.0,40.0,17.0
1230.0,192.25,1230.0,40.0,18.0
1230.0,192.3,1229.0,40.0,18.0
1230.0,192.35,1228.0,41.0,19.0
1230.0,192.4,1228.0,41.0,20.0
1230.0,192.45,1227.0,41.0,20.0
1230.0,192.5,1226.0,41.0,21.0
1230.0,192.55,1224.0,42.0,21.0
1230.0,192.6,1222.0,42.0,21.0
1230.0,192.65,1219.0,42.0,21.0
1230.0,192.7,1216.0,42.0,22.0
1230.0,192.75,1213.0,42.0,22.0
1230.0,192.8,1210.0,42.0,22.0
1230.0,192.85,1206.0,41.0,22.0
1230.0,192.9,1203.0,41.0,22.0
1230.0,192.95,1199.0,41.0,22.0
1230.0,193.0,1196.0,41.0,22.0
1230.0,193.05,1195.0,42.0,22.0
1230.0,193.1,1194.0,44.0,22.0
1230.0,193.15,1193.0,45.0,22.0
1230.0,193.2,1192.0,47.0,21.0
1230.0,193.25,1191.0,48.0,21.0
1230.0,193.3,1191.0,50.0,21.0
1230.0,193.35,1190.0,51.0,21.0
1230.0,193.4,1190.0,52.0,21.0
1230.0,193.45,1189.0,52.0,21.0
1230.0,193.5,1189.0,53.0,21.0
1230.0,193.55,1190.0,53.0,21.0
1230.0,193.6,1191.0,53.0,21.0
1230.0,193.65,1192.0,53.0,22.0
1230.0,193.7,1193.0,53.0,22.0
1230.0,193.75,1194.0,53.0,22.0
1230.0,193.8,1195.0,53.0,22.0
1230.0,193.85,1196.0,53.0,22.0
1230.0,193.9,1197.0,53.0,22.0
1230.0,193.95,1198.0,53.0,22.0
1230.0,194.0,1199.0,53.0,22.0
1230.0,194.05,1201.0,52.0,22.0
1230.0,194.1,1204.0,52.0,23.0
1230.0,194.15,1206.0,52.0,23.0
1230.0,194.2,1209.0,51.0,24.0
1230.0,194.25,1211.0,51.0,25.0
1230.0,194.3,1214.0,51.0,25.0
1230.0,194.35,1216.0,50.0,26.0
1230.0,194.4,1218.0,50.0,26.0
1230.0,194.45,1220.0,50.0,26.0
1230.0,194.5,1222.0,50.0,26.0
1230.0,194.55,1224.0,50.0,27.0
1230.0,194.6,1226.0,50.0,27.0
1230.0,194.65,1228.0,51.0,27.0
1230.0,194.7,1230.0,51.0,27.0
1230.0,194.75,1233.0,51.0,28.0
1230.0,194.8,1235.0,51.0,28.0
1230.0,194.85,1238.0,51.0,29.0
1230.0,194.9,1240.0,52.0,29.0
1230.0,194.95,1243.0,52.0,29.0
1230.0,195.0,1245.0,52.0,30.0
1230.0,195.05,1244.0,53.0,30.0
1230.0,195.1,1243.0,53.0,30.0
1230.0,195.15,1242.0,54.0,29.0
1230.0,195.2,1242.0,55.0,29.0
1230.0,195.25,1241.0,55.0,29.0
1230.0,195.3,1240.0,56.0,29.0
1230.0,195.35,1239.0,57.0,29.0
1230.0,195.4,1239.0,57.0,29.0
1230.0,195.45,1239.0,57.0,29.0
1230.0,195.5,1239.0,58.0,29.0
1230.0,195.55,1233.0,58.0,29.0
1230.0,195.6,1227.0,58.0,30.0
1230.0,195.65,1221.0,59.0,30.0
1230.0,195.7,1212.0,59.0,31.0
1230.0,195.75,1201.0,59.0,33.0
1230.0,195.8,1190.0,60.0,35.0
1230.0,195.85,1179.0,60.0,36.0
1230.0,195.9,1168.0,60.0,38.0
1230.0,195.95,1157.0,61.0,39.0
1230.0,196.0,1146.0,61.0,41.0
1230.0,196.05,1159.0,61.0,39.0
1230.0,196.1,1172.0,61.0,38.0
1230.0,196.15,1184.0,61.0,36.0
1230.0,196.2,1197.0,61.0,34.0
1230.0,196.25,1209.0,61.0,32.0
1230.0,196.3,1222.0,60.0,30.0
1230.0,196.35,1233.0,60.0,29.0
1230.0,196.4,1242.0,60.0,29.0
1230.0,196.45,1250.0,60.0,28.0
1230.0,196.5,1259.0,60.0,28.0
1230.0,196.55,1262.0,60.0,28.0
1230.0,196.6,1264.0,61.0,29.0
1230.0,196.65,1267.0,61.0,29.0
1230.0,196.7,1270.0,61.0,29.0
1230.0,196.75,1274.0,61.0,30.0
1230.0,196.8,1277.0,61.0,31.0
1230.0,196.85,1280.0,61.0,31.0
1230.0,196.9,1284.0,61.0,32.0
1230.0,196.95,1287.0,61.0,32.0
1230.0,197.0,1291.0,61.0,33.0
1230.0,197.05,1294.0,61.0,33.0
1230.0,197.1,1297.0,61.0,34.0
1230.0,197.15,1300.0,62.0,34.0
1230.0,197.2,1303.0,62.0,34.0
1230.0,197.25,1306.0,62.0,34.0
1230.0,197.3,1310.0,62.0,35.0
1230.0,197.35,1313.0,62.0,35.0
1230.0,197.4,1317.0,62.0,35.0
1230.0,197.45,1320.0,62.0,36.0
1230.0,197.5,1324.0,62.0,36.0
1230.0,197.55,1326.0,63.0,36.0
1230.0,197.6,1328.0,64.0,36.0
1230.0,197.65,1330.0,64.0,36.0
1230.0,197.7,1332.0,65.0,36.0
1230.0,197.75,1333.0,66.0,36.0
1230.0,197.8,1335.0,67.0,36.0
1230.0,197.85,1337.0,67.0,37.0
1230.0,197.9,1340.0,68.0,37.0
1230.0,197.95,1342.0,68.0,37.0
1230.0,198.0,1344.0,69.0,37.0
1230.0,198.05,1345.0,69.0,37.0
1230.0,198.1,1345.0,70.0,37.0
1230.0,198.15,1346.0,70.0,36.0
1230.0,198.2,1346.0,71.0,36.0
1230.0,198.25,1346.0,73.0,36.0
1230.0,198.3,1346.0,75.0,35.0
1230.0,198.35,1345.0,77.0,35.0
1230.0,198.4,1345.0,79.0,35.0
1230.0,198.45,1345.0,80.0,34.0
1230.0,198.5,1344.0,82.0,34.0
1230.0,198.55,1344.0,82.0,34.0
1230.0,198.6,1344.0,82.0,34.0
1230.0,198.65,1344.0,82.0,34.0
1230.0,198.7,1344.0,82.0,34.0
1230.0,198.75,1344.0,82.0,34.0
1230.0,198.8,1344.0,82.0,34.0
1230.0,198.85,1344.0,82.0,34.0
1230.0,198.9,1344.0,82.0,34.0
1230.0,198.95,1344.0,82.0,34.0
1230.0,199.0,1344.0,82.0,34.0
1230.0,199.05,1344.0,82.0,34.0
1230.0,199.1,1344.0,82.0,34.0
1230.0,199.15,1344.0,82.0,34.0
1230.0,199.2,1344.0,82.0,34.0
1230.0,199.25,1344.0,82.0,34.0
1230.0,199.3,1344.0,82.0,34.0
1230.0,199.35,1344.0,82.0,34.0
1230.0,199.4,1344.0,82.0,34.0
1230.0,199.45,1344.0,82.0,34.0
1230.0,199.5,1344.0,82.0,34.0
1230.0,199.55,1344.0,82.0,34.0
1230.0,199.6,1344.0,82.0,34.0
1230.0,199.65,1344.0,82.0,34.0
1230.0,199.7,1344.0,82.0,34.0
1230.0,199.75,1344.0,82.0,34.0
1230.0,199.8,1344.0,82.0,34.0
1230.0,199.85,1344.0,82.0,34.0
1230.0,199.9,1344.0,82.0,34.0
1230.0,199.95,1344.0,82.0,34.0
1230.0,200.0,1344.0,82.0,34.0
1230.0,200.05,1344.0,82.0,34.0
1230.0,200.1,1344.0,82.0,34.0
1230.0,200.15,1344.0,82.0,34.0
1230.0,200.2,1344.0,82.0,34.0
1230.0,200.25,1344.0,82.0,34.0
1230.0,200.3,1344.0,82.0,34.0
1230.0,200.35,1344.0,82.0,34.0
1230.0,200.4,1344.0,82.0,34.0
1230.0,200.45,1344.0,82.0,34.0
1230.0,200.5,1344.0,82.0,34.0
1240.0,189.5,1264.0,43.0,9.0
1240.0,189.55,1264.0,43.0,9.0
1240.0,189.6,1264.0,43.0,9.0
1240.0,189.65,1264.0,43.0,9.0
1240.0,189.7,1264.0,43.0,9.0
1240.0,189.75,1264.0,43.0,9.0
1240.0,189.8,1264.0,43.0,9.0
1240.0,189.85,1264.0,43.0,9.0
1240.0,189.9,1264.0,43.0,9.0
1240.0,189.95,1264.0,43.0,9.0
1240.0,190.0,1264.0,43.0,9.0
1240.0,190.05,1264.0,43.0,9.0
1240.0,190.1,1264.0,43.0,9.0
1240.0,190.15,1264.0,43.0,9.0
1240.0,190.2,1264.0,43.0,9.0
1240.0,190.25,1264.0,43.0,9.0
1240.0,190.3,1264.0,43.0,9.0
1240.0,190.35,1264.0,43.0,9.0
1240.0,190.4,1264.0,43.0,9.0
1240.0,190.45,1264.0,43.0,9.0
1240.0,190.5,1264.0,43.0,9.0
1240.0,190.55,1264.0,43.0,9.0
1240.0,190.6,1264.0,43.0,9.0
1240.0,190.65,1264.0,43.0,9.0
1240.0,190.7,1264.0,43.0,9.0
1240.0,190.75,1264.0,43.0,9.0
1240.0,190.8,1264.0,43.0,9.0
1240.0,190.85,1264.0,43.0,9.0
1240.0,190.9,1264.0,43.0,9.0
1240.0,190.95,1264.0,43.0,9.0
1240.0,191.0,1264.0,43.0,9.0
1240.0,191.05,1264.0,43.0,9.0
1240.0,191.1,1264.0,43.0,9.0
1240.0,191.15,1264.0,43.0,9.0
1240.0,191.2,1264.0,43.0,9.0
1240.0,191.25,1264.0,43.0,9.0
1240.0,191.3,1264.0,43.0,9.0
1240.0,191.35,1264.0,43.0,9.0
1240.0,191.4,1264.0,43.0,9.0
1240.0,191.45,1264.0,43.0,9.0
1240.0,191.5,1264.0,43.0,9.0
1240.0,191.55,1262.0,43.0,9.0
1240.0,191.6,1261.0,42.0,10.0
1240.0,191.65,1259.0,42.0,10.0
1240.0,191.7,1258.0,42.0,11.0
1240.0,191.75,1256.0,42.0,12.0
1240.0,191.8,1255.0,42.0,13.0
1240.0,191.85,1253.0,41.0,13.0
1240.0,191.9,1252.0,41.0,14.0
1240.0,191.95,1250.0,41.0,15.0
1240.0,192.0,1249.0,41.0,16.0
1240.0,192.05,1248.0,40.0,16.0
1240.0,192.1,1247.0,40.0,16.0
1240.0,192.15,1247.0,40.0,17.0
1240.0,192.2,1246.0,40.0,17.0
1240.0,192.25,1245.0,41.0,18.0
1240.0,192.3,1245.0,41.0,19.0
1240.0,192.35,1244.0,41.0,19.0
1240.0,192.4,1243.0,41.0,20.0
1240.0,192.45,1242.0,41.0,20.0
1240.0,192.5,1242.0,42.0,21.0
1240.0,192.55,1239.0,42.0,21.0
1240.0,192.6,1237.0,42.0,21.0
1240.0,192.65,1235.0,43.0,22.0
1240.0,192.7,1232.0,42.0,22.0
1240.0,192.75,1228.0,42.0,22.0
1240.0,192.8,1225.0,42.0,22.0
1240.0,192.85,1221.0,42.0,22.0
1240.0,192.9,1218.0,41.0,22.0
1240.0,192.95,1215.0,41.0,22.0
1240.0,193.0,1211.0,41.0,22.0
1240.0,193.05,1210.0,42.0,22.0
1240.0,193.1,1209.0,44.0,22.0
1240.0,193.15,1208.0,45.0,22.0
1240.0,193.2,1208.0,47.0,22.0
1240.0,193.25,1207.0,48.0,22.0
1240.0,193.3,1206.0,50.0,22.0
1240.0,193.35,1205.0,51.0,21.0
1240.0,193.4,1205.0,52.0,21.0
1240.0,193.45,1204.0,53.0,21.0
1240.0,193.5,1204.0,54.0,21.0
1240.0,193.55,1205.0,54.0,21.0
1240.0,193.6,1206.0,54.0,22.0
1240.0,193.65,1207.0,54.0,22.0
1240.0,193.7,1208.0,54.0,22.0
1240.0,193.75,1209.0,54.0,22.0
1240.0,193.8,1210.0,53.0,22.0
1240.0,193.85,1211.0,53.0,22.0
1240.0,193.9,1212.0,53.0,22.0
1240.0,193.95,1213.0,53.0,22.0
1240.0,194.0,1214.0,53.0,22.0
1240.0,194.05,1217.0,53.0,22.0
1240.0,194.1,1219.0,52.0,23.0
1240.0,194.15,1222.0,52.0,24.0
1240.0,194.2,1224.0,52.0,24.0
1240.0,194.25,1227.0,51.0,25.0
1240.0,194.3,1229.0,51.0,25.0
1240.0,194.35,1231.0,51.0,26.0
1240.0,194.4,1233.0,51.0,26.0
1240.0,194.45,1235.0,50.0,26.0
1240.0,194.5,1237.0,50.0,27.0
1240.0,194.55,1239.0,51.0,27.0
1240.0,194.6,1241.0,51.0,27.0
1240.0,194.65,1243.0,51.0,27.0
1240.0,194.7,1246.0,51.0,28.0
1240.0,194.75,1248.0,51.0,28.0
1240.0,194.8,1251.0,51.0,29.0
1240.0,194.85,1253.0,52.0,29.0
1240.0,194.9,1256.0,52.0,29.0
1240.0,194.95,1258.0,52.0,30.0
1240.0,195.0,1261.0,52.0,30.0
1240.0,195.05,1260.0,53.0,30.0
1240.0,195.1,1259.0,54.0,30.0
1240.0,195.15,1258.0,54.0,30.0
1240.0,195.2,1257.0,55.0,29.0
1240.0,195.25,1256.0,56.0,29.0
1240.0,195.3,1255.0,56.0,29.0
1240.0,195.35,1254.0,57.0,29.0
1240.0,195.4,1254.0,57.0,29.0
1240.0,195.45,1254.0,58.0,29.0
1240.0,195.5,1254.0,58.0,29.0
1240.0,195.55,1248.0,58.0,29.0
1240.0,195.6,1242.0,59.0,30.0
1240.0,195.65,1236.0,59.0,30.0
1240.0,195.7,1226.0,59.0,32.0
1240.0,195.75,1215.0,60.0,33.0
1240.0,195.8,1204.0,60.0,35.0
1240.0,195.85,1193.0,60.0,37.0
1240.0,195.9,1182.0,61.0,38.0
1240.0,195.95,1171.0,61.0,40.0
1240.0,196.0,1160.0,62.0,42.0
1240.0,196.05,1173.0,61.0,40.0
1240.0,196.1,1185.0,61.0,38.0
1240.0,196.15,1198.0,61.0,36.0
1240.0,196.2,1211.0,61.0,35.0
1240.0,196.25,1223.0,61.0,33.0
1240.0,196.3,1236.0,61.0,31.0
1240.0,196.35,1248.0,61.0,29.0
1240.0,196.4,1256.0,61.0,29.0
1240.0,196.45,1265.0,61.0,29.0
1240.0,196.5,1274.0,61.0,28.0
1240.0,196.55,1276.0,61.0,28.0
1240.0,196.6,1279.0,61.0,29.0
1240.0,196.65,1282.0,61.0,29.0
1240.0,196.7,1285.0,61.0,30.0
1240.0,196.75,1289.0,61.0,30.0
1240.0,196.8,1292.0,61.0,31.0
1240.0,196.85,1295.0,61.0,31.0
1240.0,196.9,1299.0,61.0,32.0
1240.0,196.95,1302.0,61.0,33.0
1240.0,197.0,1306.0,62.0,33.0
1240.0,197.05,1309.0,62.0,34.0
1240.0,197.1,1312.0,62.0,34.0
1240.0,197.15,1315.0,62.0,34.0
1240.0,197.2,1318.0,62.0,34.0
1240.0,197.25,1322.0,62.0,35.0
1240.0,197.3,1325.0,62.0,35.0
1240.0,197.35,1329.0,62.0,35.0
1240.0,197.4,1332.0,62.0,36.0
1240.0,197.45,1336.0,62.0,36.0
1240.0,197.5,1339.0,62.0,36.0
1240.0,197.55,1341.0,63.0,36.0
1240.0,197.6,1343.0,64.0,36.0
1240.0,197.65,1345.0,65.0,37.0
1240.0,197.7,1347.0,66.0,37.0
1240.0,197.75,1349.0,66.0,37.0
1240.0,197.8,1351.0,67.0,37.0
1240.0,197.85,1352.0,68.0,37.0
1240.0,197.9,1355.0,68.0,37.0
1240.0,197.95,1357.0,69.0,37.0
1240.0,198.0,1359.0,69.0,37.0
1240.0,198.05,1360.0,70.0,37.0
1240.0,198.1,1360.0,70.0,37.0
1240.0,198.15,1361.0,71.0,37.0
1240.0,198.2,1361.0,72.0,36.0
1240.0,198.25,1361.0,74.0,36.0
1240.0,198.3,1360.0,76.0,36.0
1240.0,198.35,1360.0,78.0,35.0
1240.0,198.4,1360.0,79.0,35.0
1240.0,198.45,1360.0,81.0,35.0
1240.0,198.5,1359.0,83.0,34.0
1240.0,198.55,1359.0,83.0,34.0
1240.0,198.6,1359.0,83.0,34.0
1240.0,198.65,1359.0,83.0,34.0
1240.0,198.7,1359.0,83.0,34.0
1240.0,198.75,1359.0,83.0,34.0
1240.0,198.8,1359.0,83.0,34.0
1240.0,198.85,1359.0,83.0,34.0
1240.0,198.9,1359.0,83.0,34.0
1240.0,198.95,1359.0,83.0,34.0
1240.0,199.0,1359.0,83.0,34.0
1240.0,199.05,1359.0,83.0,34.0
1240.0,199.1,1359.0,83.0,34.0
1240.0,199.15,1359.0,83.0,34.0
1240.0,199.2,1359.0,83.0,34.0
1240.0,199.25,1359.0,83.0,34.0
1240.0,199.3,1359.0,83.0,34.0
1240.0,199.35,1359.0,83.0,34.0
1240.0,199.4,1359.0,83.0,34.0
1240.0,199.45,1359.0,83.0,34.0
1240.0,199.5,1359.0,83.0,34.0
1240.0,199.55,1359.0,83.0,34.0
1240.0,199.6,1359.0,83.0,34.0
1240.0,199.65,1359.0,83.0,34.0
1240.0,199.7,1359.0,83.0,34.0
1240.0,199.75,1359.0,83.0,34.0
1240.0,199.8,1359.0,83.0,34.0
1240.0,199.85,1359.0,83.0,34.0
1240.0,199.9,1359.0,83.0,34.0
1240.0,199.95,1359.0,83.0,34.0
1240.0,200.0,1359.0,83.0,34.0
1240.0,200.05,1359.0,83.0,34.0
1240.0,200.1,1359.0,83.0,34.0
1240.0,200.15,1359.0,83.0,34.0
1240.0,200.2,1359.0,83.0,34.0
1240.0,200.25,1359.0,83.0,34.0
1240.0,200.3,1359.0,83.0,34.0
1240.0,200.35,1359.0,83.0,34.0
1240.0,200.4,1359.0,83.0,34.0
1240.0,200.45,1359.0,83.0,34.0
1240.0,200.5,1359.0,83.0,34.0
1250.0,189.5,1280.0,43.0,9.0
1250.0,189.55,1280.0,43.0,9.0
1250.0,189.6,1280.0,43.0,9.0
1250.0,189.65,1280.0,43.0,9.0
1250.0,189.7,1280.0,43.0,9.0
1250.0,189.75,1280.0,43.0,9.0
1250.0,189.8,1280.0,43.0,9.0
1250.0,189.85,1280.0,43.0,9.0
1250.0,189.9,1280.0,43.0,9.0
1250.0,189.95,1280.0,43.0,9.0
1250.0,190.0,1280.0,43.0,9.0
1250.0,190.05,1280.0,43.0,9.0
1250.0,190.1,1280.0,43.0,9.0
1250.0,190.15,1280.0,43.0,9.0
1250.0,190.2,1280.0,43.0,9.0
1250.0,190.25,1280.0,43.0,9.0
1250.0,190.3,1280.0,43.0,9.0
1250.0,190.35,1280.0,43.0,9.0
1250.0,190.4,1280.0,43.0,9.0
1250.0,190.45,1280.0,43.0,9.0
1250.0,190.5,1280.0,43.0,9.0
1250.0,190.55,1280.0,43.0,9.0
1250.0,190.6,1280.0,43.0,9.0
1250.0,190.65,1280.0,43.0,9.0
1250.0,190.7,1280.0,43.0,9.0
1250.0,190.75,1280.0,43.0,9.0
1250.0,190.8,1280.0,43.0,9.0
1250.0,190.85,1280.0,43.0,9.0
1250.0,190.9,1280.0,43.0,9.0
1250.0,190.95,1280.0,43.0,9.0
1250.0,191.0,1280.0,43.0,9.0
1250.0,191.05,1280.0,43.0,9.0
1250.0,191.1,1280.0,43.0,9.0
1250.0,191.15,1280.0,43.0,9.0
1250.0,191.2,1280.0,43.0,9.0
1250.0,191.25,1280.0,43.0,9.0
1250.0,191.3,1280.0,43.0,9.0
1250.0,191.35,1280.0,43.0,9.0
1250.0,191.4,1280.0,43.0,9.0
1250.0,191.45,1280.0,43.0,9.0
1250.0,191.5,1280.0,43.0,9.0
1250.0,191.55,1278.0,43.0,9.0
1250.0,191.6,1276.0,43.0,10.0
1250.0,191.65,1275.0,43.0,11.0
1250.0,191.7,1273.0,42.0,11.0
1250.0,191.75,1272.0,42.0,12.0
1250.0,191.8,1270.0,42.0,13.0
1250.0,191.85,1269.0,42.0,13.0
1250.0,191.9,1267.0,41.0,14.0
1250.0,191.95,1266.0,41.0,15.0
1250.0,192.0,1264.0,41.0,16.0
1250.0,192.05,1264.0,41.0,16.0
1250.0,192.1,1263.0,41.0,17.0
1250.0,192.15,1262.0,40.0,17.0
1250.0,192.2,1261.0,41.0,18.0
1250.0,192.25,1261.0,41.0,18.0
1250.0,192.3,1260.0,41.0,19.0
1250.0,192.35,1259.0,41.0,19.0
1250.0,192.4,1259.0,42.0,20.0
1250.0,192.45,1258.0,42.0,21.0
1250.0,192.5,1257.0,42.0,21.0
1250.0,192.55,1255.0,42.0,21.0
1250.0,192.6,1253.0,43.0,22.0
1250.0,192.65,1250.0,43.0,22.0
1250.0,192.7,1247.0,43.0,22.0
1250.0,192.75,1243.0,42.0,22.0
1250.0,192.8,1240.0,42.0,22.0
1250.0,192.85,1237.0,42.0,22.0
1250.0,192.9,1233.0,42.0,22.0
1250.0,192.95,1230.0,41.0,22.0
1250.0,193.0,1226.0,41.0,22.0
1250.0,193.05,1226.0,43.0,22.0
1250.0,193.1,1225.0,44.0,22.0
1250.0,193.15,1224.0,46.0,22.0
1250.0,193.2,1223.0,47.0,22.0
1250.0,193.25,1222.0,49.0,22.0
1250.0,193.3,1221.0,50.0,22.0
1250.0,193.35,1220.0,52.0,22.0
1250.0,193.4,1220.0,53.0,22.0
1250.0,193.45,1219.0,53.0,21.0
1250.0,193.5,1219.0,54.0,21.0
1250.0,193.55,1220.0,54.0,21.0
1250.0,193.6,1221.0,54.0,22.0
1250.0,193.65,1222.0,54.0,22.0
1250.0,193.7,1223.0,54.0,22.0
1250.0,193.75,1224.0,54.0,22.0
1250.0,193.8,1225.0,54.0,22.0
1250.0,193.85,1226.0,54.0,22.0
1250.0,193.9,1227.0,54.0,22.0
1250.0,193.95,1228.0,53.0,22.0
1250.0,194.0,1229.0,53.0,22.0
1250.0,194.05,1232.0,53.0,23.0
1250.0,194.1,1234.0,53.0,23.0
1250.0,194.15,1237.0,52.0,24.0
1250.0,194.2,1239.0,52.0,24.0
1250.0,194.25,1242.0,52.0,25.0
1250.0,194.3,1244.0,51.0,25.0
1250.0,194.35,1247.0,51.0,26.0
1250.0,194.4,1249.0,51.0,26.0
1250.0,194.45,1251.0,51.0,27.0
1250.0,194.5,1252.0,51.0,27.0
1250.0,194.55,1254.0,51.0,27.0
1250.0,194.6,1256.0,51.0,27.0
1250.0,194.65,1259.0,51.0,28.0
1250.0,194.7,1261.0,51.0,28.0
1250.0,194.75,1264.0,52.0,28.0
1250.0,194.8,1266.0,52.0,29.0
1250.0,194.85,1268.0,52.0,29.0
1250.0,194.9,1271.0,52.0,30.0
1250.0,194.95,1273.0,52.0,30.0
1250.0,195.0,1276.0,53.0,30.0
1250.0,195.05,1275.0,53.0,30.0
1250.0,195.1,1274.0,54.0,30.0
1250.0,195.15,1273.0,55.0,30.0
1250.0,195.2,1272.0,55.0,30.0
1250.0,195.25,1272.0,56.0,29.0
1250.0,195.3,1271.0,57.0,29.0
1250.0,195.35,1270.0,57.0,29.0
1250.0,195.4,1270.0,58.0,29.0
1250.0,195.45,1270.0,58.0,29.0
1250.0,195.5,1270.0,58.0,29.0
1250.0,195.55,1264.0,59.0,30.0
1250.0,195.6,1258.0,59.0,30.0
1250.0,195.65,1251.0,59.0,31.0
1250.0,195.7,1240.0,60.0,32.0
1250.0,195.75,1229.0,60.0,34.0
1250.0,195.8,1218.0,61.0,36.0
1250.0,195.85,1207.0,61.0,37.0
1250.0,195.9,1196.0,61.0,39.0
1250.0,195.95,1185.0,62.0,40.0
1250.0,196.0,1174.0,62.0,42.0
1250.0,196.05,1186.0,62.0,40.0
1250.0,196.1,1199.0,62.0,39.0
1250.0,196.15,1212.0,62.0,37.0
1250.0,196.2,1224.0,62.0,35.0
1250.0,196.25,1237.0,61.0,33.0
1250.0,196.3,1249.0,61.0,32.0
1250.0,196.35,1262.0,61.0,30.0
1250.0,196.4,1271.0,61.0,29.0
1250.0,196.45,1280.0,61.0,29.0
1250.0,196.5,1288.0,61.0,28.0
1250.0,196.55,1291.0,61.0,29.0
1250.0,196.6,1294.0,61.0,29.0
1250.0,196.65,1297.0,61.0,29.0
1250.0,196.7,1300.0,62.0,30.0
1250.0,196.75,1304.0,62.0,30.0
1250.0,196.8,1307.0,62.0,31.0
1250.0,196.85,1311.0,62.0,32.0
1250.0,196.9,1314.0,62.0,32.0
1250.0,196.95,1317.0,62.0,33.0
1250.0,197.0,1321.0,62.0,34.0
1250.0,197.05,1324.0,62.0,34.0
1250.0,197.1,1327.0,62.0,34.0
1250.0,197.15,1330.0,62.0,34.0
1250.0,197.2,1333.0,62.0,35.0
1250.0,197.25,1337.0,62.0,35.0
1250.0,197.3,1340.0,63.0,35.0
1250.0,197.35,1344.0,63.0,36.0
1250.0,197.4,1347.0,63.0,36.0
1250.0,197.45,1351.0,63.0,36.0
1250.0,197.5,1354.0,63.0,37.0
1250.0,197.55,1356.0,63.0,37.0
1250.0,197.6,1358.0,64.0,37.0
1250.0,197.65,1360.0,65.0,37.0
1250.0,197.7,1362.0,66.0,37.0
1250.0,197.75,1364.0,67.0,37.0
1250.0,197.8,1366.0,67.0,37.0
1250.0,197.85,1368.0,68.0,37.0
1250.0,197.9,1370.0,69.0,37.0
1250.0,197.95,1372.0,69.0,38.0
1250.0,198.0,1374.0,70.0,38.0
1250.0,198.05,1375.0,70.0,37.0
1250.0,198.1,1376.0,71.0,37.0
1250.0,198.15,1376.0,71.0,37.0
1250.0,198.2,1376.0,73.0,37.0
1250.0,198.25,1376.0,75.0,36.0
1250.0,198.3,1375.0,77.0,36.0
1250.0,198.35,1375.0,78.0,35.0
1250.0,198.4,1375.0,80.0,35.0
1250.0,198.45,1374.0,82.0,35.0
1250.0,198.5,1374.0,84.0,34.0
1250.0,198.55,1374.0,84.0,34.0
1250.0,198.6,1374.0,84.0,34.0
1250.0,198.65,1374.0,84.0,34.0
1250.0,198.7,1374.0,84.0,34.0
1250.0,198.75,1374.0,84.0,34.0
1250.0,198.8,1374.0,84.0,34.0
1250.0,198.85,1374.0,84.0,34.0
1250.0,198.9,1374.0,84.0,34.0
1250.0,198.95,1374.0,84.0,34.0
1250.0,199.0,1374.0,84.0,34.0
1250.0,199.05,1374.0,84.0,34.0
1250.0,199.1,1374.0,84.0,34.0
1250.0,199.15,1374.0,84.0,34.0
1250.0,199.2,1374.0,84.0,34.0
1250.0,199.25,1374.0,84.0,34.0
1250.0,199.3,1374.0,84.0,34.0
1250.0,199.35,1374.0,84.0,34.0
1250.0,199.4,1374.0,84.0,34.0
1250.0,199.45,1374.0,84.0,34.0
1250.0,199.5,1374.0,84.0,34.0
1250.0,199.55,1374.0,84.0,34.0
1250.0,199.6,1374.0,84.0,34.0
1250.0,199.65,1374.0,84.0,34.0
1250.0,199.7,1374.0,84.0,34.0
1250.0,199.75,1374.0,84.0,34.0
1250.0,199.8,1374.0,84.0,34.0
1250.0,199.85,1374.0,84.0,34.0
1250.0,199.9,1374.0,84.0,34.0
1250.0,199.95,1374.0,84.0,34.0
1250.0,200.0,1374.0,84.0,34.0
1250.0,200.05,1374.0,84.0,34.0
1250.0,200.1,1374.0,84.0,34.0
1250.0,200.15,1374.0,84.0,34.0
1250.0,200.2,1374.0,84.0,34.0
1250.0,200.25,1374.0,84.0,34.0
1250.0,200.3,1374.0,84.0,34.0
1250.0,200.35,1374.0,84.0,34.0
1250.0,200.4,1374.0,84.0,34.0
1250.0,200.45,1374.0,84.0,34.0
1250.0,200.5,1374.0,84.0,34.0
1260.0,189.5,1295.0,43.0,9.0
1260.0,189.55,1295.0,43.0,9.0
1260.0,189.6,1295.0,43.0,9.0
1260.0,189.65,1295.0,43.0,9.0
1260.0,189.7,1295.0,43.0,9.0
1260.0,189.75,1295.0,43.0,9.0
1260.0,189.8,1295.0,43.0,9.0
1260.0,189.85,1295.0,43.0,9.0
1260.0,189.9,1295.0,43.0,9.0
1260.0,189.95,1295.0,43.0,9.0
1260.0,190.0,1295.0,43.0,9.0
1260.0,190.05,1295.0,43.0,9.0
1260.0,190.1,1295.0,43.0,9.0
1260.0,190.15,1295.0,43.0,9.0
1260.0,190.2,1295.0,43.0,9.0
1260.0,190.25,1295.0,43.0,9.0
1260.0,190.3,1295.0,43.0,9.0
1260.0,190.35,1295.0,43.0,9.0
1260.0,190.4,1295.0,43.0,9.0
1260.0,190.45,1295.0,43.0,9.0
1260.0,190.5,1295.0,43.0,9.0
1260.0,190.55,1295.0,43.0,9.0
1260.0,190.6,1295.0,43.0,9.0
1260.0,190.65,1295.0,43.0,9.0
1260.0,190.7,1295.0,43.0,9.0
1260.0,190.75,1295.0,43.0,9.0
1260.0,190.8,1295.0,43.0,9.0
1260.0,190.85,1295.0,43.0,9.0
1260.0,190.9,1295.0,43.0,9.0
1260.0,190.95,1295.0,43.0,9.0
1260.0,191.0,1295.0,43.0,9.0
1260.0,191.05,1295.0,43.0,9.0
1260.0,191.1,1295.0,43.0,9.0
1260.0,191.15,1295.0,43.0,9.0
1260.0,191.2,1295.0,43.0,9.0
1260.0,191.25,1295.0,43.0,9.0
1260.0,191.3,1295.0,43.0,9.0
1260.0,191.35,1295.0,43.0,9.0
1260.0,191.4,1295.0,43.0,9.0
1260.0,191.45,1295.0,43.0,9.0
1260.0,191.5,1295.0,43.0,9.0
1260.0,191.55,1294.0,43.0,10.0
1260.0,191.6,1292.0,43.0,10.0
1260.0,191.65,1290.0,43.0,11.0
1260.0,191.7,1289.0,43.0,11.0
1260.0,191.75,1287.0,42.0,12.0
1260.0,191.8,1286.0,42.0,13.0
1260.0,191.85,1284.0,42.0,14.0
1260.0,191.9,1283.0,42.0,14.0
1260.0,191.95,1281.0,41.0,15.0
1260.0,192.0,1280.0,41.0,16.0
1260.0,192.05,1279.0,41.0,16.0
1260.0,192.1,1278.0,41.0,17.0
1260.0,192.15,1278.0,41.0,17.0
1260.0,192.2,1277.0,41.0,18.0
1260.0,192.25,1276.0,41.0,18.0
1260.0,192.3,1276.0,41.0,19.0
1260.0,192.35,1275.0,42.0,20.0
1260.0,192.4,1274.0,42.0,20.0
1260.0,192.45,1274.0,42.0,21.0
1260.0,192.5,1273.0,42.0,21.0
1260.0,192.55,1271.0,43.0,22.0
1260.0,192.6,1268.0,43.0,22.0
1260.0,192.65,1265.0,43.0,22.0
1260.0,192.7,1262.0,43.0,22.0
1260.0,192.75,1259.0,43.0,22.0
1260.0,192.8,1255.0,42.0,22.0
1260.0,192.85,1252.0,42.0,22.0
1260.0,192.9,1248.0,42.0,22.0
1260.0,192.95,1245.0,42.0,22.0
1260.0,193.0,1242.0,41.0,22.0
1260.0,193.05,1241.0,43.0,22.0
1260.0,193.1,1240.0,44.0,22.0
1260.0,193.15,1239.0,46.0,22.0
1260.0,193.2,1238.0,47.0,22.0
1260.0,193.25,1237.0,49.0,22.0
1260.0,193.3,1236.0,50.0,22.0
1260.0,193.35,1235.0,52.0,22.0
1260.0,193.4,1235.0,53.0,22.0
1260.0,193.45,1235.0,54.0,22.0
1260.0,193.5,1234.0,55.0,21.0
1260.0,193.55,1235.0,55.0,22.0
1260.0,193.6,1236.0,55.0,22.0
1260.0,193.65,1237.0,55.0,22.0
1260.0,193.7,1238.0,54.0,22.0
1260.0,193.75,1239.0,54.0,22.0
1260.0,193.8,1240.0,54.0,22.0
1260.0,193.85,1241.0,54.0,22.0
1260.0,193.9,1242.0,54.0,22.0
1260.0,193.95,1243.0,54.0,22.0
1260.0,194.0,1244.0,54.0,22.0
1260.0,194.05,1247.0,53.0,23.0
1260.0,194.1,1249.0,53.0,23.0
1260.0,194.15,1252.0,53.0,24.0
1260.0,194.2,1254.0,52.0,24.0
1260.0,194.25,1257.0,52.0,25.0
1260.0,194.3,1259.0,52.0,25.0
1260.0,194.35,1262.0,51.0,26.0
1260.0,194.4,1264.0,51.0,26.0
1260.0,194.45,1266.0,51.0,27.0
1260.0,194.5,1268.0,51.0,27.0
1260.0,194.55,1270.0,51.0,27.0
1260.0,194.6,1272.0,51.0,27.0
1260.0,194.65,1274.0,51.0,28.0
1260.0,194.7,1276.0,52.0,28.0
1260.0,194.75,1279.0,52.0,29.0
1260.0,194.8,1281.0,52.0,29.0
1260.0,194.85,1284.0,52.0,29.0
1260.0,194.9,1286.0,53.0,30.0
1260.0,194.95,1289.0,53.0,30.0
1260.0,195.0,1291.0,53.0,31.0
1260.0,195.05,1290.0,54.0,30.0
1260.0,195.1,1290.0,54.0,30.0
1260.0,195.15,1289.0,55.0,30.0
1260.0,195.2,1288.0,56.0,30.0
1260.0,195.25,1287.0,56.0,30.0
1260.0,195.3,1286.0,57.0,30.0
1260.0,195.35,1285.0,58.0,29.0
1260.0,195.4,1285.0,58.0,29.0
1260.0,195.45,1285.0,59.0,29.0
1260.0,195.5,1285.0,59.0,29.0
1260.0,195.55,1279.0,59.0,30.0
1260.0,195.6,1273.0,59.0,30.0
1260.0,195.65,1265.0,60.0,31.0
1260.0,195.7,1254.0,60.0,33.0
1260.0,195.75,1243.0,61.0,34.0
1260.0,195.8,1232.0,61.0,36.0
1260.0,195.85,1221.0,61.0,38.0
1260.0,195.9,1210.0,62.0,39.0
1260.0,195.95,1199.0,62.0,41.0
1260.0,196.0,1188.0,63.0,43.0
1260.0,196.05,1200.0,62.0,41.0
1260.0,196.1,1213.0,62.0,39.0
1260.0,196.15,1225.0,62.0,37.0
1260.0,196.2,1238.0,62.0,36.0
1260.0,196.25,1251.0,62.0,34.0
1260.0,196.3,1263.0,62.0,32.0
1260.0,196.35,1276.0,62.0,30.0
1260.0,196.4,1286.0,62.0,29.0
1260.0,196.45,1295.0,62.0,29.0
1260.0,196.5,1303.0,62.0,28.0
1260.0,196.55,1306.0,62.0,29.0
1260.0,196.6,1309.0,62.0,29.0
1260.0,196.65,1312.0,62.0,29.0
1260.0,196.7,1315.0,62.0,30.0
1260.0,196.75,1319.0,62.0,31.0
1260.0,196.8,1322.0,62.0,31.0
1260.0,196.85,1326.0,62.0,32.0
1260.0,196.9,1329.0,62.0,33.0
1260.0,196.95,1332.0,62.0,33.0
1260.0,197.0,1336.0,62.0,34.0
1260.0,197.05,1339.0,62.0,34.0
1260.0,197.1,1342.0,63.0,34.0
1260.0,197.15,1345.0,63.0,34.0
1260.0,197.2,1348.0,63.0,35.0
1260.0,197.25,1352.0,63.0,35.0
1260.0,197.3,1355.0,63.0,36.0
1260.0,197.35,1359.0,63.0,36.0
1260.0,197.4,1362.0,63.0,36.0
1260.0,197.45,1366.0,63.0,37.0
1260.0,197.5,1369.0,63.0,37.0
1260.0,197.55,1371.0,64.0,37.0
1260.0,197.6,1373.0,65.0,37.0
1260.0,197.65,1375.0,65.0,37.0
1260.0,197.7,1377.0,66.0,37.0
1260.0,197.75,1379.0,67.0,37.0
1260.0,197.8,1381.0,68.0,37.0
1260.0,197.85,1383.0,69.0,37.0
1260.0,197.9,1385.0,69.0,38.0
1260.0,197.95,1387.0,70.0,38.0
1260.0,198.0,1389.0,70.0,38.0
1260.0,198.05,1390.0,71.0,38.0
1260.0,198.1,1391.0,71.0,37.0
1260.0,198.15,1391.0,72.0,37.0
1260.0,198.2,1391.0,74.0,37.0
1260.0,198.25,1390.0,76.0,36.0
1260.0,198.3,1390.0,77.0,36.0
1260.0,198.35,1390.0,79.0,36.0
1260.0,198.4,1389.0,81.0,35.0
1260.0,198.45,1389.0,83.0,35.0
1260.0,198.5,1389.0,85.0,35.0
1260.0,198.55,1389.0,85.0,35.0
1260.0,198.6,1389.0,85.0,35.0
1260.0,198.65,1389.0,85.0,35.0
1260.0,198.7,1389.0,85.0,35.0
1260.0,198.75,1389.0,85.0,35.0
1260.0,198.8,1389.0,85.0,35.0
1260.0,198.85,1389.0,85.0,35.0
1260.0,198.9,1389.0,85.0,35.0
1260.0,198.95,1389.0,85.0,35.0
1260.0,199.0,1389.0,85.0,35.0
1260.0,199.05,1389.0,85.0,35.0
1260.0,199.1,1389.0,85.0,35.0
1260.0,199.15,1389.0,85.0,35.0
1260.0,199.2,1389.0,85.0,35.0
1260.0,199.25,1389.0,85.0,35.0
1260.0,199.3,1389.0,85.0,35.0
1260.0,199.35,1389.0,85.0,35.0
1260.0,199.4,1389.0,85.0,35.0
1260.0,199.45,1389.0,85.0,35.0
1260.0,199.5,1389.0,85.0,35.0
1260.0,199.55,1389.0,85.0,35.0
1260.0,199.6,1389.0,85.0,35.0
1260.0,199.65,1389.0,85.0,35.0
1260.0,199.7,1389.0,85.0,35.0
1260.0,199.75,1389.0,85.0,35.0
1260.0,199.8,1389.0,85.0,35.0
1260.0,199.85,1389.0,85.0,35.0
1260.0,199.9,1389.0,85.0,35.0
1260.0,199.95,1389.0,85.0,35.0
1260.0,200.0,1389.0,85.0,35.0
1260.0,200.05,1389.0,85.0,35.0
1260.0,200.1,1389.0,85.0,35.0
1260.0,200.15,1389.0,85.0,35.0
1260.0,200.2,1389.0,85.0,35.0
1260.0,200.25,1389.0,85.0,35.0
1260.0,200.3,1389.0,85.0,35.0
1260.0,200.35,1389.0,85.0,35.0
1260.0,200.4,1389.0,85.0,35.0
1260.0,200.45,1389.0,85.0,35.0
1260.0,200.5,1389.0,85.0,35.0
1270.0,189.5,1311.0,44.0,9.0
1270.0,189.55,1311.0,44.0,9.0
1270.0,189.6,1311.0,44.0,9.0
1270.0,189.65,1311.0,44.0,9.0
1270.0,189.7,1311.0,44.0,9.0
1270.0,189.75,1311.0,44.0,9.0
1270.0,189.8,1311.0,44.0,9.0
1270.0,189.85,1311.0,44.0,9.0
1270.0,189.9,1311.0,44.0,9.0
1270.0,189.95,1311.0,44.0,9.0
1270.0,190.0,1311.0,44.0,9.0
1270.0,190.05,1311.0,44.0,9.0
1270.0,190.1,1311.0,44.0,9.0
1270.0,190.15,1311.0,44.0,9.0
1270.0,190.2,1311.0,44.0,9.0
1270.0,190.25,1311.0,44.0,9.0
1270.0,190.3,1311.0,44.0,9.0
1270.0,190.35,1311.0,44.0,9.0
1270.0,190.4,1311.0,44.0,9.0
1270.0,190.45,1311.0,44.0,9.0
1270.0,190.5,1311.0,44.0,9.0
1270.0,190.55,1311.0,44.0,9.0
1270.0,190.6,1311.0,44.0,9.0
1270.0,190.65,1311.0,44.0,9.0
1270.0,190.7,1311.0,44.0,9.0
1270.0,190.75,1311.0,44.0,9.0
1270.0,190.8,1311.0,44.0,9.0
1270.0,190.85,1311.0,44.0,9.0
1270.0,190.9,1311.0,44.0,9.0
1270.0,190.95,1311.0,44.0,9.0
1270.0,191.0,1311.0,44.0,9.0
1270.0,191.05,1311.0,44.0,9.0
1270.0,191.1,1311.0,44.0,9.0
1270.0,191.15,1311.0,44.0,9.0
1270.0,191.2,1311.0,44.0,9.0
1270.0,191.25,1311.0,44.0,9.0
1270.0,191.3,1311.0,44.0,9.0
1270.0,191.35,1311.0,44.0,9.0
1270.0,191.4,1311.0,44.0,9.0
1270.0,191.45,1311.0,44.0,9.0
1270.0,191.5,1311.0,44.0,9.0
1270.0,191.55,1309.0,43.0,10.0
1270.0,191.6,1307.0,43.0,10.0
1270.0,191.65,1306.0,43.0,11.0
1270.0,191.7,1304.0,43.0,12.0
1270.0,191.75,1303.0,43.0,12.0
1270.0,191.8,1301.0,42.0,13.0
1270.0,191.85,1300.0,42.0,14.0
1270.0,191.9,1298.0,42.0,15.0
1270.0,191.95,1297.0,42.0,15.0
1270.0,192.0,1295.0,41.0,16.0
1270.0,192.05,1295.0,41.0,16.0
1270.0,192.1,1294.0,41.0,17.0
1270.0,192.15,1293.0,41.0,17.0
1270.0,192.2,1293.0,41.0,18.0
1270.0,192.25,1292.0,42.0,19.0
1270.0,192.3,1291.0,42.0,19.0
1270.0,192.35,1291.0,42.0,20.0
1270.0,192.4,1290.0,42.0,20.0
1270.0,192.45,1289.0,43.0,21.0
1270.0,192.5,1288.0,43.0,22.0
1270.0,192.55,1286.0,43.0,22.0
1270.0,192.6,1284.0,43.0,22.0
1270.0,192.65,1281.0,43.0,22.0
1270.0,192.7,1277.0,43.0,22.0
1270.0,192.75,1274.0,43.0,22.0
1270.0,192.8,1271.0,42.0,22.0
1270.0,192.85,1267.0,42.0,22.0
1270.0,192.9,1264.0,42.0,22.0
1270.0,192.95,1260.0,42.0,22.0
1270.0,193.0,1257.0,41.0,22.0
1270.0,193.05,1256.0,43.0,22.0
1270.0,193.1,1255.0,45.0,22.0
1270.0,193.15,1254.0,46.0,22.0
1270.0,193.2,1253.0,48.0,22.0
1270.0,193.25,1252.0,49.0,22.0
1270.0,193.3,1252.0,51.0,22.0
1270.0,193.35,1251.0,52.0,22.0
1270.0,193.4,1250.0,53.0,22.0
1270.0,193.45,1250.0,54.0,22.0
1270.0,193.5,1249.0,55.0,22.0
1270.0,193.55,1250.0,55.0,22.0
1270.0,193.6,1251.0,55.0,22.0
1270.0,193.65,1252.0,55.0,22.0
1270.0,193.7,1253.0,55.0,22.0
1270.0,193.75,1254.0,55.0,22.0
1270.0,193.8,1255.0,55.0,22.0
1270.0,193.85,1256.0,54.0,22.0
1270.0,193.9,1257.0,54.0,22.0
1270.0,193.95,1258.0,54.0,22.0
1270.0,194.0,1259.0,54.0,22.0
1270.0,194.05,1262.0,54.0,23.0
1270.0,194.1,1264.0,53.0,23.0
1270.0,194.15,1267.0,53.0,24.0
1270.0,194.2,1269.0,53.0,24.0
1270.0,194.25,1272.0,52.0,25.0
1270.0,194.3,1274.0,52.0,26.0
1270.0,194.35,1277.0,52.0,26.0
1270.0,194.4,1279.0,51.0,27.0
1270.0,194.45,1281.0,51.0,27.0
1270.0,194.5,1283.0,51.0,27.0
1270.0,194.55,1285.0,51.0,27.0
1270.0,194.6,1287.0,52.0,28.0
1270.0,194.65,1289.0,52.0,28.0
1270.0,194.7,1292.0,52.0,28.0
1270.0,194.75,1294.0,52.0,29.0
1270.0,194.8,1297.0,52.0,29.0
1270.0,194.85,1299.0,53.0,30.0
1270.0,194.9,1302.0,53.0,30.0
1270.0,194.95,1304.0,53.0,30.0
1270.0,195.0,1307.0,53.0,31.0
1270.0,195.05,1306.0,54.0,31.0
1270.0,195.1,1305.0,55.0,31.0
1270.0,195.15,1304.0,55.0,30.0
1270.0,195.2,1303.0,56.0,30.0
1270.0,195.25,1302.0,57.0,30.0
1270.0,195.3,1301.0,57.0,30.0
1270.0,195.35,1301.0,58.0,30.0
1270.0,195.4,1300.0,59.0,29.0
1270.0,195.45,1300.0,59.0,30.0
1270.0,195.5,1300.0,59.0,30.0
1270.0,195.55,1294.0,60.0,30.0
1270.0,195.6,1288.0,60.0,30.0
1270.0,195.65,1278.0,60.0,32.0
1270.0,195.7,1267.0,61.0,33.0
1270.0,195.75,1256.0,61.0,35.0
1270.0,195.8,1245.0,61.0,37.0
1270.0,195.85,1234.0,62.0,38.0
1270.0,195.9,1223.0,62.0,40.0
1270.0,195.95,1212.0,63.0,41.0
1270.0,196.0,1201.0,63.0,43.0
1270.0,196.05,1214.0,63.0,41.0
1270.0,196.1,1226.0,63.0,40.0
1270.0,196.15,1239.0,63.0,38.0
1270.0,196.2,1252.0,62.0,36.0
1270.0,196.25,1264.0,62.0,34.0
1270.0,196.3,1277.0,62.0,33.0
1270.0,196.35,1289.0,62.0,31.0
1270.0,196.4,1301.0,62.0,29.0
1270.0,196.45,1310.0,62.0,29.0
1270.0,196.5,1318.0,62.0,29.0
1270.0,196.55,1321.0,62.0,29.0
1270.0,196.6,1324.0,62.0,29.0
1270.0,196.65,1327.0,62.0,30.0
1270.0,196.7,1330.0,62.0,30.0
1270.0,196.75,1334.0,62.0,31.0
1270.0,196.8,1337.0,62.0,32.0
1270.0,196.85,1341.0,63.0,32.0
1270.0,196.9,1344.0,63.0,33.0
1270.0,196.95,1347.0,63.0,33.0
1270.0,197.0,1351.0,63.0,34.0
1270.0,197.05,1354.0,63.0,34.0
1270.0,197.1,1357.0,63.0,34.0
1270.0,197.15,1360.0,63.0,35.0
1270.0,197.2,1364.0,63.0,35.0
1270.0,197.25,1367.0,63.0,35.0
1270.0,197.3,1371.0,63.0,36.0
1270.0,197.35,1374.0,63.0,36.0
1270.0,197.4,1378.0,63.0,36.0
1270.0,197.45,1381.0,63.0,37.0
1270.0,197.5,1385.0,63.0,37.0
1270.0,197.55,1387.0,64.0,37.0
1270.0,197.6,1388.0,65.0,37.0
1270.0,197.65,1390.0,66.0,37.0
1270.0,197.7,1392.0,67.0,37.0
1270.0,197.75,1394.0,67.0,38.0
1270.0,197.8,1396.0,68.0,38.0
1270.0,197.85,1398.0,69.0,38.0
1270.0,197.9,1400.0,70.0,38.0
1270.0,197.95,1402.0,70.0,38.0
1270.0,198.0,1404.0,71.0,38.0
1270.0,198.05,1405.0,71.0,38.0
1270.0,198.1,1406.0,72.0,38.0
1270.0,198.15,1406.0,73.0,37.0
1270.0,198.2,1405.0,75.0,37.0
1270.0,198.25,1405.0,77.0,37.0
1270.0,198.3,1405.0,78.0,36.0
1270.0,198.35,1404.0,80.0,36.0
1270.0,198.4,1404.0,82.0,36.0
1270.0,198.45,1404.0,84.0,35.0
1270.0,198.5,1404.0,86.0,35.0
1270.0,198.55,1404.0,86.0,35.0
1270.0,198.6,1404.0,86.0,35.0
1270.0,198.65,1404.0,86.0,35.0
1270.0,198.7,1404.0,86.0,35.0
1270.0,198.75,1404.0,86.0,35.0
1270.0,198.8,1404.0,86.0,35.0
1270.0,198.85,1404.0,86.0,35.0
1270.0,198.9,1404.0,86.0,35.0
1270.0,198.95,1404.0,86.0,35.0
1270.0,199.0,1404.0,86.0,35.0
1270.0,199.05,1404.0,86.0,35.0
1270.0,199.1,1404.0,86.0,35.0
1270.0,199.15,1404.0,86.0,35.0
1270.0,199.2,1404.0,86.0,35.0
1270.0,199.25,1404.0,86.0,35.0
1270.0,199.3,1404.0,86.0,35.0
1270.0,199.35,1404.0,86.0,35.0
1270.0,199.4,1404.0,86.0,35.0
1270.0,199.45,1404.0,86.0,35.0
1270.0,199.5,1404.0,86.0,35.0
1270.0,199.55,1404.0,86.0,35.0
1270.0,199.6,1404.0,86.0,35.0
1270.0,199.65,1404.0,86.0,35.0
1270.0,199.7,1404.0,86.0,35.0
1270.0,199.75,1404.0,86.0,35.0
1270.0,199.8,1404.0,86.0,35.0
1270.0,199.85,1404.0,86.0,35.0
1270.0,199.9,1404.0,86.0,35.0
1270.0,199.95,1404.0,86.0,35.0
1270.0,200.0,1404.0,86.0,35.0
1270.0,200.05,1404.0,86.0,35.0
1270.0,200.1,1404.0,86.0,35.0
1270.0,200.15,1404.0,86.0,35.0
1270.0,200.2,1404.0,86.0,35.0
1270.0,200.25,1404.0,86.0,35.0
1270.0,200.3,1404.0,86.0,35.0
1270.0,200.35,1404.0,86.0,35.0
1270.0,200.4,1404.0,86.0,35.0
1270.0,200.45,1404.0,86.0,35.0
1270.0,200.5,1404.0,86.0,35.0
1280.0,189.5,1326.0,44.0,9.0
1280.0,189.55,1326.0,44.0,9.0
1280.0,189.6,1326.0,44.0,9.0
1280.0,189.65,1326.0,44.0,9.0
1280.0,189.7,1326.0,44.0,9.0
1280.0,189.75,1326.0,44.0,9.0
1280.0,189.8,1326.0,44.0,9.0
1280.0,189.85,1326.0,44.0,9.0
1280.0,189.9,1326.0,44.0,9.0
1280.0,189.95,1326.0,44.0,9.0
1280.0,190.0,1326.0,44.0,9.0
1280.0,190.05,1326.0,44.0,9.0
1280.0,190.1,1326.0,44.0,9.0
1280.0,190.15,1326.0,44.0,9.0
1280.0,190.2,1326.0,44.0,9.0
1280.0,190.25,1326.0,44.0,9.0
1280.0,190.3,1326.0,44.0,9.0
1280.0,190.35,1326.0,44.0,9.0
1280.0,190.4,1326.0,44.0,9.0
1280.0,190.45,1326.0,44.0,9.0
1280.0,190.5,1326.0,44.0,9.0
1280.0,190.55,1326.0,44.0,9.0
1280.0,190.6,1326.0,44.0,9.0
1280.0,190.65,1326.0,44.0,9.0
1280.0,190.7,1326.0,44.0,9.0
1280.0,190.75,1326.0,44.0,9.0
1280.0,190.8,1326.0,44.0,9.0
1280.0,190.85,1326.0,44.0,9.0
1280.0,190.9,1326.0,44.0,9.0
1280.0,190.95,1326.0,44.0,9.0
1280.0,191.0,1326.0,44.0,9.0
1280.0,191.05,1326.0,44.0,9.0
1280.0,191.1,1326.0,44.0,9.0
1280.0,191.15,1326.0,44.0,9.0
1280.0,191.2,1326.0,44.0,9.0
1280.0,191.25,1326.0,44.0,9.0
1280.0,191.3,1326.0,44.0,9.0
1280.0,191.35,1326.0,44.0,9.0
1280.0,191.4,1326.0,44.0,9.0
1280.0,191.45,1326.0,44.0,9.0
1280.0,191.5,1326.0,44.0,9.0
1280.0,191.55,1325.0,44.0,10.0
1280.0,191.6,1323.0,44.0,10.0
1280.0,191.65,1321.0,43.0,11.0
1280.0,191.7,1320.0,43.0,12.0
1280.0,191.75,1318.0,43.0,12.0
1280.0,191.8,1317.0,43.0,13.0
1280.0,191.85,1316.0,42.0,14.0
1280.0,191.9,1314.0,42.0,15.0
1280.0,191.95,1313.0,42.0,15.0
1280.0,192.0,1311.0,42.0,16.0
1280.0,192.05,1310.0,41.0,17.0
1280.0,192.1,1310.0,41.0,17.0
1280.0,192.15,1309.0,42.0,18.0
1280.0,192.2,1308.0,42.0,18.0
1280.0,192.25,1308.0,42.0,19.0
1280.0,192.3,1307.0,42.0,19.0
1280.0,192.35,1306.0,42.0,20.0
1280.0,192.4,1305.0,43.0,21.0
1280.0,192.45,1305.0,43.0,21.0
1280.0,192.5,1304.0,43.0,22.0
1280.0,192.55,1302.0,43.0,22.0
1280.0,192.6,1299.0,44.0,22.0
1280.0,192.65,1296.0,43.0,22.0
1280.0,192.7,1293.0,43.0,22.0
1280.0,192.75,1289.0,43.0,22.0
1280.0,192.8,1286.0,43.0,22.0
1280.0,192.85,1282.0,42.0,22.0
1280.0,192.9,1279.0,42.0,22.0
1280.0,192.95,1276.0,42.0,22.0
1280.0,193.0,1272.0,42.0,23.0
1280.0,193.05,1271.0,43.0,22.0
1280.0,193.1,1270.0,45.0,22.0
1280.0,193.15,1270.0,46.0,22.0
1280.0,193.2,1269.0,48.0,22.0
1280.0,193.25,1268.0,49.0,22.0
1280.0,193.3,1267.0,51.0,22.0
1280.0,193.35,1266.0,52.0,22.0
1280.0,193.4,1265.0,54.0,22.0
1280.0,193.45,1265.0,55.0,22.0
1280.0,193.5,1264.0,55.0,22.0
1280.0,193.55,1265.0,55.0,22.0
1280.0,193.6,1266.0,56.0,22.0
1280.0,193.65,1267.0,55.0,22.0
1280.0,193.7,1268.0,55.0,22.0
1280.0,193.75,1269.0,55.0,22.0
1280.0,193.8,1270.0,55.0,22.0
1280.0,193.85,1271.0,55.0,22.0
1280.0,193.9,1272.0,55.0,22.0
1280.0,193.95,1273.0,55.0,22.0
1280.0,194.0,1274.0,54.0,22.0
1280.0,194.05,1277.0,54.0,23.0
1280.0,194.1,1279.0,54.0,23.0
1280.0,194.15,1282.0,53.0,24.0
1280.0,194.2,1284.0,53.0,25.0
1280.0,194.25,1287.0,53.0,25.0
1280.0,194.3,1289.0,52.0,26.0
1280.0,194.35,1292.0,52.0,26.0
1280.0,194.4,1294.0,52.0,27.0
1280.0,194.45,1296.0,52.0,27.0
1280.0,194.5,1298.0,52.0,27.0
1280.0,194.55,1300.0,52.0,28.0
1280.0,194.6,1302.0,52.0,28.0
1280.0,194.65,1305.0,52.0,28.0
1280.0,194.7,1307.0,52.0,29.0
1280.0,194.75,1310.0,53.0,29.0
1280.0,194.8,1312.0,53.0,30.0
1280.0,194.85,1315.0,53.0,30.0
1280.0,194.9,1317.0,53.0,30.0
1280.0,194.95,1320.0,53.0,31.0
1280.0,195.0,1322.0,54.0,31.0
1280.0,195.05,1321.0,54.0,31.0
1280.0,195.1,1320.0,55.0,31.0
1280.0,195.15,1320.0,56.0,31.0
1280.0,195.2,1319.0,56.0,30.0
1280.0,195.25,1318.0,57.0,30.0
1280.0,195.3,1317.0,58.0,30.0
1280.0,195.35,1316.0,58.0,30.0
1280.0,195.4,1315.0,59.0,30.0
1280.0,195.45,1315.0,59.0,30.0
1280.0,195.5,1315.0,60.0,30.0
1280.0,195.55,1309.0,60.0,30.0
1280.0,195.6,1303.0,60.0,31.0
1280.0,195.65,1292.0,61.0,32.0
1280.0,195.7,1281.0,61.0,34.0
1280.0,195.75,1270.0,61.0,36.0
1280.0,195.8,1259.0,62.0,37.0
1280.0,195.85,1248.0,62.0,39.0
1280.0,195.9,1237.0,63.0,40.0
1280.0,195.95,1226.0,63.0,42.0
1280.0,196.0,1215.0,63.0,44.0
1280.0,196.05,1228.0,63.0,42.0
1280.0,196.1,1240.0,63.0,40.0
1280.0,196.15,1253.0,63.0,38.0
1280.0,196.2,1265.0,63.0,37.0
1280.0,196.25,1278.0,63.0,35.0
1280.0,196.3,1291.0,63.0,33.0
1280.0,196.35,1303.0,63.0,31.0
1280.0,196.4,1316.0,62.0,30.0
1280.0,196.45,1324.0,62.0,29.0
1280.0,196.5,1333.0,62.0,29.0
1280.0,196.55,1336.0,62.0,29.0
1280.0,196.6,1339.0,63.0,29.0
1280.0,196.65,1342.0,63.0,30.0
1280.0,196.7,1345.0,63.0,31.0
1280.0,196.75,1349.0,63.0,31.0
1280.0,196.8,1352.0,63.0,32.0
1280.0,196.85,1356.0,63.0,32.0
1280.0,196.9,1359.0,63.0,33.0
1280.0,196.95,1362.0,63.0,34.0
1280.0,197.0,1366.0,63.0,34.0
1280.0,197.05,1369.0,63.0,34.0
1280.0,197.1,1372.0,63.0,35.0
1280.0,197.15,1375.0,63.0,35.0
1280.0,197.2,1379.0,64.0,35.0
1280.0,197.25,1382.0,64.0,36.0
1280.0,197.3,1386.0,64.0,36.0
1280.0,197.35,1389.0,64.0,36.0
1280.0,197.4,1393.0,64.0,37.0
1280.0,197.45,1396.0,64.0,37.0
1280.0,197.5,1400.0,64.0,37.0
1280.0,197.55,1402.0,64.0,37.0
1280.0,197.6,1404.0,65.0,38.0
1280.0,197.65,1406.0,66.0,38.0
1280.0,197.7,1407.0,67.0,38.0
1280.0,197.75,1409.0,68.0,38.0
1280.0,197.8,1411.0,69.0,38.0
1280.0,197.85,1413.0,69.0,38.0
1280.0,197.9,1415.0,70.0,38.0
1280.0,197.95,1417.0,71.0,38.0
1280.0,198.0,1419.0,71.0,38.0
1280.0,198.05,1420.0,72.0,38.0
1280.0,198.1,1421.0,72.0,38.0
1280.0,198.15,1420.0,74.0,38.0
1280.0,198.2,1420.0,76.0,37.0
1280.0,198.25,1420.0,77.0,37.0
1280.0,198.3,1420.0,79.0,36.0
1280.0,198.35,1419.0,81.0,36.0
1280.0,198.4,1419.0,83.0,36.0
1280.0,198.45,1419.0,85.0,35.0
1280.0,198.5,1418.0,86.0,35.0
1280.0,198.55,1418.0,86.0,35.0
1280.0,198.6,1418.0,86.0,35.0
1280.0,198.65,1418.0,86.0,35.0
1280.0,198.7,1418.0,86.0,35.0
1280.0,198.75,1418.0,86.0,35.0
1280.0,198.8,1418.0,86.0,35.0
1280.0,198.85,1418.0,86.0,35.0
1280.0,198.9,1418.0,86.0,35.0
1280.0,198.95,1418.0,86.0,35.0
1280.0,199.0,1418.0,86.0,35.0
1280.0,199.05,1418.0,86.0,35.0
1280.0,199.1,1418.0,86.0,35.0
1280.0,199.15,1418.0,86.0,35.0
1280.0,199.2,1418.0,86.0,35.0
1280.0,199.25,1418.0,86.0,35.0
1280.0,199.3,1418.0,86.0,35.0
1280.0,199.35,1418.0,86.0,35.0
1280.0,199.4,1418.0,86.0,35.0
1280.0,199.45,1418.0,86.0,35.0
1280.0,199.5,1418.0,86.0,35.0
1280.0,199.55,1418.0,86.0,35.0
1280.0,199.6,1418.0,86.0,35.0
1280.0,199.65,1418.0,86.0,35.0
1280.0,199.7,1418.0,86.0,35.0
1280.0,199.75,1418.0,86.0,35.0
1280.0,199.8,1418.0,86.0,35.0
1280.0,199.85,1418.0,86.0,35.0
1280.0,199.9,1418.0,86.0,35.0
1280.0,199.95,1418.0,86.0,35.0
1280.0,200.0,1418.0,86.0,35.0
1280.0,200.05,1418.0,86.0,35.0
1280.0,200.1,1418.0,86.0,35.0
1280.0,200.15,1418.0,86.0,35.0
1280.0,200.2,1418.0,86.0,35.0
1280.0,200.25,1418.0,86.0,35.0
1280.0,200.3,1418.0,86.0,35.0
1280.0,200.35,1418.0,86.0,35.0
1280.0,200.4,1418.0,86.0,35.0
1280.0,200.45,1418.0,86.0,35.0
1280.0,200.5,1418.0,86.0,35.0
1290.0,189.5,1342.0,44.0,9.0
1290.0,189.55,1342.0,44.0,9.0
1290.0,189.6,1342.0,44.0,9.0
1290.0,189.65,1342.0,44.0,9.0
1290.0,189.7,1342.0,44.0,9.0
1290.0,189.75,1342.0,44.0,9.0
1290.0,189.8,1342.0,44.0,9.0
1290.0,189.85,1342.0,44.0,9.0
1290.0,189.9,1342.0,44.0,9.0
1290.0,189.95,1342.0,44.0,9.0
1290.0,190.0,1342.0,44.0,9.0
1290.0,190.05,1342.0,44.0,9.0
1290.0,190.1,1342.0,44.0,9.0
1290.0,190.15,1342.0,44.0,9.0
1290.0,190.2,1342.0,44.0,9.0
1290.0,190.25,1342.0,44.0,9.0
1290.0,190.3,1342.0,44.0,9.0
1290.0,190.35,1342.0,44.0,9.0
1290.0,190.4,1342.0,44.0,9.0
1290.0,190.45,1342.0,44.0,9.0
1290.0,190.5,1342.0,44.0,9.0
1290.0,190.55,1342.0,44.0,9.0
1290.0,190.6,1342.0,44.0,9.0
1290.0,190.65,1342.0,44.0,9.0
1290.0,190.7,1342.0,44.0,9.0
1290.0,190.75,1342.0,44.0,9.0
1290.0,190.8,1342.0,44.0,9.0
1290.0,190.85,1342.0,44.0,9.0
1290.0,190.9,1342.0,44.0,9.0
1290.0,190.95,1342.0,44.0,9.0
1290.0,191.0,1342.0,44.0,9.0
1290.0,191.05,1342.0,44.0,9.0
1290.0,191.1,1342.0,44.0,9.0
1290.0,191.15,1342.0,44.0,9.0
1290.0,191.2,1342.0,44.0,9.0
1290.0,191.25,1342.0,44.0,9.0
1290.0,191.3,1342.0,44.0,9.0
1290.0,191.35,1342.0,44.0,9.0
1290.0,191.4,1342.0,44.0,9.0
1290.0,191.45,1342.0,44.0,9.0
1290.0,191.5,1342.0,44.0,9.0
1290.0,191.55,1340.0,44.0,10.0
1290.0,191.6,1339.0,44.0,10.0
1290.0,191.65,1337.0,44.0,11.0
1290.0,191.7,1336.0,43.0,12.0
1290.0,191.75,1334.0,43.0,13.0
1290.0,191.8,1333.0,43.0,13.0
1290.0,191.85,1331.0,43.0,14.0
1290.0,191.9,1330.0,42.0,15.0
1290.0,191.95,1328.0,42.0,16.0
1290.0,192.0,1327.0,42.0,16.0
1290.0,192.05,1326.0,42.0,17.0
1290.0,192.1,1325.0,42.0,17.0
1290.0,192.15,1324.0,42.0,18.0
1290.0,192.2,1324.0,42.0,18.0
1290.0,192.25,1323.0,42.0,19.0
1290.0,192.3,1322.0,43.0,20.0
1290.0,192.35,1322.0,43.0,20.0
1290.0,192.4,1321.0,43.0,21.0
1290.0,192.45,1320.0,43.0,21.0
1290.0,192.5,1320.0,44.0,22.0
1290.0,192.55,1317.0,44.0,22.0
1290.0,192.6,1315.0,44.0,22.0
1290.0,192.65,1311.0,44.0,22.0
1290.0,192.7,1308.0,43.0,22.0
1290.0,192.75,1304.0,43.0,22.0
1290.0,192.8,1301.0,43.0,23.0
1290.0,192.85,1298.0,43.0,23.0
1290.0,192.9,1294.0,42.0,23.0
1290.0,192.95,1291.0,42.0,23.0
1290.0,193.0,1287.0,42.0,23.0
1290.0,193.05,1287.0,43.0,23.0
1290.0,193.1,1286.0,45.0,23.0
1290.0,193.15,1285.0,46.0,23.0
1290.0,193.2,1284.0,48.0,22.0
1290.0,193.25,1283.0,49.0,22.0
1290.0,193.3,1282.0,51.0,22.0
1290.0,193.35,1281.0,53.0,22.0
1290.0,193.4,1280.0,54.0,22.0
1290.0,193.45,1280.0,55.0,22.0
1290.0,193.5,1279.0,56.0,22.0
1290.0,193.55,1280.0,56.0,22.0
1290.0,193.6,1281.0,56.0,22.0
1290.0,193.65,1282.0,56.0,22.0
1290.0,193.7,1283.0,56.0,22.0
1290.0,193.75,1284.0,55.0,22.0
1290.0,193.8,1285.0,55.0,22.0
1290.0,193.85,1286.0,55.0,22.0
1290.0,193.9,1287.0,55.0,22.0
1290.0,193.95,1288.0,55.0,22.0
1290.0,194.0,1289.0,55.0,22.0
1290.0,194.05,1292.0,54.0,23.0
1290.0,194.1,1294.0,54.0,24.0
1290.0,194.15,1297.0,54.0,24.0
1290.0,194.2,1299.0,53.0,25.0
1290.0,194.25,1302.0,53.0,25.0
1290.0,194.3,1304.0,53.0,26.0
1290.0,194.35,1307.0,52.0,26.0
1290.0,194.4,1309.0,52.0,27.0
1290.0,194.45,1312.0,52.0,27.0
1290.0,194.5,1313.0,52.0,28.0
1290.0,194.55,1315.0,52.0,28.0
1290.0,194.6,1318.0,52.0,28.0
1290.0,194.65,1320.0,52.0,29.0
1290.0,194.7,1323.0,53.0,29.0
1290.0,194.75,1325.0,53.0,29.0
1290.0,194.8,1328.0,53.0,30.0
1290.0,194.85,1330.0,53.0,30.0
1290.0,194.9,1333.0,53.0,31.0
1290.0,194.95,1335.0,54.0,31.0
1290.0,195.0,1338.0,54.0,31.0
1290.0,195.05,1337.0,55.0,31.0
1290.0,195.1,1336.0,55.0,31.0
1290.0,195.15,1335.0,56.0,31.0
1290.0,195.2,1334.0,57.0,31.0
1290.0,195.25,1333.0,57.0,30.0
1290.0,195.3,1332.0,58.0,30.0
1290.0,195.35,1331.0,59.0,30.0
1290.0,195.4,1330.0,59.0,30.0
1290.0,195.45,1330.0,60.0,30.0
1290.0,195.5,1330.0,60.0,30.0
1290.0,195.55,1324.0,60.0,30.0
1290.0,195.6,1317.0,61.0,31.0
1290.0,195.65,1306.0,61.0,33.0
1290.0,195.7,1295.0,62.0,34.0
1290.0,195.75,1284.0,62.0,36.0
1290.0,195.8,1273.0,62.0,38.0
1290.0,195.85,1262.0,63.0,39.0
1290.0,195.9,1251.0,63.0,41.0
1290.0,195.95,1240.0,63.0,43.0
1290.0,196.0,1229.0,64.0,44.0
1290.0,196.05,1241.0,64.0,42.0
1290.0,196.1,1254.0,64.0,41.0
1290.0,196.15,1267.0,63.0,39.0
1290.0,196.2,1279.0,63.0,37.0
1290.0,196.25,1292.0,63.0,35.0
1290.0,196.3,1304.0,63.0,34.0
1290.0,196.35,1317.0,63.0,32.0
1290.0,196.4,1330.0,63.0,30.0
1290.0,196.45,1339.0,63.0,29.0
1290.0,196.5,1348.0,63.0,29.0
1290.0,196.55,1351.0,63.0,29.0
1290.0,196.6,1354.0,63.0,29.0
1290.0,196.65,1357.0,63.0,30.0
1290.0,196.7,1360.0,63.0,31.0
1290.0,196.75,1364.0,63.0,31.0
1290.0,196.8,1367.0,63.0,32.0
1290.0,196.85,1371.0,63.0,33.0
1290.0,196.9,1374.0,63.0,33.0
1290.0,196.95,1377.0,63.0,34.0
1290.0,197.0,1381.0,63.0,34.0
1290.0,197.05,1384.0,64.0,35.0
1290.0,197.1,1387.0,64.0,35.0
1290.0,197.15,1390.0,64.0,35.0
1290.0,197.2,1394.0,64.0,36.0
1290.0,197.25,1397.0,64.0,36.0
1290.0,197.3,1401.0,64.0,36.0
1290.0,197.35,1404.0,64.0,37.0
1290.0,197.4,1408.0,64.0,37.0
1290.0,197.45,1411.0,64.0,37.0
1290.0,197.5,1415.0,64.0,38.0
1290.0,197.55,1417.0,65.0,38.0
1290.0,197.6,1419.0,66.0,38.0
1290.0,197.65,1421.0,66.0,38.0
1290.0,197.7,1423.0,67.0,38.0
1290.0,197.75,1424.0,68.0,38.0
1290.0,197.8,1426.0,69.0,38.0
1290.0,197.85,1428.0,70.0,38.0
1290.0,197.9,1430.0,70.0,38.0
1290.0,197.95,1432.0,71.0,38.0
1290.0,198.0,1434.0,71.0,39.0
1290.0,198.05,1435.0,72.0,38.0
1290.0,198.1,1436.0,73.0,38.0
1290.0,198.15,1435.0,75.0,38.0
1290.0,198.2,1435.0,76.0,37.0
1290.0,198.25,1435.0,78.0,37.0
1290.0,198.3,1434.0,80.0,37.0
1290.0,198.35,1434.0,82.0,36.0
1290.0,198.4,1434.0,84.0,36.0
1290.0,198.45,1434.0,85.0,36.0
1290.0,198.5,1433.0,87.0,35.0
1290.0,198.55,1433.0,87.0,35.0
1290.0,198.6,1433.0,87.0,35.0
1290.0,198.65,1433.0,87.0,35.0
1290.0,198.7,1433.0,87.0,35.0
1290.0,198.75,1433.0,87.0,35.0
1290.0,198.8,1433.0,87.0,35.0
1290.0,198.85,1433.0,87.0,35.0
1290.0,198.9,1433.0,87.0,35.0
1290.0,198.95,1433.0,87.0,35.0
1290.0,199.0,1433.0,87.0,35.0
1290.0,199.05,1433.0,87.0,35.0
1290.0,199.1,1433.0,87.0,35.0
1290.0,199.15,1433.0,87.0,35.0
1290.0,199.2,1433.0,87.0,35.0
1290.0,199.25,1433.0,87.0,35.0
1290.0,199.3,1433.0,87.0,35.0
1290.0,199.35,1433.0,87.0,35.0
1290.0,199.4,1433.0,87.0,35.0
1290.0,199.45,1433.0,87.0,35.0
1290.0,199.5,1433.0,87.0,35.0
1290.0,199.55,1433.0,87.0,35.0
1290.0,199.6,1433.0,87.0,35.0
1290.0,199.65,1433.0,87.0,35.0
1290.0,199.7,1433.0,87.0,35.0
1290.0,199.75,1433.0,87.0,35.0
1290.0,199.8,1433.0,87.0,35.0
1290.0,199.85,1433.0,87.0,35.0
1290.0,199.9,1433.0,87.0,35.0
1290.0,199.95,1433.0,87.0,35.0
1290.0,200.0,1433.0,87.0,35.0
1290.0,200.05,1433.0,87.0,35.0
1290.0,200.1,1433.0,87.0,35.0
1290.0,200.15,1433.0,87.0,35.0
1290.0,200.2,1433.0,87.0,35.0
1290.0,200.25,1433.0,87.0,35.0
1290.0,200.3,1433.0,87.0,35.0
1290.0,200.35,1433.0,87.0,35.0
1290.0,200.4,1433.0,87.0,35.0
1290.0,200.45,1433.0,87.0,35.0
1290.0,200.5,1433.0,87.0,35.0
1300.0,189.5,1357.0,44.0,9.0
1300.0,189.55,1357.0,44.0,9.0
1300.0,189.6,1357.0,44.0,9.0
1300.0,189.65,1357.0,44.0,9.0
1300.0,189.7,1357.0,44.0,9.0
1300.0,189.75,1357.0,44.0,9.0
1300.0,189.8,1357.0,44.0,9.0
1300.0,189.85,1357.0,44.0,9.0
1300.0,189.9,1357.0,44.0,9.0
1300.0,189.95,1357.0,44.0,9.0
1300.0,190.0,1357.0,44.0,9.0
1300.0,190.05,1357.0,44.0,9.0
1300.0,190.1,1357.0,44.0,9.0
1300.0,190.15,1357.0,44.0,9.0
1300.0,190.2,1357.0,44.0,9.0
1300.0,190.25,1357.0,44.0,9.0
1300.0,190.3,1357.0,44.0,9.0
1300.0,190.35,1357.0,44.0,9.0
1300.0,190.4,1357.0,44.0,9.0
1300.0,190.45,1357.0,44.0,9.0
1300.0,190.5,1357.0,44.0,9.0
1300.0,190.55,1357.0,44.0,9.0
1300.0,190.6,1357.0,44.0,9.0
1300.0,190.65,1357.0,44.0,9.0
1300.0,190.7,1357.0,44.0,9.0
1300.0,190.75,1357.0,44.0,9.0
1300.0,190.8,1357.0,44.0,9.0
1300.0,190.85,1357.0,44.0,9.0
1300.0,190.9,1357.0,44.0,9.0
1300.0,190.95,1357.0,44.0,9.0
1300.0,191.0,1357.0,44.0,9.0
1300.0,191.05,1357.0,44.0,9.0
1300.0,191.1,1357.0,44.0,9.0
1300.0,191.15,1357.0,44.0,9.0
1300.0,191.2,1357.0,44.0,9.0
1300.0,191.25,1357.0,44.0,9.0
1300.0,191.3,1357.0,44.0,9.0
1300.0,191.35,1357.0,44.0,9.0
1300.0,191.4,1357.0,44.0,9.0
1300.0,191.45,1357.0,44.0,9.0
1300.0,191.5,1357.0,44.0,9.0
1300.0,191.55,1356.0,44.0,10.0
1300.0,191.6,1354.0,44.0,10.0
1300.0,191.65,1353.0,44.0,11.0
1300.0,191.7,1351.0,44.0,12.0
1300.0,191.75,1350.0,43.0,13.0
1300.0,191.8,1348.0,43.0,13.0
1300.0,191.85,1347.0,43.0,14.0
1300.0,191.9,1345.0,43.0,15.0
1300.0,191.95,1344.0,42.0,16.0
1300.0,192.0,1342.0,42.0,16.0
1300.0,192.05,1341.0,42.0,17.0
1300.0,192.1,1341.0,42.0,17.0
1300.0,192.15,1340.0,42.0,18.0
1300.0,192.2,1339.0,43.0,19.0
1300.0,192.25,1339.0,43.0,19.0
1300.0,192.3,1338.0,43.0,20.0
1300.0,192.35,1337.0,43.0,20.0
1300.0,192.4,1337.0,43.0,21.0
1300.0,192.45,1336.0,44.0,22.0
1300.0,192.5,1335.0,44.0,22.0
1300.0,192.55,1333.0,44.0,22.0
1300.0,192.6,1330.0,44.0,23.0
1300.0,192.65,1327.0,44.0,23.0
1300.0,192.7,1323.0,44.0,23.0
1300.0,192.75,1320.0,43.0,23.0
1300.0,192.8,1316.0,43.0,23.0
1300.0,192.85,1313.0,43.0,23.0
1300.0,192.9,1310.0,43.0,23.0
1300.0,192.95,1306.0,42.0,23.0
1300.0,193.0,1303.0,42.0,23.0
1300.0,193.05,1302.0,44.0,23.0
1300.0,193.1,1301.0,45.0,23.0
1300.0,193.15,1300.0,47.0,23.0
1300.0,193.2,1299.0,48.0,23.0
1300.0,193.25,1298.0,50.0,23.0
1300.0,193.3,1297.0,51.0,22.0
1300.0,193.35,1296.0,53.0,22.0
1300.0,193.4,1296.0,54.0,22.0
1300.0,193.45,1295.0,55.0,22.0
1300.0,193.5,1295.0,56.0,22.0
1300.0,193.55,1296.0,56.0,22.0
1300.0,193.6,1297.0,56.0,22.0
1300.0,193.65,1298.0,56.0,23.0
1300.0,193.7,1299.0,56.0,23.0
1300.0,193.75,1300.0,56.0,23.0
1300.0,193.8,1301.0,56.0,23.0
1300.0,193.85,1302.0,56.0,23.0
1300.0,193.9,1303.0,55.0,23.0
1300.0,193.95,1304.0,55.0,23.0
1300.0,194.0,1305.0,55.0,23.0
1300.0,194.05,1307.0,55.0,23.0
1300.0,194.1,1310.0,54.0,24.0
1300.0,194.15,1312.0,54.0,24.0
1300.0,194.2,1315.0,54.0,25.0
1300.0,194.25,1317.0,53.0,25.0
1300.0,194.3,1320.0,53.0,26.0
1300.0,194.35,1322.0,53.0,27.0
1300.0,194.4,1325.0,52.0,27.0
1300.0,194.45,1327.0,52.0,28.0
1300.0,194.5,1329.0,52.0,28.0
1300.0,194.55,1331.0,52.0,28.0
1300.0,194.6,1333.0,53.0,28.0
1300.0,194.65,1336.0,53.0,29.0
1300.0,194.7,1338.0,53.0,29.0
1300.0,194.75,1340.0,53.0,30.0
1300.0,194.8,1343.0,53.0,30.0
1300.0,194.85,1345.0,54.0,30.0
1300.0,194.9,1348.0,54.0,31.0
1300.0,194.95,1350.0,54.0,31.0
1300.0,195.0,1353.0,54.0,32.0
1300.0,195.05,1352.0,55.0,31.0
1300.0,195.1,1351.0,56.0,31.0
1300.0,195.15,1350.0,56.0,31.0
1300.0,195.2,1349.0,57.0,31.0
1300.0,195.25,1348.0,58.0,31.0
1300.0,195.3,1348.0,58.0,31.0
1300.0,195.35,1347.0,59.0,30.0
1300.0,195.4,1346.0,60.0,30.0
1300.0,195.45,1345.0,60.0,30.0
1300.0,195.5,1345.0,61.0,30.0
1300.0,195.55,1339.0,61.0,31.0
1300.0,195.6,1330.0,61.0,32.0
1300.0,195.65,1319.0,62.0,33.0
1300.0,195.7,1308.0,62.0,35.0
1300.0,195.75,1297.0,62.0,37.0
1300.0,195.8,1286.0,63.0,38.0
1300.0,195.85,1275.0,63.0,40.0
1300.0,195.9,1264.0,64.0,41.0
1300.0,195.95,1253.0,64.0,43.0
1300.0,196.0,1242.0,64.0,45.0
1300.0,196.05,1255.0,64.0,43.0
1300.0,196.1,1268.0,64.0,41.0
1300.0,196.15,1280.0,64.0,39.0
1300.0,196.2,1293.0,64.0,38.0
1300.0,196.25,1305.0,64.0,36.0
1300.0,196.3,1318.0,64.0,34.0
1300.0,196.35,1331.0,63.0,32.0
1300.0,196.4,1343.0,63.0,31.0
1300.0,196.45,1354.0,63.0,29.0
1300.0,196.5,1363.0,63.0,29.0
1300.0,196.55,1366.0,63.0,29.0
1300.0,196.6,1369.0,63.0,30.0
1300.0,196.65,1372.0,63.0,30.0
1300.0,196.7,1375.0,64.0,31.0
1300.0,196.75,1379.0,64.0,32.0
1300.0,196.8,1382.0,64.0,32.0
1300.0,196.85,1386.0,64.0,33.0
1300.0,196.9,1389.0,64.0,33.0
1300.0,196.95,1392.0,64.0,34.0
1300.0,197.0,1396.0,64.0,35.0
1300.0,197.05,1399.0,64.0,35.0
1300.0,197.1,1402.0,64.0,35.0
1300.0,197.15,1406.0,64.0,36.0
1300.0,197.2,1409.0,64.0,36.0
1300.0,197.25,1413.0,64.0,36.0
1300.0,197.3,1416.0,64.0,37.0
1300.0,197.35,1420.0,64.0,37.0
1300.0,197.4,1423.0,64.0,37.0
1300.0,197.45,1427.0,64.0,38.0
1300.0,197.5,1430.0,64.0,38.0
1300.0,197.55,1432.0,65.0,38.0
1300.0,197.6,1434.0,66.0,38.0
1300.0,197.65,1436.0,67.0,38.0
1300.0,197.7,1438.0,68.0,38.0
1300.0,197.75,1440.0,68.0,38.0
1300.0,197.8,1442.0,69.0,38.0
1300.0,197.85,1443.0,70.0,38.0
1300.0,197.9,1445.0,71.0,39.0
1300.0,197.95,1447.0,71.0,39.0
1300.0,198.0,1450.0,72.0,39.0
1300.0,198.05,1450.0,72.0,39.0
1300.0,198.1,1450.0,74.0,38.0
1300.0,198.15,1450.0,75.0,38.0
1300.0,198.2,1450.0,77.0,38.0
1300.0,198.25,1450.0,79.0,37.0
1300.0,198.3,1449.0,81.0,37.0
1300.0,198.35,1449.0,83.0,37.0
1300.0,198.4,1449.0,84.0,36.0
1300.0,198.45,1448.0,86.0,36.0
1300.0,198.5,1448.0,88.0,36.0
1300.0,198.55,1448.0,88.0,36.0
1300.0,198.6,1448.0,88.0,36.0
1300.0,198.65,1448.0,88.0,36.0
1300.0,198.7,1448.0,88.0,36.0
1300.0,198.75,1448.0,88.0,36.0
1300.0,198.8,1448.0,88.0,36.0
1300.0,198.85,1448.0,88.0,36.0
1300.0,198.9,1448.0,88.0,36.0
1300.0,198.95,1448.0,88.0,36.0
1300.0,199.0,1448.0,88.0,36.0
1300.0,199.05,1448.0,88.0,36.0
1300.0,199.1,1448.0,88.0,36.0
1300.0,199.15,1448.0,88.0,36.0
1300.0,199.2,1448.0,88.0,36.0
1300.0,199.25,1448.0,88.0,36.0
1300.0,199.3,1448.0,88.0,36.0
1300.0,199.35,1448.0,88.0,36.0
1300.0,199.4,1448.0,88.0,36.0
1300.0,199.45,1448.0,88.0,36.0
1300.0,199.5,1448.0,88.0,36.0
1300.0,199.55,1448.0,88.0,36.0
1300.0,199.6,1448.0,88.0,36.0
1300.0,199.65,1448.0,88.0,36.0
1300.0,199.7,1448.0,88.0,36.0
1300.0,199.75,1448.0,88.0,36.0
1300.0,199.8,1448.0,88.0,36.0
1300.0,199.85,1448.0,88.0,36.0
1300.0,199.9,1448.0,88.0,36.0
1300.0,199.95,1448.0,88.0,36.0
1300.0,200.0,1448.0,88.0,36.0
1300.0,200.05,1448.0,88.0,36.0
1300.0,200.1,1448.0,88.0,36.0
1300.0,200.15,1448.0,88.0,36.0
1300.0,200.2,1448.0,88.0,36.0
1300.0,200.25,1448.0,88.0,36.0
1300.0,200.3,1448.0,88.0,36.0
1300.0,200.35,1448.0,88.0,36.0
1300.0,200.4,1448.0,88.0,36.0
1300.0,200.45,1448.0,88.0,36.0
1300.0,200.5,1448.0,88.0,36.0
1310.0,189.5,1373.0,45.0,9.0
1310.0,189.55,1373.0,45.0,9.0
1310.0,189.6,1373.0,45.0,9.0
1310.0,189.65,1373.0,45.0,9.0
1310.0,189.7,1373.0,45.0,9.0
1310.0,189.75,1373.0,45.0,9.0
1310.0,189.8,1373.0,45.0,9.0
1310.0,189.85,1373.0,45.0,9.0
1310.0,189.9,1373.0,45.0,9.0
1310.0,189.95,1373.0,45.0,9.0
1310.0,190.0,1373.0,45.0,9.0
1310.0,190.05,1373.0,45.0,9.0
1310.0,190.1,1373.0,45.0,9.0
1310.0,190.15,1373.0,45.0,9.0
1310.0,190.2,1373.0,45.0,9.0
1310.0,190.25,1373.0,45.0,9.0
1310.0,190.3,1373.0,45.0,9.0
1310.0,190.35,1373.0,45.0,9.0
1310.0,190.4,1373.0,45.0,9.0
1310.0,190.45,1373.0,45.0,9.0
1310.0,190.5,1373.0,45.0,9.0
1310.0,190.55,1373.0,45.0,9.0
1310.0,190.6,1373.0,45.0,9.0
1310.0,190.65,1373.0,45.0,9.0
1310.0,190.7,1373.0,45.0,9.0
1310.0,190.75,1373.0,45.0,9.0
1310.0,190.8,1373.0,45.0,9.0
1310.0,190.85,1373.0,45.0,9.0
1310.0,190.9,1373.0,45.0,9.0
1310.0,190.95,1373.0,45.0,9.0
1310.0,191.0,1373.0,45.0,9.0
1310.0,191.05,1373.0,45.0,9.0
1310.0,191.1,1373.0,45.0,9.0
1310.0,191.15,1373.0,45.0,9.0
1310.0,191.2,1373.0,45.0,9.0
1310.0,191.25,1373.0,45.0,9.0
1310.0,191.3,1373.0,45.0,9.0
1310.0,191.35,1373.0,45.0,9.0
1310.0,191.4,1373.0,45.0,9.0
1310.0,191.45,1373.0,45.0,9.0
1310.0,191.5,1373.0,45.0,9.0
1310.0,191.55,1371.0,45.0,10.0
1310.0,191.6,1370.0,44.0,11.0
1310.0,191.65,1368.0,44.0,11.0
1310.0,191.7,1367.0,44.0,12.0
1310.0,191.75,1365.0,44.0,13.0
1310.0,191.8,1364.0,43.0,14.0
1310.0,191.85,1362.0,43.0,14.0
1310.0,191.9,1361.0,43.0,15.0
1310.0,191.95,1359.0,43.0,16.0
1310.0,192.0,1358.0,42.0,17.0
1310.0,192.05,1357.0,42.0,17.0
1310.0,192.1,1356.0,42.0,18.0
1310.0,192.15,1356.0,43.0,18.0
1310.0,192.2,1355.0,43.0,19.0
1310.0,192.25,1354.0,43.0,19.0
1310.0,192.3,1354.0,43.0,20.0
1310.0,192.35,1353.0,44.0,21.0
1310.0,192.4,1352.0,44.0,21.0
1310.0,192.45,1351.0,44.0,22.0
1310.0,192.5,1351.0,44.0,22.0
1310.0,192.55,1348.0,45.0,23.0
1310.0,192.6,1345.0,44.0,23.0
1310.0,192.65,1342.0,44.0,23.0
1310.0,192.7,1338.0,44.0,23.0
1310.0,192.75,1335.0,44.0,23.0
1310.0,192.8,1332.0,43.0,23.0
1310.0,192.85,1328.0,43.0,23.0
1310.0,192.9,1325.0,43.0,23.0
1310.0,192.95,1321.0,43.0,23.0
1310.0,193.0,1318.0,42.0,23.0
1310.0,193.05,1317.0,44.0,23.0
1310.0,193.1,1316.0,45.0,23.0
1310.0,193.15,1315.0,47.0,23.0
1310.0,193.2,1314.0,48.0,23.0
1310.0,193.25,1313.0,50.0,23.0
1310.0,193.3,1313.0,51.0,23.0
1310.0,193.35,1312.0,53.0,23.0
1310.0,193.4,1311.0,54.0,23.0
1310.0,193.45,1310.0,56.0,22.0
1310.0,193.5,1310.0,57.0,22.0
1310.0,193.55,1311.0,57.0,23.0
1310.0,193.6,1312.0,57.0,23.0
1310.0,193.65,1313.0,56.0,23.0
1310.0,193.7,1314.0,56.0,23.0
1310.0,193.75,1315.0,56.0,23.0
1310.0,193.8,1316.0,56.0,23.0
1310.0,193.85,1317.0,56.0,23.0
1310.0,193.9,1318.0,56.0,23.0
1310.0,193.95,1319.0,56.0,23.0
1310.0,194.0,1320.0,56.0,23.0
1310.0,194.05,1322.0,55.0,23.0
1310.0,194.1,1325.0,55.0,24.0
1310.0,194.15,1327.0,55.0,24.0
1310.0,194.2,1330.0,54.0,25.0
1310.0,194.25,1332.0,54.0,26.0
1310.0,194.3,1335.0,54.0,26.0
1310.0,194.35,1337.0,53.0,27.0
1310.0,194.4,1340.0,53.0,27.0
1310.0,194.45,1342.0,53.0,28.0
1310.0,194.5,1344.0,52.0,28.0
1310.0,194.55,1346.0,53.0,28.0
1310.0,194.6,1348.0,53.0,29.0
1310.0,194.65,1351.0,53.0,29.0
1310.0,194.7,1353.0,53.0,29.0
1310.0,194.75,1356.0,53.0,30.0
1310.0,194.8,1358.0,54.0,30.0
1310.0,194.85,1361.0,54.0,31.0
1310.0,194.9,1363.0,54.0,31.0
1310.0,194.95,1366.0,54.0,31.0
1310.0,195.0,1368.0,55.0,32.0
1310.0,195.05,1367.0,55.0,32.0
1310.0,195.1,1367.0,56.0,32.0
1310.0,195.15,1366.0,57.0,31.0
1310.0,195.2,1365.0,57.0,31.0
1310.0,195.25,1364.0,58.0,31.0
1310.0,195.3,1363.0,59.0,31.0
1310.0,195.35,1362.0,59.0,31.0
1310.0,195.4,1361.0,60.0,30.0
1310.0,195.45,1360.0,61.0,30.0
1310.0,195.5,1360.0,61.0,30.0
1310.0,195.55,1354.0,61.0,31.0
1310.0,195.6,1344.0,62.0,32.0
1310.0,195.65,1333.0,62.0,34.0
1310.0,195.7,1322.0,62.0,35.0
1310.0,195.75,1311.0,63.0,37.0
1310.0,195.8,1300.0,63.0,39.0
1310.0,195.85,1289.0,64.0,40.0
1310.0,195.9,1278.0,64.0,42.0
1310.0,195.95,1267.0,64.0,44.0
1310.0,196.0,1256.0,65.0,45.0
1310.0,196.05,1269.0,65.0,43.0
1310.0,196.1,1281.0,64.0,42.0
1310.0,196.15,1294.0,64.0,40.0
1310.0,196.2,1307.0,64.0,38.0
1310.0,196.25,1319.0,64.0,36.0
1310.0,196.3,1332.0,64.0,35.0
1310.0,196.35,1344.0,64.0,33.0
1310.0,196.4,1357.0,64.0,31.0
1310.0,196.45,1369.0,64.0,30.0
1310.0,196.5,1378.0,64.0,29.0
1310.0,196.55,1380.0,64.0,29.0
1310.0,196.6,1384.0,64.0,30.0
1310.0,196.65,1387.0,64.0,31.0
1310.0,196.7,1390.0,64.0,31.0
1310.0,196.75,1394.0,64.0,32.0
1310.0,196.8,1397.0,64.0,32.0
1310.0,196.85,1401.0,64.0,33.0
1310.0,196.9,1404.0,64.0,34.0
1310.0,196.95,1407.0,64.0,34.0
1310.0,197.0,1411.0,64.0,35.0
1310.0,197.05,1414.0,64.0,35.0
1310.0,197.1,1417.0,65.0,36.0
1310.0,197.15,1421.0,65.0,36.0
1310.0,197.2,1424.0,65.0,36.0
1310.0,197.25,1428.0,65.0,37.0
1310.0,197.3,1431.0,65.0,37.0
1310.0,197.35,1435.0,65.0,37.0
1310.0,197.4,1438.0,65.0,38.0
1310.0,197.45,1442.0,65.0,38.0
1310.0,197.5,1445.0,65.0,38.0
1310.0,197.55,1447.0,66.0,38.0
1310.0,197.6,1449.0,66.0,38.0
1310.0,197.65,1451.0,67.0,38.0
1310.0,197.7,1453.0,68.0,39.0
1310.0,197.75,1455.0,69.0,39.0
1310.0,197.8,1457.0,70.0,39.0
1310.0,197.85,1459.0,70.0,39.0
1310.0,197.9,1461.0,71.0,39.0
1310.0,197.95,1462.0,72.0,39.0
1310.0,198.0,1465.0,72.0,39.0
1310.0,198.05,1465.0,73.0,39.0
1310.0,198.1,1465.0,74.0,38.0
1310.0,198.15,1465.0,76.0,38.0
1310.0,198.2,1465.0,78.0,38.0
1310.0,198.25,1464.0,80.0,37.0
1310.0,198.3,1464.0,82.0,37.0
1310.0,198.35,1464.0,83.0,37.0
1310.0,198.4,1463.0,85.0,36.0
1310.0,198.45,1463.0,87.0,36.0
1310.0,198.5,1463.0,89.0,36.0
1310.0,198.55,1463.0,89.0,36.0
1310.0,198.6,1463.0,89.0,36.0
1310.0,198.65,1463.0,89.0,36.0
1310.0,198.7,1463.0,89.0,36.0
1310.0,198.75,1463.0,89.0,36.0
1310.0,198.8,1463.0,89.0,36.0
1310.0,198.85,1463.0,89.0,36.0
1310.0,198.9,1463.0,89.0,36.0
1310.0,198.95,1463.0,89.0,36.0
1310.0,199.0,1463.0,89.0,36.0
1310.0,199.05,1463.0,89.0,36.0
1310.0,199.1,1463.0,89.0,36.0
1310.0,199.15,1463.0,89.0,36.0
1310.0,199.2,1463.0,89.0,36.0
1310.0,199.25,1463.0,89.0,36.0
1310.0,199.3,1463.0,89.0,36.0
1310.0,199.35,1463.0,89.0,36.0
1310.0,199.4,1463.0,89.0,36.0
1310.0,199.45,1463.0,89.0,36.0
1310.0,199.5,1463.0,89.0,36.0
1310.0,199.55,1463.0,89.0,36.0
1310.0,199.6,1463.0,89.0,36.0
1310.0,199.65,1463.0,89.0,36.0
1310.0,199.7,1463.0,89.0,36.0
1310.0,199.75,1463.0,89.0,36.0
1310.0,199.8,1463.0,89.0,36.0
1310.0,199.85,1463.0,89.0,36.0
1310.0,199.9,1463.0,89.0,36.0
1310.0,199.95,1463.0,89.0,36.0
1310.0,200.0,1463.0,89.0,36.0
1310.0,200.05,1463.0,89.0,36.0
1310.0,200.1,1463.0,89.0,36.0
1310.0,200.15,1463.0,89.0,36.0
1310.0,200.2,1463.0,89.0,36.0
1310.0,200.25,1463.0,89.0,36.0
1310.0,200.3,1463.0,89.0,36.0
1310.0,200.35,1463.0,89.0,36.0
1310.0,200.4,1463.0,89.0,36.0
1310.0,200.45,1463.0,89.0,36.0
1310.0,200.5,1463.0,89.0,36.0
1320.0,189.5,1388.0,45.0,10.0
1320.0,189.55,1388.0,45.0,10.0
1320.0,189.6,1388.0,45.0,10.0
1320.0,189.65,1388.0,45.0,10.0
1320.0,189.7,1388.0,45.0,10.0
1320.0,189.75,1388.0,45.0,10.0
1320.0,189.8,1388.0,45.0,10.0
1320.0,189.85,1388.0,45.0,10.0
1320.0,189.9,1388.0,45.0,10.0
1320.0,189.95,1388.0,45.0,10.0
1320.0,190.0,1388.0,45.0,10.0
1320.0,190.05,1388.0,45.0,10.0
1320.0,190.1,1388.0,45.0,10.0
1320.0,190.15,1388.0,45.0,10.0
1320.0,190.2,1388.0,45.0,10.0
1320.0,190.25,1388.0,45.0,10.0
1320.0,190.3,1388.0,45.0,10.0
1320.0,190.35,1388.0,45.0,10.0
1320.0,190.4,1388.0,45.0,10.0
1320.0,190.45,1388.0,45.0,10.0
1320.0,190.5,1388.0,45.0,10.0
1320.0,190.55,1388.0,45.0,10.0
1320.0,190.6,1388.0,45.0,10.0
1320.0,190.65,1388.0,45.0,10.0
1320.0,190.7,1388.0,45.0,10.0
1320.0,190.75,1388.0,45.0,10.0
1320.0,190.8,1388.0,45.0,10.0
1320.0,190.85,1388.0,45.0,10.0
1320.0,190.9,1388.0,45.0,10.0
1320.0,190.95,1388.0,45.0,10.0
1320.0,191.0,1388.0,45.0,10.0
1320.0,191.05,1388.0,45.0,10.0
1320.0,191.1,1388.0,45.0,10.0
1320.0,191.15,1388.0,45.0,10.0
1320.0,191.2,1388.0,45.0,10.0
1320.0,191.25,1388.0,45.0,10.0
1320.0,191.3,1388.0,45.0,10.0
1320.0,191.35,1388.0,45.0,10.0
1320.0,191.4,1388.0,45.0,10.0
1320.0,191.45,1388.0,45.0,10.0
1320.0,191.5,1388.0,45.0,10.0
1320.0,191.55,1387.0,45.0,10.0
1320.0,191.6,1385.0,45.0,11.0
1320.0,191.65,1384.0,44.0,12.0
1320.0,191.7,1382.0,44.0,12.0
1320.0,191.75,1381.0,44.0,13.0
1320.0,191.8,1379.0,44.0,14.0
1320.0,191.85,1378.0,43.0,14.0
1320.0,191.9,1376.0,43.0,15.0
1320.0,191.95,1375.0,43.0,16.0
1320.0,192.0,1373.0,43.0,17.0
1320.0,192.05,1373.0,43.0,17.0
1320.0,192.1,1372.0,43.0,18.0
1320.0,192.15,1371.0,43.0,18.0
1320.0,192.2,1370.0,43.0,19.0
1320.0,192.25,1370.0,44.0,20.0
1320.0,192.3,1369.0,44.0,20.0
1320.0,192.35,1368.0,44.0,21.0
1320.0,192.4,1368.0,44.0,21.0
1320.0,192.45,1367.0,44.0,22.0
1320.0,192.5,1366.0,45.0,23.0
1320.0,192.55,1364.0,45.0,23.0
1320.0,192.6,1360.0,45.0,23.0
1320.0,192.65,1357.0,44.0,23.0
1320.0,192.7,1354.0,44.0,23.0
1320.0,192.75,1350.0,44.0,23.0
1320.0,192.8,1347.0,44.0,23.0
1320.0,192.85,1343.0,43.0,23.0
1320.0,192.9,1340.0,43.0,23.0
1320.0,192.95,1337.0,43.0,23.0
1320.0,193.0,1333.0,43.0,23.0
1320.0,193.05,1332.0,44.0,23.0
1320.0,193.1,1331.0,46.0,23.0
1320.0,193.15,1331.0,47.0,23.0
1320.0,193.2,1330.0,49.0,23.0
1320.0,193.25,1329.0,50.0,23.0
1320.0,193.3,1328.0,52.0,23.0
1320.0,193.35,1327.0,53.0,23.0
1320.0,193.4,1326.0,55.0,23.0
1320.0,193.45,1325.0,56.0,23.0
1320.0,193.5,1325.0,57.0,22.0
1320.0,193.55,1326.0,57.0,23.0
1320.0,193.6,1327.0,57.0,23.0
1320.0,193.65,1328.0,57.0,23.0
1320.0,193.7,1329.0,57.0,23.0
1320.0,193.75,1330.0,57.0,23.0
1320.0,193.8,1331.0,56.0,23.0
1320.0,193.85,1332.0,56.0,23.0
1320.0,193.9,1333.0,56.0,23.0
1320.0,193.95,1334.0,56.0,23.0
1320.0,194.0,1335.0,56.0,23.0
1320.0,194.05,1337.0,56.0,23.0
1320.0,194.1,1340.0,55.0,24.0
1320.0,194.15,1342.0,55.0,24.0
1320.0,194.2,1345.0,55.0,25.0
1320.0,194.25,1347.0,54.0,26.0
1320.0,194.3,1350.0,54.0,26.0
1320.0,194.35,1352.0,54.0,27.0
1320.0,194.4,1355.0,53.0,27.0
1320.0,194.45,1357.0,53.0,28.0
1320.0,194.5,1359.0,53.0,28.0
1320.0,194.55,1361.0,53.0,28.0
1320.0,194.6,1364.0,53.0,29.0
1320.0,194.65,1366.0,53.0,29.0
1320.0,194.7,1369.0,54.0,30.0
1320.0,194.75,1371.0,54.0,30.0
1320.0,194.8,1374.0,54.0,30.0
1320.0,194.85,1376.0,54.0,31.0
1320.0,194.9,1379.0,54.0,31.0
1320.0,194.95,1381.0,55.0,32.0
1320.0,195.0,1384.0,55.0,32.0
1320.0,195.05,1383.0,56.0,32.0
1320.0,195.1,1382.0,56.0,32.0
1320.0,195.15,1381.0,57.0,32.0
1320.0,195.2,1380.0,58.0,31.0
1320.0,195.25,1379.0,58.0,31.0
1320.0,195.3,1378.0,59.0,31.0
1320.0,195.35,1378.0,60.0,31.0
1320.0,195.4,1377.0,60.0,31.0
1320.0,195.45,1376.0,61.0,30.0
1320.0,195.5,1376.0,61.0,30.0
1320.0,195.55,1369.0,62.0,31.0
1320.0,195.6,1358.0,62.0,33.0
1320.0,195.65,1347.0,62.0,34.0
1320.0,195.7,1336.0,63.0,36.0
1320.0,195.75,1325.0,63.0,38.0
1320.0,195.8,1314.0,64.0,39.0
1320.0,195.85,1303.0,64.0,41.0
1320.0,195.9,1292.0,64.0,42.0
1320.0,195.95,1281.0,65.0,44.0
1320.0,196.0,1270.0,65.0,46.0
1320.0,196.05,1282.0,65.0,44.0
1320.0,196.1,1295.0,65.0,42.0
1320.0,196.15,1308.0,65.0,40.0
1320.0,196.2,1320.0,65.0,39.0
1320.0,196.25,1333.0,65.0,37.0
1320.0,196.3,1345.0,64.0,35.0
1320.0,196.35,1358.0,64.0,33.0
1320.0,196.4,1371.0,64.0,32.0
1320.0,196.45,1383.0,64.0,30.0
1320.0,196.5,1392.0,64.0,29.0
1320.0,196.55,1395.0,64.0,30.0
1320.0,196.6,1399.0,64.0,30.0
1320.0,196.65,1402.0,64.0,31.0
1320.0,196.7,1406.0,64.0,31.0
1320.0,196.75,1409.0,64.0,32.0
1320.0,196.8,1412.0,64.0,33.0
1320.0,196.85,1416.0,64.0,33.0
1320.0,196.9,1419.0,65.0,34.0
1320.0,196.95,1423.0,65.0,35.0
1320.0,197.0,1426.0,65.0,35.0
1320.0,197.05,1429.0,65.0,35.0
1320.0,197.1,1432.0,65.0,36.0
1320.0,197.15,1436.0,65.0,36.0
1320.0,197.2,1439.0,65.0,36.0
1320.0,197.25,1443.0,65.0,37.0
1320.0,197.3,1446.0,65.0,37.0
1320.0,197.35,1450.0,65.0,37.0
1320.0,197.4,1453.0,65.0,38.0
1320.0,197.45,1457.0,65.0,38.0
1320.0,197.5,1460.0,65.0,39.0
1320.0,197.55,1462.0,66.0,39.0
1320.0,197.6,1464.0,67.0,39.0
1320.0,197.65,1466.0,67.0,39.0
1320.0,197.7,1468.0,68.0,39.0
1320.0,197.75,1470.0,69.0,39.0
1320.0,197.8,1472.0,70.0,39.0
1320.0,197.85,1474.0,71.0,39.0
1320.0,197.9,1476.0,72.0,39.0
1320.0,197.95,1478.0,72.0,39.0
1320.0,198.0,1480.0,73.0,39.0
1320.0,198.05,1480.0,74.0,39.0
1320.0,198.1,1480.0,75.0,39.0
1320.0,198.15,1480.0,77.0,38.0
1320.0,198.2,1479.0,79.0,38.0
1320.0,198.25,1479.0,81.0,38.0
1320.0,198.3,1479.0,83.0,37.0
1320.0,198.35,1478.0,84.0,37.0
1320.0,198.4,1478.0,86.0,37.0
1320.0,198.45,1478.0,88.0,36.0
1320.0,198.5,1478.0,90.0,36.0
1320.0,198.55,1478.0,90.0,36.0
1320.0,198.6,1478.0,90.0,36.0
1320.0,198.65,1478.0,90.0,36.0
1320.0,198.7,1478.0,90.0,36.0
1320.0,198.75,1478.0,90.0,36.0
1320.0,198.8,1478.0,90.0,36.0
1320.0,198.85,1478.0,90.0,36.0
1320.0,198.9,1478.0,90.0,36.0
1320.0,198.95,1478.0,90.0,36.0
1320.0,199.0,1478.0,90.0,36.0
1320.0,199.05,1478.0,90.0,36.0
1320.0,199.1,1478.0,90.0,36.0
1320.0,199.15,1478.0,90.0,36.0
1320.0,199.2,1478.0,90.0,36.0
1320.0,199.25,1478.0,90.0,36.0
1320.0,199.3,1478.0,90.0,36.0
1320.0,199.35,1478.0,90.0,36.0
1320.0,199.4,1478.0,90.0,36.0
1320.0,199.45,1478.0,90.0,36.0
1320.0,199.5,1478.0,90.0,36.0
1320.0,199.55,1478.0,90.0,36.0
1320.0,199.6,1478.0,90.0,36.0
1320.0,199.65,1478.0,90.0,36.0
1320.0,199.7,1478.0,90.0,36.0
1320.0,199.75,1478.0,90.0,36.0
1320.0,199.8,1478.0,90.0,36.0
1320.0,199.85,1478.0,90.0,36.0
1320.0,199.9,1478.0,90.0,36.0
1320.0,199.95,1478.0,90.0,36.0
1320.0,200.0,1478.0,90.0,36.0
1320.0,200.05,1478.0,90.0,36.0
1320.0,200.1,1478.0,90.0,36.0
1320.0,200.15,1478.0,90.0,36.0
1320.0,200.2,1478.0,90.0,36.0
1320.0,200.25,1478.0,90.0,36.0
1320.0,200.3,1478.0,90.0,36.0
1320.0,200.35,1478.0,90.0,36.0
1320.0,200.4,1478.0,90.0,36.0
1320.0,200.45,1478.0,90.0,36.0
1320.0,200.5,1478.0,90.0,36.0
1330.0,189.5,1404.0,45.0,10.0
1330.0,189.55,1404.0,45.0,10.0
1330.0,189.6,1404.0,45.0,10.0
1330.0,189.65,1404.0,45.0,10.0
1330.0,189.7,1404.0,45.0,10.0
1330.0,189.75,1404.0,45.0,10.0
1330.0,189.8,1404.0,45.0,10.0
1330.0,189.85,1404.0,45.0,10.0
1330.0,189.9,1404.0,45.0,10.0
1330.0,189.95,1404.0,45.0,10.0
1330.0,190.0,1404.0,45.0,10.0
1330.0,190.05,1404.0,45.0,10.0
1330.0,190.1,1404.0,45.0,10.0
1330.0,190.15,1404.0,45.0,10.0
1330.0,190.2,1404.0,45.0,10.0
1330.0,190.25,1404.0,45.0,10.0
1330.0,190.3,1404.0,45.0,10.0
1330.0,190.35,1404.0,45.0,10.0
1330.0,190.4,1404.0,45.0,10.0
1330.0,190.45,1404.0,45.0,10.0
1330.0,190.5,1404.0,45.0,10.0
1330.0,190.55,1404.0,45.0,10.0
1330.0,190.6,1404.0,45.0,10.0
1330.0,190.65,1404.0,45.0,10.0
1330.0,190.7,1404.0,45.0,10.0
1330.0,190.75,1404.0,45.0,10.0
1330.0,190.8,1404.0,45.0,10.0
1330.0,190.85,1404.0,45.0,10.0
1330.0,190.9,1404.0,45.0,10.0
1330.0,190.95,1404.0,45.0,10.0
1330.0,191.0,1404.0,45.0,10.0
1330.0,191.05,1404.0,45.0,10.0
1330.0,191.1,1404.0,45.0,10.0
1330.0,191.15,1404.0,45.0,10.0
1330.0,191.2,1404.0,45.0,10.0
1330.0,191.25,1404.0,45.0,10.0
1330.0,191.3,1404.0,45.0,10.0
1330.0,191.35,1404.0,45.0,10.0
1330.0,191.4,1404.0,45.0,10.0
1330.0,191.45,1404.0,45.0,10.0
1330.0,191.5,1404.0,45.0,10.0
1330.0,191.55,1402.0,45.0,10.0
1330.0,191.6,1401.0,45.0,11.0
1330.0,191.65,1399.0,45.0,12.0
1330.0,191.7,1398.0,44.0,12.0
1330.0,191.75,1396.0,44.0,13.0
1330.0,191.8,1395.0,44.0,14.0
1330.0,191.85,1393.0,44.0,15.0
1330.0,191.9,1392.0,43.0,15.0
1330.0,191.95,1390.0,43.0,16.0
1330.0,192.0,1389.0,43.0,17.0
1330.0,192.05,1388.0,43.0,17.0
1330.0,192.1,1387.0,43.0,18.0
1330.0,192.15,1387.0,43.0,19.0
1330.0,192.2,1386.0,44.0,19.0
1330.0,192.25,1385.0,44.0,20.0
1330.0,192.3,1385.0,44.0,20.0
1330.0,192.35,1384.0,44.0,21.0
1330.0,192.4,1383.0,45.0,22.0
1330.0,192.45,1383.0,45.0,22.0
1330.0,192.5,1382.0,45.0,23.0
1330.0,192.55,1379.0,45.0,23.0
1330.0,192.6,1376.0,45.0,23.0
1330.0,192.65,1372.0,45.0,23.0
1330.0,192.7,1369.0,44.0,23.0
1330.0,192.75,1365.0,44.0,23.0
1330.0,192.8,1362.0,44.0,23.0
1330.0,192.85,1359.0,44.0,23.0
1330.0,192.9,1355.0,43.0,23.0
1330.0,192.95,1352.0,43.0,23.0
1330.0,193.0,1348.0,43.0,23.0
1330.0,193.05,1348.0,44.0,23.0
1330.0,193.1,1347.0,46.0,23.0
1330.0,193.15,1346.0,47.0,23.0
1330.0,193.2,1345.0,49.0,23.0
1330.0,193.25,1344.0,50.0,23.0
1330.0,193.3,1343.0,52.0,23.0
1330.0,193.35,1342.0,53.0,23.0
1330.0,193.4,1341.0,55.0,23.0
1330.0,193.45,1340.0,56.0,23.0
1330.0,193.5,1340.0,58.0,23.0
1330.0,193.55,1341.0,58.0,23.0
1330.0,193.6,1342.0,57.0,23.0
1330.0,193.65,1343.0,57.0,23.0
1330.0,193.7,1344.0,57.0,23.0
1330.0,193.75,1345.0,57.0,23.0
1330.0,193.8,1346.0,57.0,23.0
1330.0,193.85,1347.0,57.0,23.0
1330.0,193.9,1348.0,57.0,23.0
1330.0,193.95,1349.0,56.0,23.0
1330.0,194.0,1350.0,56.0,23.0
1330.0,194.05,1352.0,56.0,23.0
1330.0,194.1,1355.0,56.0,24.0
1330.0,194.15,1357.0,55.0,25.0
1330.0,194.2,1360.0,55.0,25.0
1330.0,194.25,1362.0,55.0,26.0
1330.0,194.3,1365.0,54.0,26.0
1330.0,194.35,1367.0,54.0,27.0
1330.0,194.4,1370.0,54.0,27.0
1330.0,194.45,1372.0,53.0,28.0
1330.0,194.5,1374.0,53.0,28.0
1330.0,194.55,1377.0,53.0,29.0
1330.0,194.6,1379.0,53.0,29.0
1330.0,194.65,1382.0,54.0,30.0
1330.0,194.7,1384.0,54.0,30.0
1330.0,194.75,1387.0,54.0,30.0
1330.0,194.8,1389.0,54.0,31.0
1330.0,194.85,1392.0,55.0,31.0
1330.0,194.9,1394.0,55.0,32.0
1330.0,194.95,1397.0,55.0,32.0
1330.0,195.0,1399.0,55.0,32.0
1330.0,195.05,1398.0,56.0,32.0
1330.0,195.1,1397.0,57.0,32.0
1330.0,195.15,1396.0,57.0,32.0
1330.0,195.2,1396.0,58.0,32.0
1330.0,195.25,1395.0,59.0,31.0
1330.0,195.3,1394.0,59.0,31.0
1330.0,195.35,1393.0,60.0,31.0
1330.0,195.4,1392.0,61.0,31.0
1330.0,195.45,1391.0,61.0,31.0
1330.0,195.5,1391.0,62.0,31.0
1330.0,195.55,1383.0,62.0,32.0
1330.0,195.6,1372.0,63.0,33.0
1330.0,195.65,1361.0,63.0,35.0
1330.0,195.7,1350.0,63.0,36.0
1330.0,195.75,1339.0,64.0,38.0
1330.0,195.8,1328.0,64.0,40.0
1330.0,195.85,1317.0,64.0,41.0
1330.0,195.9,1306.0,65.0,43.0
1330.0,195.95,1295.0,65.0,45.0
1330.0,196.0,1284.0,66.0,46.0
1330.0,196.05,1296.0,65.0,44.0
1330.0,196.1,1309.0,65.0,43.0
1330.0,196.15,1321.0,65.0,41.0
1330.0,196.2,1334.0,65.0,39.0
1330.0,196.25,1347.0,65.0,37.0
1330.0,196.3,1359.0,65.0,36.0
1330.0,196.35,1372.0,65.0,34.0
1330.0,196.4,1384.0,65.0,32.0
1330.0,196.45,1397.0,64.0,30.0
1330.0,196.5,1407.0,64.0,29.0
1330.0,196.55,1410.0,65.0,30.0
1330.0,196.6,1414.0,65.0,30.0
1330.0,196.65,1417.0,65.0,31.0
1330.0,196.7,1421.0,65.0,32.0
1330.0,196.75,1424.0,65.0,32.0
1330.0,196.8,1427.0,65.0,33.0
1330.0,196.85,1431.0,65.0,34.0
1330.0,196.9,1434.0,65.0,34.0
1330.0,196.95,1438.0,65.0,35.0
1330.0,197.0,1441.0,65.0,35.0
1330.0,197.05,1444.0,65.0,36.0
1330.0,197.1,1448.0,65.0,36.0
1330.0,197.15,1451.0,65.0,36.0
1330.0,197.2,1455.0,65.0,37.0
1330.0,197.25,1458.0,65.0,37.0
1330.0,197.3,1462.0,65.0,37.0
1330.0,197.35,1465.0,65.0,38.0
1330.0,197.4,1469.0,65.0,38.0
1330.0,197.45,1472.0,65.0,38.0
1330.0,197.5,1476.0,65.0,39.0
1330.0,197.55,1478.0,66.0,39.0
1330.0,197.6,1479.0,67.0,39.0
1330.0,197.65,1481.0,68.0,39.0
1330.0,197.7,1483.0,69.0,39.0
1330.0,197.75,1485.0,69.0,39.0
1330.0,197.8,1487.0,70.0,39.0
1330.0,197.85,1489.0,71.0,39.0
1330.0,197.9,1491.0,72.0,39.0
1330.0,197.95,1493.0,73.0,39.0
1330.0,198.0,1495.0,73.0,40.0
1330.0,198.05,1495.0,74.0,39.0
1330.0,198.1,1495.0,76.0,39.0
1330.0,198.15,1494.0,78.0,39.0
1330.0,198.2,1494.0,80.0,38.0
1330.0,198.25,1494.0,82.0,38.0
1330.0,198.3,1494.0,83.0,38.0
1330.0,198.35,1493.0,85.0,37.0
1330.0,198.4,1493.0,87.0,37.0
1330.0,198.45,1493.0,89.0,36.0
1330.0,198.5,1492.0,91.0,36.0
1330.0,198.55,1492.0,91.0,36.0
1330.0,198.6,1492.0,91.0,36.0
1330.0,198.65,1492.0,91.0,36.0
1330.0,198.7,1492.0,91.0,36.0
1330.0,198.75,1492.0,91.0,36.0
1330.0,198.8,1492.0,91.0,36.0
1330.0,198.85,1492.0,91.0,36.0
1330.0,198.9,1492.0,91.0,36.0
1330.0,198.95,1492.0,91.0,36.0
1330.0,199.0,1492.0,91.0,36.0
1330.0,199.05,1492.0,91.0,36.0
1330.0,199.1,1492.0,91.0,36.0
1330.0,199.15,1492.0,91.0,36.0
1330.0,199.2,1492.0,91.0,36.0
1330.0,199.25,1492.0,91.0,36.0
1330.0,199.3,1492.0,91.0,36.0
1330.0,199.35,1492.0,91.0,36.0
1330.0,199.4,1492.0,91.0,36.0
1330.0,199.45,1492.0,91.0,36.0
1330.0,199.5,1492.0,91.0,36.0
1330.0,199.55,1492.0,91.0,36.0
1330.0,199.6,1492.0,91.0,36.0
1330.0,199.65,1492.0,91.0,36.0
1330.0,199.7,1492.0,91.0,36.0
1330.0,199.75,1492.0,91.0,36.0
1330.0,199.8,1492.0,91.0,36.0
1330.0,199.85,1492.0,91.0,36.0
1330.0,199.9,1492.0,91.0,36.0
1330.0,199.95,1492.0,91.0,36.0
1330.0,200.0,1492.0,91.0,36.0
1330.0,200.05,1492.0,91.0,36.0
1330.0,200.1,1492.0,91.0,36.0
1330.0,200.15,1492.0,91.0,36.0
1330.0,200.2,1492.0,91.0,36.0
1330.0,200.25,1492.0,91.0,36.0
1330.0,200.3,1492.0,91.0,36.0
1330.0,200.35,1492.0,91.0,36.0
1330.0,200.4,1492.0,91.0,36.0
1330.0,200.45,1492.0,91.0,36.0
1330.0,200.5,1492.0,91.0,36.0
1340.0,189.5,1419.0,46.0,10.0
1340.0,189.55,1419.0,46.0,10.0
1340.0,189.6,1419.0,46.0,10.0
1340.0,189.65,1419.0,46.0,10.0
1340.0,189.7,1419.0,46.0,10.0
1340.0,189.75,1419.0,46.0,10.0
1340.0,189.8,1419.0,46.0,10.0
1340.0,189.85,1419.0,46.0,10.0
1340.0,189.9,1419.0,46.0,10.0
1340.0,189.95,1419.0,46.0,10.0
1340.0,190.0,1419.0,46.0,10.0
1340.0,190.05,1419.0,46.0,10.0
1340.0,190.1,1419.0,46.0,10.0
1340.0,190.15,1419.0,46.0,10.0
1340.0,190.2,1419.0,46.0,10.0
1340.0,190.25,1419.0,46.0,10.0
1340.0,190.3,1419.0,46.0,10.0
1340.0,190.35,1419.0,46.0,10.0
1340.0,190.4,1419.0,46.0,10.0
1340.0,190.45,1419.0,46.0,10.0
1340.0,190.5,1419.0,46.0,10.0
1340.0,190.55,1419.0,46.0,10.0
1340.0,190.6,1419.0,46.0,10.0
1340.0,190.65,1419.0,46.0,10.0
1340.0,190.7,1419.0,46.0,10.0
1340.0,190.75,1419.0,46.0,10.0
1340.0,190.8,1419.0,46.0,10.0
1340.0,190.85,1419.0,46.0,10.0
1340.0,190.9,1419.0,46.0,10.0
1340.0,190.95,1419.0,46.0,10.0
1340.0,191.0,1419.0,46.0,10.0
1340.0,191.05,1419.0,46.0,10.0
1340.0,191.1,1419.0,46.0,10.0
1340.0,191.15,1419.0,46.0,10.0
1340.0,191.2,1419.0,46.0,10.0
1340.0,191.25,1419.0,46.0,10.0
1340.0,191.3,1419.0,46.0,10.0
1340.0,191.35,1419.0,46.0,10.0
1340.0,191.4,1419.0,46.0,10.0
1340.0,191.45,1419.0,46.0,10.0
1340.0,191.5,1419.0,46.0,10.0
1340.0,191.55,1418.0,45.0,10.0
1340.0,191.6,1416.0,45.0,11.0
1340.0,191.65,1415.0,45.0,12.0
1340.0,191.7,1413.0,45.0,13.0
1340.0,191.75,1412.0,44.0,13.0
1340.0,191.8,1410.0,44.0,14.0
1340.0,191.85,1409.0,44.0,15.0
1340.0,191.9,1407.0,44.0,16.0
1340.0,191.95,1406.0,43.0,16.0
1340.0,192.0,1404.0,43.0,17.0
1340.0,192.05,1404.0,43.0,18.0
1340.0,192.1,1403.0,44.0,18.0
1340.0,192.15,1402.0,44.0,19.0
1340.0,192.2,1402.0,44.0,19.0
1340.0,192.25,1401.0,44.0,20.0
1340.0,192.3,1400.0,44.0,21.0
1340.0,192.35,1400.0,45.0,21.0
1340.0,192.4,1399.0,45.0,22.0
1340.0,192.45,1398.0,45.0,22.0
1340.0,192.5,1397.0,45.0,23.0
1340.0,192.55,1394.0,45.0,23.0
1340.0,192.6,1391.0,45.0,23.0
1340.0,192.65,1388.0,45.0,23.0
1340.0,192.7,1384.0,45.0,23.0
1340.0,192.75,1381.0,44.0,23.0
1340.0,192.8,1377.0,44.0,23.0
1340.0,192.85,1374.0,44.0,23.0
1340.0,192.9,1371.0,44.0,23.0
1340.0,192.95,1367.0,43.0,23.0
1340.0,193.0,1364.0,43.0,23.0
1340.0,193.05,1363.0,45.0,23.0
1340.0,193.1,1362.0,46.0,23.0
1340.0,193.15,1361.0,48.0,23.0
1340.0,193.2,1360.0,49.0,23.0
1340.0,193.25,1359.0,51.0,23.0
1340.0,193.3,1358.0,52.0,23.0
1340.0,193.35,1357.0,54.0,23.0
1340.0,193.4,1357.0,55.0,23.0
1340.0,193.45,1356.0,57.0,23.0
1340.0,193.5,1355.0,58.0,23.0
1340.0,193.55,1356.0,58.0,23.0
1340.0,193.6,1357.0,58.0,23.0
1340.0,193.65,1358.0,58.0,23.0
1340.0,193.7,1359.0,57.0,23.0
1340.0,193.75,1360.0,57.0,23.0
1340.0,193.8,1361.0,57.0,23.0
1340.0,193.85,1362.0,57.0,23.0
1340.0,193.9,1363.0,57.0,23.0
1340.0,193.95,1364.0,57.0,23.0
1340.0,194.0,1365.0,57.0,23.0
1340.0,194.05,1367.0,56.0,24.0
1340.0,194.1,1370.0,56.0,24.0
1340.0,194.15,1372.0,56.0,25.0
1340.0,194.2,1375.0,55.0,25.0
1340.0,194.25,1377.0,55.0,26.0
1340.0,194.3,1380.0,55.0,26.0
1340.0,194.35,1382.0,54.0,27.0
1340.0,194.4,1385.0,54.0,28.0
1340.0,194.45,1387.0,54.0,28.0
1340.0,194.5,1390.0,53.0,29.0
1340.0,194.55,1392.0,54.0,29.0
1340.0,194.6,1395.0,54.0,29.0
1340.0,194.65,1397.0,54.0,30.0
1340.0,194.7,1400.0,54.0,30.0
1340.0,194.75,1402.0,54.0,31.0
1340.0,194.8,1405.0,55.0,31.0
1340.0,194.85,1407.0,55.0,31.0
1340.0,194.9,1410.0,55.0,32.0
1340.0,194.95,1412.0,55.0,32.0
1340.0,195.0,1415.0,55.0,33.0
1340.0,195.05,1414.0,56.0,32.0
1340.0,195.1,1413.0,57.0,32.0
1340.0,195.15,1412.0,58.0,32.0
1340.0,195.2,1411.0,58.0,32.0
1340.0,195.25,1410.0,59.0,32.0
1340.0,195.3,1409.0,60.0,32.0
1340.0,195.35,1408.0,60.0,31.0
1340.0,195.4,1407.0,61.0,31.0
1340.0,195.45,1407.0,62.0,31.0
1340.0,195.5,1406.0,62.0,31.0
1340.0,195.55,1396.0,63.0,32.0
1340.0,195.6,1385.0,63.0,34.0
1340.0,195.65,1374.0,63.0,35.0
1340.0,195.7,1363.0,64.0,37.0
1340.0,195.75,1352.0,64.0,39.0
1340.0,195.8,1341.0,64.0,40.0
1340.0,195.85,1330.0,65.0,42.0
1340.0,195.9,1319.0,65.0,44.0
1340.0,195.95,1308.0,66.0,45.0
1340.0,196.0,1297.0,66.0,47.0
1340.0,196.05,1310.0,66.0,45.0
1340.0,196.1,1322.0,66.0,43.0
1340.0,196.15,1335.0,66.0,41.0
1340.0,196.2,1348.0,66.0,40.0
1340.0,196.25,1360.0,65.0,38.0
1340.0,196.3,1373.0,65.0,36.0
1340.0,196.35,1385.0,65.0,34.0
1340.0,196.4,1398.0,65.0,33.0
1340.0,196.45,1411.0,65.0,31.0
1340.0,196.5,1422.0,65.0,30.0
1340.0,196.55,1425.0,65.0,30.0
1340.0,196.6,1429.0,65.0,31.0
1340.0,196.65,1432.0,65.0,31.0
1340.0,196.7,1436.0,65.0,32.0
1340.0,196.75,1439.0,65.0,33.0
1340.0,196.8,1442.0,65.0,33.0
1340.0,196.85,1446.0,65.0,34.0
1340.0,196.9,1449.0,65.0,34.0
1340.0,196.95,1453.0,65.0,35.0
1340.0,197.0,1456.0,65.0,36.0
1340.0,197.05,1459.0,66.0,36.0
1340.0,197.1,1463.0,66.0,36.0
1340.0,197.15,1466.0,66.0,37.0
1340.0,197.2,1470.0,66.0,37.0
1340.0,197.25,1473.0,66.0,37.0
1340.0,197.3,1477.0,66.0,38.0
1340.0,197.35,1480.0,66.0,38.0
1340.0,197.4,1484.0,66.0,38.0
1340.0,197.45,1487.0,66.0,39.0
1340.0,197.5,1491.0,66.0,39.0
1340.0,197.55,1493.0,67.0,39.0
1340.0,197.6,1495.0,67.0,39.0
1340.0,197.65,1497.0,68.0,39.0
1340.0,197.7,1498.0,69.0,39.0
1340.0,197.75,1500.0,70.0,39.0
1340.0,197.8,1502.0,71.0,39.0
1340.0,197.85,1504.0,71.0,40.0
1340.0,197.9,1506.0,72.0,40.0
1340.0,197.95,1508.0,73.0,40.0
1340.0,198.0,1510.0,74.0,40.0
1340.0,198.05,1510.0,75.0,39.0
1340.0,198.1,1510.0,77.0,39.0
1340.0,198.15,1509.0,79.0,39.0
1340.0,198.2,1509.0,81.0,38.0
1340.0,198.25,1509.0,82.0,38.0
1340.0,198.3,1508.0,84.0,38.0
1340.0,198.35,1508.0,86.0,37.0
1340.0,198.4,1508.0,88.0,37.0
1340.0,198.45,1508.0,90.0,37.0
1340.0,198.5,1507.0,91.0,36.0
1340.0,198.55,1507.0,91.0,36.0
1340.0,198.6,1507.0,91.0,36.0
1340.0,198.65,1507.0,91.0,36.0
1340.0,198.7,1507.0,91.0,36.0
1340.0,198.75,1507.0,91.0,36.0
1340.0,198.8,1507.0,91.0,36.0
1340.0,198.85,1507.0,91.0,36.0
1340.0,198.9,1507.0,91.0,36.0
1340.0,198.95,1507.0,91.0,36.0
1340.0,199.0,1507.0,91.0,36.0
1340.0,199.05,1507.0,91.0,36.0
1340.0,199.1,1507.0,91.0,36.0
1340.0,199.15,1507.0,91.0,36.0
1340.0,199.2,1507.0,91.0,36.0
1340.0,199.25,1507.0,91.0,36.0
1340.0,199.3,1507.0,91.0,36.0
1340.0,199.35,1507.0,91.0,36.0
1340.0,199.4,1507.0,91.0,36.0
1340.0,199.45,1507.0,91.0,36.0
1340.0,199.5,1507.0,91.0,36.0
1340.0,199.55,1507.0,91.0,36.0
1340.0,199.6,1507.0,91.0,36.0
1340.0,199.65,1507.0,91.0,36.0
1340.0,199.7,1507.0,91.0,36.0
1340.0,199.75,1507.0,91.0,36.0
1340.0,199.8,1507.0,91.0,36.0
1340.0,199.85,1507.0,91.0,36.0
1340.0,199.9,1507.0,91.0,36.0
1340.0,199.95,1507.0,91.0,36.0
1340.0,200.0,1507.0,91.0,36.0
1340.0,200.05,1507.0,91.0,36.0
1340.0,200.1,1507.0,91.0,36.0
1340.0,200.15,1507.0,91.0,36.0
1340.0,200.2,1507.0,91.0,36.0
1340.0,200.25,1507.0,91.0,36.0
1340.0,200.3,1507.0,91.0,36.0
1340.0,200.35,1507.0,91.0,36.0
1340.0,200.4,1507.0,91.0,36.0
1340.0,200.45,1507.0,91.0,36.0
1340.0,200.5,1507.0,91.0,36.0
1350.0,189.5,1435.0,46.0,10.0
1350.0,189.55,1435.0,46.0,10.0
1350.0,189.6,1435.0,46.0,10.0
1350.0,189.65,1435.0,46.0,10.0
1350.0,189.7,1435.0,46.0,10.0
1350.0,189.75,1435.0,46.0,10.0
1350.0,189.8,1435.0,46.0,10.0
1350.0,189.85,1435.0,46.0,10.0
1350.0,189.9,1435.0,46.0,10.0
1350.0,189.95,1435.0,46.0,10.0
1350.0,190.0,1435.0,46.0,10.0
1350.0,190.05,1435.0,46.0,10.0
1350.0,190.1,1435.0,46.0,10.0
1350.0,190.15,1435.0,46.0,10.0
1350.0,190.2,1435.0,46.0,10.0
1350.0,190.25,1435.0,46.0,10.0
1350.0,190.3,1435.0,46.0,10.0
1350.0,190.35,1435.0,46.0,10.0
1350.0,190.4,1435.0,46.0,10.0
1350.0,190.45,1435.0,46.0,10.0
1350.0,190.5,1435.0,46.0,10.0
1350.0,190.55,1435.0,46.0,10.0
1350.0,190.6,1435.0,46.0,10.0
1350.0,190.65,1435.0,46.0,10.0
1350.0,190.7,1435.0,46.0,10.0
1350.0,190.75,1435.0,46.0,10.0
1350.0,190.8,1435.0,46.0,10.0
1350.0,190.85,1435.0,46.0,10.0
1350.0,190.9,1435.0,46.0,10.0
1350.0,190.95,1435.0,46.0,10.0
1350.0,191.0,1435.0,46.0,10.0
1350.0,191.05,1435.0,46.0,10.0
1350.0,191.1,1435.0,46.0,10.0
1350.0,191.15,1435.0,46.0,10.0
1350.0,191.2,1435.0,46.0,10.0
1350.0,191.25,1435.0,46.0,10.0
1350.0,191.3,1435.0,46.0,10.0
1350.0,191.35,1435.0,46.0,10.0
1350.0,191.4,1435.0,46.0,10.0
1350.0,191.45,1435.0,46.0,10.0
1350.0,191.5,1435.0,46.0,10.0
1350.0,191.55,1433.0,46.0,10.0
1350.0,191.6,1432.0,45.0,11.0
1350.0,191.65,1430.0,45.0,12.0
1350.0,191.7,1429.0,45.0,13.0
1350.0,191.75,1428.0,45.0,13.0
1350.0,191.8,1426.0,44.0,14.0
1350.0,191.85,1425.0,44.0,15.0
1350.0,191.9,1423.0,44.0,16.0
1350.0,191.95,1422.0,44.0,16.0
1350.0,192.0,1420.0,43.0,17.0
1350.0,192.05,1419.0,44.0,18.0
1350.0,192.1,1419.0,44.0,18.0
1350.0,192.15,1418.0,44.0,19.0
1350.0,192.2,1417.0,44.0,20.0
1350.0,192.25,1416.0,45.0,20.0
1350.0,192.3,1416.0,45.0,21.0
1350.0,192.35,1415.0,45.0,21.0
1350.0,192.4,1414.0,45.0,22.0
1350.0,192.45,1414.0,46.0,23.0
1350.0,192.5,1413.0,46.0,23.0
1350.0,192.55,1410.0,46.0,23.0
1350.0,192.6,1406.0,45.0,23.0
1350.0,192.65,1403.0,45.0,23.0
1350.0,192.7,1399.0,45.0,23.0
1350.0,192.75,1396.0,45.0,23.0
1350.0,192.8,1393.0,44.0,23.0
1350.0,192.85,1389.0,44.0,24.0
1350.0,192.9,1386.0,44.0,24.0
1350.0,192.95,1382.0,43.0,24.0
1350.0,193.0,1379.0,43.0,24.0
1350.0,193.05,1378.0,45.0,24.0
1350.0,193.1,1377.0,46.0,24.0
1350.0,193.15,1376.0,48.0,23.0
1350.0,193.2,1375.0,49.0,23.0
1350.0,193.25,1374.0,51.0,23.0
1350.0,193.3,1374.0,52.0,23.0
1350.0,193.35,1373.0,54.0,23.0
1350.0,193.4,1372.0,55.0,23.0
1350.0,193.45,1371.0,57.0,23.0
1350.0,193.5,1370.0,58.0,23.0
1350.0,193.55,1371.0,58.0,23.0
1350.0,193.6,1372.0,58.0,23.0
1350.0,193.65,1373.0,58.0,23.0
1350.0,193.7,1374.0,58.0,23.0
1350.0,193.75,1375.0,58.0,23.0
1350.0,193.8,1376.0,58.0,23.0
1350.0,193.85,1377.0,57.0,23.0
1350.0,193.9,1378.0,57.0,23.0
1350.0,193.95,1379.0,57.0,23.0
1350.0,194.0,1380.0,57.0,23.0
1350.0,194.05,1383.0,57.0,24.0
1350.0,194.1,1385.0,56.0,24.0
1350.0,194.15,1388.0,56.0,25.0
1350.0,194.2,1390.0,56.0,25.0
1350.0,194.25,1392.0,55.0,26.0
1350.0,194.3,1395.0,55.0,27.0
1350.0,194.35,1397.0,55.0,27.0
1350.0,194.4,1400.0,54.0,28.0
1350.0,194.45,1402.0,54.0,28.0
1350.0,194.5,1405.0,54.0,29.0
1350.0,194.55,1408.0,54.0,29.0
1350.0,194.6,1410.0,54.0,30.0
1350.0,194.65,1413.0,54.0,30.0
1350.0,194.7,1415.0,54.0,30.0
1350.0,194.75,1418.0,55.0,31.0
1350.0,194.8,1420.0,55.0,31.0
1350.0,194.85,1422.0,55.0,32.0
1350.0,194.9,1425.0,55.0,32.0
1350.0,194.95,1427.0,56.0,32.0
1350.0,195.0,1430.0,56.0,33.0
1350.0,195.05,1429.0,56.0,33.0
1350.0,195.1,1428.0,57.0,33.0
1350.0,195.15,1427.0,58.0,32.0
1350.0,195.2,1426.0,59.0,32.0
1350.0,195.25,1426.0,59.0,32.0
1350.0,195.3,1425.0,60.0,32.0
1350.0,195.35,1424.0,61.0,32.0
1350.0,195.4,1423.0,61.0,31.0
1350.0,195.45,1422.0,62.0,31.0
1350.0,195.5,1421.0,63.0,31.0
1350.0,195.55,1410.0,63.0,33.0
1350.0,195.6,1399.0,63.0,34.0
1350.0,195.65,1388.0,64.0,36.0
1350.0,195.7,1377.0,64.0,38.0
1350.0,195.75,1366.0,65.0,39.0
1350.0,195.8,1355.0,65.0,41.0
1350.0,195.85,1344.0,65.0,42.0
1350.0,195.9,1333.0,66.0,44.0
1350.0,195.95,1322.0,66.0,46.0
1350.0,196.0,1311.0,66.0,47.0
1350.0,196.05,1324.0,66.0,46.0
1350.0,196.1,1336.0,66.0,44.0
1350.0,196.15,1349.0,66.0,42.0
1350.0,196.2,1361.0,66.0,40.0
1350.0,196.25,1374.0,66.0,38.0
1350.0,196.3,1387.0,66.0,37.0
1350.0,196.35,1399.0,66.0,35.0
1350.0,196.4,1412.0,65.0,33.0
1350.0,196.45,1424.0,65.0,31.0
1350.0,196.5,1437.0,65.0,30.0
1350.0,196.55,1440.0,65.0,30.0
1350.0,196.6,1444.0,65.0,31.0
1350.0,196.65,1447.0,65.0,32.0
1350.0,196.7,1451.0,65.0,32.0
1350.0,196.75,1454.0,66.0,33.0
1350.0,196.8,1457.0,66.0,33.0
1350.0,196.85,1461.0,66.0,34.0
1350.0,196.9,1464.0,66.0,35.0
1350.0,196.95,1468.0,66.0,35.0
1350.0,197.0,1471.0,66.0,36.0
1350.0,197.05,1475.0,66.0,36.0
1350.0,197.1,1478.0,66.0,37.0
1350.0,197.15,1482.0,66.0,37.0
1350.0,197.2,1485.0,66.0,37.0
1350.0,197.25,1488.0,66.0,38.0
1350.0,197.3,1492.0,66.0,38.0
1350.0,197.35,1495.0,66.0,38.0
1350.0,197.4,1499.0,66.0,39.0
1350.0,197.45,1502.0,66.0,39.0
1350.0,197.5,1506.0,66.0,39.0
1350.0,197.55,1508.0,67.0,39.0
1350.0,197.6,1510.0,68.0,39.0
1350.0,197.65,1512.0,69.0,40.0
1350.0,197.7,1514.0,69.0,40.0
1350.0,197.75,1516.0,70.0,40.0
1350.0,197.8,1517.0,71.0,40.0
1350.0,197.85,1519.0,72.0,40.0
1350.0,197.9,1521.0,73.0,40.0
1350.0,197.95,1523.0,73.0,40.0
1350.0,198.0,1525.0,74.0,40.0
1350.0,198.05,1525.0,76.0,40.0
1350.0,198.1,1524.0,78.0,39.0
1350.0,198.15,1524.0,80.0,39.0
1350.0,198.2,1524.0,81.0,39.0
1350.0,198.25,1524.0,83.0,38.0
1350.0,198.3,1523.0,85.0,38.0
1350.0,198.35,1523.0,87.0,38.0
1350.0,198.4,1523.0,89.0,37.0
1350.0,198.45,1522.0,90.0,37.0
1350.0,198.5,1522.0,92.0,37.0
1350.0,198.55,1522.0,92.0,37.0
1350.0,198.6,1522.0,92.0,37.0
1350.0,198.65,1522.0,92.0,37.0
1350.0,198.7,1522.0,92.0,37.0
1350.0,198.75,1522.0,92.0,37.0
1350.0,198.8,1522.0,92.0,37.0
1350.0,198.85,1522.0,92.0,37.0
1350.0,198.9,1522.0,92.0,37.0
1350.0,198.95,1522.0,92.0,37.0
1350.0,199.0,1522.0,92.0,37.0
1350.0,199.05,1522.0,92.0,37.0
1350.0,199.1,1522.0,92.0,37.0
1350.0,199.15,1522.0,92.0,37.0
1350.0,199.2,1522.0,92.0,37.0
1350.0,199.25,1522.0,92.0,37.0
1350.0,199.3,1522.0,92.0,37.0
1350.0,199.35,1522.0,92.0,37.0
1350.0,199.4,1522.0,92.0,37.0
1350.0,199.45,1522.0,92.0,37.0
1350.0,199.5,1522.0,92.0,37.0
1350.0,199.55,1522.0,92.0,37.0
1350.0,199.6,1522.0,92.0,37.0
1350.0,199.65,1522.0,92.0,37.0
1350.0,199.7,1522.0,92.0,37.0
1350.0,199.75,1522.0,92.0,37.0
1350.0,199.8,1522.0,92.0,37.0
1350.0,199.85,1522.0,92.0,37.0
1350.0,199.9,1522.0,92.0,37.0
1350.0,199.95,1522.0,92.0,37.0
1350.0,200.0,1522.0,92.0,37.0
1350.0,200.05,1522.0,92.0,37.0
1350.0,200.1,1522.0,92.0,37.0
1350.0,200.15,1522.0,92.0,37.0
1350.0,200.2,1522.0,92.0,37.0
1350.0,200.25,1522.0,92.0,37.0
1350.0,200.3,1522.0,92.0,37.0
1350.0,200.35,1522.0,92.0,37.0
1350.0,200.4,1522.0,92.0,37.0
1350.0,200.45,1522.0,92.0,37.0
1350.0,200.5,1522.0,92.0,37.0
1360.0,189.5,1461.0,47.0,10.0
1360.0,189.55,1461.0,47.0,10.0
1360.0,189.6,1461.0,47.0,10.0
1360.0,189.65,1461.0,47.0,10.0
1360.0,189.7,1461.0,47.0,10.0
1360.0,189.75,1461.0,47.0,10.0
1360.0,189.8,1461.0,47.0,10.0
1360.0,189.85,1461.0,47.0,10.0
1360.0,189.9,1461.0,47.0,10.0
1360.0,189.95,1461.0,47.0,10.0
1360.0,190.0,1461.0,47.0,10.0
1360.0,190.05,1461.0,47.0,10.0
1360.0,190.1,1461.0,47.0,10.0
1360.0,190.15,1461.0,47.0,10.0
1360.0,190.2,1461.0,47.0,10.0
1360.0,190.25,1461.0,47.0,10.0
1360.0,190.3,1461.0,47.0,10.0
1360.0,190.35,1461.0,47.0,10.0
1360.0,190.4,1461.0,47.0,10.0
1360.0,190.45,1461.0,47.0,10.0
1360.0,190.5,1461.0,47.0,10.0
1360.0,190.55,1461.0,47.0,10.0
1360.0,190.6,1461.0,47.0,10.0
1360.0,190.65,1461.0,47.0,10.0
1360.0,190.7,1461.0,47.0,10.0
1360.0,190.75,1461.0,47.0,10.0
1360.0,190.8,1461.0,47.0,10.0
1360.0,190.85,1461.0,47.0,10.0
1360.0,190.9,1461.0,47.0,10.0
1360.0,190.95,1461.0,47.0,10.0
1360.0,191.0,1461.0,47.0,10.0
1360.0,191.05,1461.0,47.0,10.0
1360.0,191.1,1461.0,47.0,10.0
1360.0,191.15,1461.0,47.0,10.0
1360.0,191.2,1461.0,47.0,10.0
1360.0,191.25,1461.0,47.0,10.0
1360.0,191.3,1461.0,47.0,10.0
1360.0,191.35,1461.0,47.0,10.0
1360.0,191.4,1461.0,47.0,10.0
1360.0,191.45,1461.0,47.0,10.0
1360.0,191.5,1461.0,47.0,10.0
1360.0,191.55,1459.0,46.0,11.0
1360.0,191.6,1458.0,46.0,11.0
1360.0,191.65,1456.0,46.0,12.0
1360.0,191.7,1455.0,46.0,13.0
1360.0,191.75,1454.0,45.0,14.0
1360.0,191.8,1452.0,45.0,14.0
1360.0,191.85,1451.0,45.0,15.0
1360.0,191.9,1449.0,45.0,16.0
1360.0,191.95,1448.0,44.0,17.0
1360.0,192.0,1446.0,44.0,17.0
1360.0,192.05,1445.0,44.0,18.0
1360.0,192.1,1445.0,45.0,19.0
1360.0,192.15,1444.0,45.0,19.0
1360.0,192.2,1443.0,45.0,20.0
1360.0,192.25,1442.0,45.0,20.0
1360.0,192.3,1442.0,46.0,21.0
1360.0,192.35,1441.0,46.0,22.0
1360.0,192.4,1440.0,46.0,22.0
1360.0,192.45,1440.0,46.0,23.0
1360.0,192.5,1439.0,46.0,24.0
1360.0,192.55,1435.0,46.0,24.0
1360.0,192.6,1432.0,46.0,24.0
1360.0,192.65,1428.0,45.0,24.0
1360.0,192.7,1425.0,45.0,24.0
1360.0,192.75,1421.0,45.0,24.0
1360.0,192.8,1418.0,45.0,24.0
1360.0,192.85,1415.0,44.0,24.0
1360.0,192.9,1411.0,44.0,24.0
1360.0,192.95,1408.0,44.0,24.0
1360.0,193.0,1404.0,44.0,24.0
1360.0,193.05,1403.0,45.0,24.0
1360.0,193.1,1403.0,47.0,24.0
1360.0,193.15,1402.0,48.0,24.0
1360.0,193.2,1401.0,50.0,24.0
1360.0,193.25,1400.0,51.0,24.0
1360.0,193.3,1399.0,53.0,24.0
1360.0,193.35,1398.0,54.0,23.0
1360.0,193.4,1397.0,56.0,23.0
1360.0,193.45,1396.0,57.0,23.0
1360.0,193.5,1395.0,59.0,23.0
1360.0,193.55,1396.0,59.0,24.0
1360.0,193.6,1397.0,59.0,24.0
1360.0,193.65,1398.0,59.0,24.0
1360.0,193.7,1399.0,59.0,24.0
1360.0,193.75,1400.0,59.0,24.0
1360.0,193.8,1401.0,59.0,24.0
1360.0,193.85,1402.0,58.0,24.0
1360.0,193.9,1403.0,58.0,24.0
1360.0,193.95,1404.0,58.0,24.0
1360.0,194.0,1405.0,58.0,24.0
1360.0,194.05,1408.0,58.0,24.0
1360.0,194.1,1410.0,57.0,25.0
1360.0,194.15,1413.0,57.0,25.0
1360.0,194.2,1415.0,57.0,26.0
1360.0,194.25,1418.0,56.0,26.0
1360.0,194.3,1420.0,56.0,27.0
1360.0,194.35,1423.0,56.0,28.0
1360.0,194.4,1425.0,55.0,28.0
1360.0,194.45,1428.0,55.0,29.0
1360.0,194.5,1430.0,54.0,29.0
1360.0,194.55,1434.0,54.0,30.0
1360.0,194.6,1436.0,54.0,30.0
1360.0,194.65,1439.0,55.0,30.0
1360.0,194.7,1441.0,55.0,31.0
1360.0,194.75,1444.0,55.0,31.0
1360.0,194.8,1446.0,55.0,32.0
1360.0,194.85,1448.0,56.0,32.0
1360.0,194.9,1451.0,56.0,32.0
1360.0,194.95,1453.0,56.0,33.0
1360.0,195.0,1456.0,56.0,33.0
1360.0,195.05,1454.0,57.0,33.0
1360.0,195.1,1454.0,58.0,33.0
1360.0,195.15,1453.0,58.0,33.0
1360.0,195.2,1452.0,59.0,32.0
1360.0,195.25,1451.0,60.0,32.0
1360.0,195.3,1450.0,60.0,32.0
1360.0,195.35,1449.0,61.0,32.0
1360.0,195.4,1448.0,62.0,32.0
1360.0,195.45,1447.0,62.0,32.0
1360.0,195.5,1446.0,63.0,31.0
1360.0,195.55,1435.0,64.0,33.0
1360.0,195.6,1424.0,64.0,35.0
1360.0,195.65,1413.0,65.0,36.0
1360.0,195.7,1402.0,65.0,38.0
1360.0,195.75,1391.0,66.0,40.0
1360.0,195.8,1380.0,66.0,41.0
1360.0,195.85,1369.0,66.0,43.0
1360.0,195.9,1358.0,67.0,44.0
1360.0,195.95,1347.0,67.0,46.0
1360.0,196.0,1336.0,68.0,48.0
1360.0,196.05,1349.0,67.0,46.0
1360.0,196.1,1361.0,67.0,44.0
1360.0,196.15,1374.0,67.0,42.0
1360.0,196.2,1386.0,67.0,41.0
1360.0,196.25,1399.0,67.0,39.0
1360.0,196.3,1412.0,67.0,37.0
1360.0,196.35,1424.0,67.0,35.0
1360.0,196.4,1437.0,67.0,34.0
1360.0,196.45,1449.0,66.0,32.0
1360.0,196.5,1462.0,66.0,30.0
1360.0,196.55,1466.0,66.0,31.0
1360.0,196.6,1469.0,66.0,31.0
1360.0,196.65,1472.0,66.0,32.0
1360.0,196.7,1476.0,66.0,32.0
1360.0,196.75,1479.0,66.0,33.0
1360.0,196.8,1483.0,66.0,34.0
1360.0,196.85,1486.0,66.0,34.0
1360.0,196.9,1489.0,66.0,35.0
1360.0,196.95,1493.0,66.0,36.0
1360.0,197.0,1496.0,66.0,36.0
1360.0,197.05,1500.0,66.0,37.0
1360.0,197.1,1503.0,66.0,37.0
1360.0,197.15,1507.0,67.0,37.0
1360.0,197.2,1510.0,67.0,38.0
1360.0,197.25,1514.0,67.0,38.0
1360.0,197.3,1517.0,67.0,38.0
1360.0,197.35,1521.0,67.0,39.0
1360.0,197.4,1524.0,67.0,39.0
1360.0,197.45,1528.0,67.0,39.0
1360.0,197.5,1531.0,67.0,40.0
1360.0,197.55,1533.0,67.0,40.0
1360.0,197.6,1535.0,68.0,40.0
1360.0,197.65,1537.0,69.0,40.0
1360.0,197.7,1539.0,70.0,40.0
1360.0,197.75,1541.0,71.0,40.0
1360.0,197.8,1543.0,71.0,40.0
1360.0,197.85,1544.0,72.0,40.0
1360.0,197.9,1546.0,73.0,40.0
1360.0,197.95,1548.0,74.0,40.0
1360.0,198.0,1550.0,75.0,40.0
1360.0,198.05,1550.0,76.0,40.0
1360.0,198.1,1549.0,78.0,40.0
1360.0,198.15,1549.0,80.0,39.0
1360.0,198.2,1549.0,82.0,39.0
1360.0,198.25,1549.0,84.0,39.0
1360.0,198.3,1548.0,85.0,38.0
1360.0,198.35,1548.0,87.0,38.0
1360.0,198.4,1548.0,89.0,38.0
1360.0,198.45,1547.0,91.0,37.0
1360.0,198.5,1546.0,93.0,37.0
1360.0,198.55,1546.0,93.0,37.0
1360.0,198.6,1546.0,93.0,37.0
1360.0,198.65,1546.0,93.0,37.0
1360.0,198.7,1547.0,93.0,37.0
1360.0,198.75,1546.0,93.0,37.0
1360.0,198.8,1546.0,93.0,37.0
1360.0,198.85,1546.0,93.0,37.0
1360.0,198.9,1546.0,93.0,37.0
1360.0,198.95,1546.0,93.0,37.0
1360.0,199.0,1546.0,93.0,37.0
1360.0,199.05,1546.0,93.0,37.0
1360.0,199.1,1546.0,93.0,37.0
1360.0,199.15,1546.0,93.0,37.0
1360.0,199.2,1546.0,93.0,37.0
1360.0,199.25,1546.0,93.0,37.0
1360.0,199.3,1546.0,93.0,37.0
1360.0,199.35,1546.0,93.0,37.0
1360.0,199.4,1546.0,93.0,37.0
1360.0,199.45,1546.0,93.0,37.0
1360.0,199.5,1546.0,93.0,37.0
1360.0,199.55,1546.0,93.0,37.0
1360.0,199.6,1546.0,93.0,37.0
1360.0,199.65,1546.0,93.0,37.0
1360.0,199.7,1546.0,93.0,37.0
1360.0,199.75,1546.0,93.0,37.0
1360.0,199.8,1546.0,93.0,37.0
1360.0,199.85,1546.0,93.0,37.0
1360.0,199.9,1546.0,93.0,37.0
1360.0,199.95,1546.0,93.0,37.0
1360.0,200.0,1546.0,93.0,37.0
1360.0,200.05,1546.0,93.0,37.0
1360.0,200.1,1546.0,93.0,37.0
1360.0,200.15,1546.0,93.0,37.0
1360.0,200.2,1546.0,93.0,37.0
1360.0,200.25,1546.0,93.0,37.0
1360.0,200.3,1547.0,93.0,37.0
1360.0,200.35,1546.0,93.0,37.0
1360.0,200.4,1546.0,93.0,37.0
1360.0,200.45,1546.0,93.0,37.0
1360.0,200.5,1546.0,93.0,37.0
1370.0,189.5,1487.0,48.0,10.0
1370.0,189.55,1487.0,48.0,10.0
1370.0,189.6,1487.0,48.0,10.0
1370.0,189.65,1487.0,48.0,10.0
1370.0,189.7,1487.0,48.0,10.0
1370.0,189.75,1487.0,48.0,10.0
1370.0,189.8,1487.0,48.0,10.0
1370.0,189.85,1487.0,48.0,10.0
1370.0,189.9,1487.0,48.0,10.0
1370.0,189.95,1487.0,48.0,10.0
1370.0,190.0,1487.0,48.0,10.0
1370.0,190.05,1487.0,48.0,10.0
1370.0,190.1,1487.0,48.0,10.0
1370.0,190.15,1487.0,48.0,10.0
1370.0,190.2,1487.0,48.0,10.0
1370.0,190.25,1487.0,48.0,10.0
1370.0,190.3,1487.0,48.0,10.0
1370.0,190.35,1487.0,48.0,10.0
1370.0,190.4,1487.0,48.0,10.0
1370.0,190.45,1487.0,48.0,10.0
1370.0,190.5,1487.0,48.0,10.0
1370.0,190.55,1487.0,48.0,10.0
1370.0,190.6,1487.0,48.0,10.0
1370.0,190.65,1487.0,48.0,10.0
1370.0,190.7,1487.0,48.0,10.0
1370.0,190.75,1487.0,48.0,10.0
1370.0,190.8,1487.0,48.0,10.0
1370.0,190.85,1487.0,48.0,10.0
1370.0,190.9,1487.0,48.0,10.0
1370.0,190.95,1487.0,48.0,10.0
1370.0,191.0,1487.0,48.0,10.0
1370.0,191.05,1487.0,48.0,10.0
1370.0,191.1,1487.0,48.0,10.0
1370.0,191.15,1487.0,48.0,10.0
1370.0,191.2,1487.0,48.0,10.0
1370.0,191.25,1487.0,48.0,10.0
1370.0,191.3,1487.0,48.0,10.0
1370.0,191.35,1487.0,48.0,10.0
1370.0,191.4,1487.0,48.0,10.0
1370.0,191.45,1487.0,48.0,10.0
1370.0,191.5,1487.0,48.0,10.0
1370.0,191.55,1485.0,47.0,11.0
1370.0,191.6,1484.0,47.0,11.0
1370.0,191.65,1482.0,46.0,12.0
1370.0,191.7,1481.0,46.0,13.0
1370.0,191.75,1480.0,46.0,14.0
1370.0,191.8,1478.0,46.0,14.0
1370.0,191.85,1477.0,45.0,15.0
1370.0,191.9,1475.0,45.0,16.0
1370.0,191.95,1474.0,45.0,17.0
1370.0,192.0,1472.0,45.0,17.0
1370.0,192.05,1471.0,45.0,18.0
1370.0,192.1,1471.0,45.0,19.0
1370.0,192.15,1470.0,45.0,19.0
1370.0,192.2,1469.0,46.0,20.0
1370.0,192.25,1468.0,46.0,20.0
1370.0,192.3,1468.0,46.0,21.0
1370.0,192.35,1467.0,46.0,22.0
1370.0,192.4,1466.0,47.0,22.0
1370.0,192.45,1466.0,47.0,23.0
1370.0,192.5,1465.0,46.0,24.0
1370.0,192.55,1461.0,46.0,24.0
1370.0,192.6,1457.0,46.0,24.0
1370.0,192.65,1454.0,46.0,24.0
1370.0,192.7,1450.0,45.0,24.0
1370.0,192.75,1447.0,45.0,24.0
1370.0,192.8,1443.0,45.0,24.0
1370.0,192.85,1440.0,45.0,24.0
1370.0,192.9,1437.0,44.0,24.0
1370.0,192.95,1433.0,44.0,24.0
1370.0,193.0,1430.0,44.0,24.0
1370.0,193.05,1429.0,45.0,24.0
1370.0,193.1,1428.0,47.0,24.0
1370.0,193.15,1427.0,48.0,24.0
1370.0,193.2,1426.0,50.0,24.0
1370.0,193.25,1425.0,51.0,24.0
1370.0,193.3,1424.0,53.0,24.0
1370.0,193.35,1424.0,54.0,24.0
1370.0,193.4,1423.0,56.0,24.0
1370.0,193.45,1421.0,58.0,24.0
1370.0,193.5,1420.0,60.0,23.0
1370.0,193.55,1421.0,60.0,24.0
1370.0,193.6,1422.0,60.0,24.0
1370.0,193.65,1423.0,60.0,24.0
1370.0,193.7,1424.0,60.0,24.0
1370.0,193.75,1425.0,60.0,24.0
1370.0,193.8,1426.0,60.0,24.0
1370.0,193.85,1427.0,59.0,24.0
1370.0,193.9,1428.0,59.0,24.0
1370.0,193.95,1429.0,59.0,24.0
1370.0,194.0,1430.0,59.0,24.0
1370.0,194.05,1433.0,59.0,25.0
1370.0,194.1,1435.0,58.0,25.0
1370.0,194.15,1438.0,58.0,26.0
1370.0,194.2,1440.0,58.0,26.0
1370.0,194.25,1443.0,57.0,27.0
1370.0,194.3,1445.0,57.0,27.0
1370.0,194.35,1448.0,57.0,28.0
1370.0,194.4,1450.0,56.0,29.0
1370.0,194.45,1453.0,56.0,29.0
1370.0,194.5,1456.0,55.0,29.0
1370.0,194.55,1459.0,55.0,30.0
1370.0,194.6,1462.0,55.0,30.0
1370.0,194.65,1465.0,55.0,31.0
1370.0,194.7,1467.0,55.0,31.0
1370.0,194.75,1470.0,55.0,31.0
1370.0,194.8,1472.0,56.0,32.0
1370.0,194.85,1474.0,56.0,32.0
1370.0,194.9,1477.0,56.0,33.0
1370.0,194.95,1479.0,56.0,33.0
1370.0,195.0,1482.0,57.0,34.0
1370.0,195.05,1480.0,57.0,33.0
1370.0,195.1,1479.0,58.0,33.0
1370.0,195.15,1478.0,59.0,33.0
1370.0,195.2,1477.0,59.0,33.0
1370.0,195.25,1476.0,60.0,33.0
1370.0,195.3,1475.0,61.0,32.0
1370.0,195.35,1474.0,61.0,32.0
1370.0,195.4,1473.0,62.0,32.0
1370.0,195.45,1473.0,63.0,32.0
1370.0,195.5,1472.0,64.0,32.0
1370.0,195.55,1460.0,65.0,33.0
1370.0,195.6,1449.0,65.0,35.0
1370.0,195.65,1438.0,66.0,37.0
1370.0,195.7,1427.0,66.0,38.0
1370.0,195.75,1416.0,67.0,40.0
1370.0,195.8,1405.0,67.0,42.0
1370.0,195.85,1394.0,67.0,43.0
1370.0,195.9,1383.0,68.0,45.0
1370.0,195.95,1372.0,68.0,46.0
1370.0,196.0,1361.0,69.0,48.0
1370.0,196.05,1374.0,68.0,46.0
1370.0,196.1,1386.0,68.0,45.0
1370.0,196.15,1399.0,68.0,43.0
1370.0,196.2,1412.0,68.0,41.0
1370.0,196.25,1424.0,68.0,39.0
1370.0,196.3,1437.0,68.0,37.0
1370.0,196.35,1449.0,68.0,36.0
1370.0,196.4,1462.0,68.0,34.0
1370.0,196.45,1474.0,67.0,32.0
1370.0,196.5,1487.0,67.0,31.0
1370.0,196.55,1490.0,67.0,31.0
1370.0,196.6,1494.0,66.0,32.0
1370.0,196.65,1498.0,67.0,32.0
1370.0,196.7,1501.0,67.0,33.0
1370.0,196.75,1504.0,67.0,33.0
1370.0,196.8,1508.0,67.0,34.0
1370.0,196.85,1511.0,67.0,35.0
1370.0,196.9,1515.0,67.0,35.0
1370.0,196.95,1518.0,67.0,36.0
1370.0,197.0,1521.0,67.0,37.0
1370.0,197.05,1525.0,67.0,37.0
1370.0,197.1,1528.0,67.0,37.0
1370.0,197.15,1532.0,67.0,38.0
1370.0,197.2,1535.0,67.0,38.0
1370.0,197.25,1539.0,67.0,38.0
1370.0,197.3,1542.0,67.0,39.0
1370.0,197.35,1546.0,67.0,39.0
1370.0,197.4,1549.0,67.0,39.0
1370.0,197.45,1553.0,68.0,40.0
1370.0,197.5,1557.0,68.0,40.0
1370.0,197.55,1558.0,68.0,40.0
1370.0,197.6,1560.0,69.0,40.0
1370.0,197.65,1562.0,69.0,40.0
1370.0,197.7,1564.0,70.0,40.0
1370.0,197.75,1566.0,71.0,40.0
1370.0,197.8,1568.0,72.0,41.0
1370.0,197.85,1569.0,73.0,41.0
1370.0,197.9,1571.0,73.0,41.0
1370.0,197.95,1573.0,74.0,41.0
1370.0,198.0,1575.0,75.0,41.0
1370.0,198.05,1575.0,77.0,40.0
1370.0,198.1,1575.0,79.0,40.0
1370.0,198.15,1574.0,80.0,40.0
1370.0,198.2,1574.0,82.0,39.0
1370.0,198.25,1574.0,84.0,39.0
1370.0,198.3,1573.0,86.0,39.0
1370.0,198.35,1573.0,88.0,38.0
1370.0,198.4,1573.0,89.0,38.0
1370.0,198.45,1572.0,92.0,38.0
1370.0,198.5,1571.0,94.0,37.0
1370.0,198.55,1571.0,94.0,37.0
1370.0,198.6,1571.0,94.0,37.0
1370.0,198.65,1571.0,94.0,37.0
1370.0,198.7,1571.0,94.0,37.0
1370.0,198.75,1571.0,94.0,37.0
1370.0,198.8,1571.0,94.0,37.0
1370.0,198.85,1571.0,94.0,37.0
1370.0,198.9,1571.0,94.0,37.0
1370.0,198.95,1571.0,94.0,37.0
1370.0,199.0,1571.0,94.0,37.0
1370.0,199.05,1571.0,94.0,37.0
1370.0,199.1,1571.0,94.0,37.0
1370.0,199.15,1571.0,94.0,37.0
1370.0,199.2,1571.0,94.0,37.0
1370.0,199.25,1571.0,94.0,37.0
1370.0,199.3,1571.0,94.0,37.0
1370.0,199.35,1571.0,94.0,37.0
1370.0,199.4,1571.0,94.0,37.0
1370.0,199.45,1571.0,94.0,37.0
1370.0,199.5,1571.0,94.0,37.0
1370.0,199.55,1571.0,94.0,37.0
1370.0,199.6,1571.0,94.0,37.0
1370.0,199.65,1571.0,94.0,37.0
1370.0,199.7,1571.0,94.0,37.0
1370.0,199.75,1571.0,94.0,37.0
1370.0,199.8,1571.0,94.0,37.0
1370.0,199.85,1571.0,94.0,37.0
1370.0,199.9,1571.0,94.0,37.0
1370.0,199.95,1571.0,94.0,37.0
1370.0,200.0,1571.0,94.0,37.0
1370.0,200.05,1571.0,94.0,37.0
1370.0,200.1,1571.0,94.0,37.0
1370.0,200.15,1571.0,94.0,37.0
1370.0,200.2,1571.0,94.0,37.0
1370.0,200.25,1571.0,94.0,37.0
1370.0,200.3,1571.0,94.0,37.0
1370.0,200.35,1571.0,94.0,37.0
1370.0,200.4,1571.0,94.0,37.0
1370.0,200.45,1571.0,94.0,37.0
1370.0,200.5,1571.0,94.0,37.0
1380.0,189.5,1512.0,48.0,11.0
1380.0,189.55,1512.0,48.0,11.0
1380.0,189.6,1512.0,48.0,11.0
1380.0,189.65,1512.0,48.0,11.0
1380.0,189.7,1512.0,48.0,11.0
1380.0,189.75,1512.0,48.0,11.0
1380.0,189.8,1512.0,48.0,11.0
1380.0,189.85,1512.0,48.0,11.0
1380.0,189.9,1512.0,48.0,11.0
1380.0,189.95,1512.0,48.0,11.0
1380.0,190.0,1512.0,48.0,11.0
1380.0,190.05,1512.0,48.0,11.0
1380.0,190.1,1512.0,48.0,11.0
1380.0,190.15,1512.0,48.0,11.0
1380.0,190.2,1512.0,48.0,11.0
1380.0,190.25,1512.0,48.0,11.0
1380.0,190.3,1512.0,48.0,11.0
1380.0,190.35,1512.0,48.0,11.0
1380.0,190.4,1512.0,48.0,11.0
1380.0,190.45,1512.0,48.0,11.0
1380.0,190.5,1512.0,48.0,11.0
1380.0,190.55,1512.0,48.0,11.0
1380.0,190.6,1512.0,48.0,11.0
1380.0,190.65,1512.0,48.0,11.0
1380.0,190.7,1512.0,48.0,11.0
1380.0,190.75,1512.0,48.0,11.0
1380.0,190.8,1512.0,48.0,11.0
1380.0,190.85,1512.0,48.0,11.0
1380.0,190.9,1512.0,48.0,11.0
1380.0,190.95,1512.0,48.0,11.0
1380.0,191.0,1512.0,48.0,11.0
1380.0,191.05,1512.0,48.0,11.0
1380.0,191.1,1512.0,48.0,11.0
1380.0,191.15,1512.0,48.0,11.0
1380.0,191.2,1512.0,48.0,11.0
1380.0,191.25,1512.0,48.0,11.0
1380.0,191.3,1512.0,48.0,11.0
1380.0,191.35,1512.0,48.0,11.0
1380.0,191.4,1512.0,48.0,11.0
1380.0,191.45,1512.0,48.0,11.0
1380.0,191.5,1512.0,48.0,11.0
1380.0,191.55,1511.0,48.0,11.0
1380.0,191.6,1510.0,48.0,12.0
1380.0,191.65,1508.0,47.0,12.0
1380.0,191.7,1507.0,47.0,13.0
1380.0,191.75,1506.0,47.0,14.0
1380.0,191.8,1504.0,46.0,15.0
1380.0,191.85,1503.0,46.0,15.0
1380.0,191.9,1501.0,46.0,16.0
1380.0,191.95,1500.0,46.0,17.0
1380.0,192.0,1498.0,45.0,18.0
1380.0,192.05,1497.0,46.0,18.0
1380.0,192.1,1497.0,46.0,19.0
1380.0,192.15,1496.0,46.0,19.0
1380.0,192.2,1495.0,46.0,20.0
1380.0,192.25,1494.0,47.0,21.0
1380.0,192.3,1494.0,47.0,21.0
1380.0,192.35,1493.0,47.0,22.0
1380.0,192.4,1493.0,47.0,23.0
1380.0,192.45,1492.0,47.0,23.0
1380.0,192.5,1492.0,47.0,24.0
1380.0,192.55,1487.0,46.0,24.0
1380.0,192.6,1483.0,46.0,24.0
1380.0,192.65,1479.0,46.0,24.0
1380.0,192.7,1476.0,46.0,24.0
1380.0,192.75,1472.0,45.0,24.0
1380.0,192.8,1469.0,45.0,24.0
1380.0,192.85,1465.0,45.0,24.0
1380.0,192.9,1462.0,45.0,24.0
1380.0,192.95,1459.0,44.0,24.0
1380.0,193.0,1455.0,44.0,24.0
1380.0,193.05,1454.0,46.0,24.0
1380.0,193.1,1453.0,47.0,24.0
1380.0,193.15,1452.0,49.0,24.0
1380.0,193.2,1452.0,50.0,24.0
1380.0,193.25,1451.0,52.0,24.0
1380.0,193.3,1450.0,53.0,24.0
1380.0,193.35,1449.0,55.0,24.0
1380.0,193.4,1448.0,56.0,24.0
1380.0,193.45,1446.0,58.0,24.0
1380.0,193.5,1445.0,60.0,24.0
1380.0,193.55,1446.0,60.0,24.0
1380.0,193.6,1447.0,61.0,24.0
1380.0,193.65,1448.0,61.0,24.0
1380.0,193.7,1449.0,61.0,24.0
1380.0,193.75,1450.0,61.0,24.0
1380.0,193.8,1451.0,61.0,24.0
1380.0,193.85,1452.0,60.0,24.0
1380.0,193.9,1453.0,60.0,24.0
1380.0,193.95,1454.0,60.0,24.0
1380.0,194.0,1455.0,60.0,24.0
1380.0,194.05,1458.0,60.0,25.0
1380.0,194.1,1460.0,59.0,26.0
1380.0,194.15,1463.0,59.0,26.0
1380.0,194.2,1465.0,59.0,27.0
1380.0,194.25,1468.0,58.0,27.0
1380.0,194.3,1470.0,58.0,28.0
1380.0,194.35,1473.0,58.0,28.0
1380.0,194.4,1476.0,57.0,29.0
1380.0,194.45,1479.0,56.0,29.0
1380.0,194.5,1482.0,56.0,30.0
1380.0,194.55,1485.0,56.0,30.0
1380.0,194.6,1487.0,56.0,31.0
1380.0,194.65,1491.0,55.0,31.0
1380.0,194.7,1493.0,56.0,31.0
1380.0,194.75,1496.0,56.0,32.0
1380.0,194.8,1498.0,56.0,32.0
1380.0,194.85,1500.0,56.0,33.0
1380.0,194.9,1503.0,56.0,33.0
1380.0,194.95,1505.0,57.0,33.0
1380.0,195.0,1508.0,57.0,34.0
1380.0,195.05,1506.0,58.0,34.0
1380.0,195.1,1505.0,58.0,33.0
1380.0,195.15,1503.0,59.0,33.0
1380.0,195.2,1502.0,60.0,33.0
1380.0,195.25,1501.0,61.0,33.0
1380.0,195.3,1500.0,61.0,33.0
1380.0,195.35,1500.0,62.0,32.0
1380.0,195.4,1499.0,63.0,32.0
1380.0,195.45,1498.0,63.0,32.0
1380.0,195.5,1497.0,64.0,32.0
1380.0,195.55,1486.0,65.0,34.0
1380.0,195.6,1475.0,66.0,35.0
1380.0,195.65,1463.0,67.0,37.0
1380.0,195.7,1452.0,67.0,39.0
1380.0,195.75,1441.0,68.0,40.0
1380.0,195.8,1430.0,68.0,42.0
1380.0,195.85,1419.0,68.0,44.0
1380.0,195.9,1408.0,69.0,45.0
1380.0,195.95,1397.0,69.0,47.0
1380.0,196.0,1386.0,70.0,48.0
1380.0,196.05,1399.0,70.0,47.0
1380.0,196.1,1411.0,69.0,45.0
1380.0,196.15,1424.0,69.0,43.0
1380.0,196.2,1437.0,69.0,41.0
1380.0,196.25,1449.0,69.0,40.0
1380.0,196.3,1462.0,69.0,38.0
1380.0,196.35,1474.0,69.0,36.0
1380.0,196.4,1487.0,69.0,35.0
1380.0,196.45,1499.0,69.0,33.0
1380.0,196.5,1511.0,68.0,31.0
1380.0,196.55,1515.0,68.0,32.0
1380.0,196.6,1519.0,68.0,32.0
1380.0,196.65,1523.0,67.0,32.0
1380.0,196.7,1526.0,67.0,33.0
1380.0,196.75,1530.0,67.0,34.0
1380.0,196.8,1533.0,67.0,34.0
1380.0,196.85,1536.0,67.0,35.0
1380.0,196.9,1540.0,67.0,36.0
1380.0,196.95,1543.0,68.0,36.0
1380.0,197.0,1547.0,68.0,37.0
1380.0,197.05,1550.0,68.0,37.0
1380.0,197.1,1554.0,68.0,37.0
1380.0,197.15,1557.0,68.0,38.0
1380.0,197.2,1561.0,68.0,38.0
1380.0,197.25,1564.0,68.0,39.0
1380.0,197.3,1568.0,68.0,39.0
1380.0,197.35,1571.0,68.0,39.0
1380.0,197.4,1575.0,68.0,40.0
1380.0,197.45,1578.0,69.0,40.0
1380.0,197.5,1582.0,69.0,40.0
1380.0,197.55,1584.0,69.0,40.0
1380.0,197.6,1585.0,70.0,41.0
1380.0,197.65,1587.0,70.0,41.0
1380.0,197.7,1589.0,71.0,41.0
1380.0,197.75,1591.0,71.0,41.0
1380.0,197.8,1593.0,72.0,41.0
1380.0,197.85,1595.0,73.0,41.0
1380.0,197.9,1596.0,74.0,41.0
1380.0,197.95,1598.0,75.0,41.0
1380.0,198.0,1600.0,76.0,41.0
1380.0,198.05,1600.0,77.0,41.0
1380.0,198.1,1600.0,79.0,41.0
1380.0,198.15,1599.0,81.0,40.0
1380.0,198.2,1599.0,83.0,40.0
1380.0,198.25,1599.0,85.0,39.0
1380.0,198.3,1598.0,86.0,39.0
1380.0,198.35,1598.0,88.0,39.0
1380.0,198.4,1597.0,90.0,38.0
1380.0,198.45,1596.0,93.0,38.0
1380.0,198.5,1596.0,95.0,38.0
1380.0,198.55,1596.0,95.0,38.0
1380.0,198.6,1596.0,95.0,38.0
1380.0,198.65,1596.0,95.0,38.0
1380.0,198.7,1596.0,95.0,38.0
1380.0,198.75,1596.0,95.0,38.0
1380.0,198.8,1596.0,95.0,38.0
1380.0,198.85,1596.0,95.0,38.0
1380.0,198.9,1596.0,95.0,38.0
1380.0,198.95,1596.0,95.0,38.0
1380.0,199.0,1596.0,95.0,38.0
1380.0,199.05,1596.0,95.0,38.0
1380.0,199.1,1596.0,95.0,38.0
1380.0,199.15,1596.0,95.0,38.0
1380.0,199.2,1596.0,95.0,38.0
1380.0,199.25,1596.0,95.0,38.0
1380.0,199.3,1596.0,95.0,38.0
1380.0,199.35,1596.0,95.0,38.0
1380.0,199.4,1596.0,95.0,38.0
1380.0,199.45,1596.0,95.0,38.0
1380.0,199.5,1596.0,95.0,38.0
1380.0,199.55,1596.0,95.0,38.0
1380.0,199.6,1596.0,95.0,38.0
1380.0,199.65,1596.0,95.0,38.0
1380.0,199.7,1596.0,95.0,38.0
1380.0,199.75,1596.0,95.0,38.0
1380.0,199.8,1596.0,95.0,38.0
1380.0,199.85,1596.0,95.0,38.0
1380.0,199.9,1596.0,95.0,38.0
1380.0,199.95,1596.0,95.0,38.0
1380.0,200.0,1596.0,95.0,38.0
1380.0,200.05,1595.0,95.0,38.0
1380.0,200.1,1596.0,95.0,38.0
1380.0,200.15,1595.0,95.0,38.0
1380.0,200.2,1596.0,95.0,38.0
1380.0,200.25,1595.0,95.0,38.0
1380.0,200.3,1596.0,95.0,38.0
1380.0,200.35,1596.0,95.0,38.0
1380.0,200.4,1596.0,95.0,38.0
1380.0,200.45,1596.0,95.0,38.0
1380.0,200.5,1596.0,95.0,38.0
1390.0,189.5,1538.0,49.0,11.0
1390.0,189.55,1538.0,49.0,11.0
1390.0,189.6,1538.0,49.0,11.0
1390.0,189.65,1538.0,49.0,11.0
1390.0,189.7,1538.0,49.0,11.0
1390.0,189.75,1538.0,49.0,11.0
1390.0,189.8,1538.0,49.0,11.0
1390.0,189.85,1538.0,49.0,11.0
1390.0,189.9,1538.0,49.0,11.0
1390.0,189.95,1538.0,49.0,11.0
1390.0,190.0,1538.0,49.0,11.0
1390.0,190.05,1538.0,49.0,11.0
1390.0,190.1,1538.0,49.0,11.0
1390.0,190.15,1538.0,49.0,11.0
1390.0,190.2,1538.0,49.0,11.0
1390.0,190.25,1538.0,49.0,11.0
1390.0,190.3,1538.0,49.0,11.0
1390.0,190.35,1538.0,49.0,11.0
1390.0,190.4,1538.0,49.0,11.0
1390.0,190.45,1538.0,49.0,11.0
1390.0,190.5,1538.0,49.0,11.0
1390.0,190.55,1538.0,49.0,11.0
1390.0,190.6,1538.0,49.0,11.0
1390.0,190.65,1538.0,49.0,11.0
1390.0,190.7,1538.0,49.0,11.0
1390.0,190.75,1538.0,49.0,11.0
1390.0,190.8,1538.0,49.0,11.0
1390.0,190.85,1538.0,49.0,11.0
1390.0,190.9,1538.0,49.0,11.0
1390.0,190.95,1538.0,49.0,11.0
1390.0,191.0,1538.0,49.0,11.0
1390.0,191.05,1538.0,49.0,11.0
1390.0,191.1,1538.0,49.0,11.0
1390.0,191.15,1538.0,49.0,11.0
1390.0,191.2,1538.0,49.0,11.0
1390.0,191.25,1538.0,49.0,11.0
1390.0,191.3,1538.0,49.0,11.0
1390.0,191.35,1538.0,49.0,11.0
1390.0,191.4,1538.0,49.0,11.0
1390.0,191.45,1538.0,49.0,11.0
1390.0,191.5,1538.0,49.0,11.0
1390.0,191.55,1537.0,49.0,12.0
1390.0,191.6,1536.0,48.0,12.0
1390.0,191.65,1534.0,48.0,13.0
1390.0,191.7,1533.0,47.0,13.0
1390.0,191.75,1532.0,47.0,14.0
1390.0,191.8,1530.0,47.0,15.0
1390.0,191.85,1529.0,47.0,15.0
1390.0,191.9,1527.0,47.0,16.0
1390.0,191.95,1526.0,46.0,17.0
1390.0,192.0,1524.0,46.0,18.0
1390.0,192.05,1523.0,46.0,18.0
1390.0,192.1,1523.0,47.0,19.0
1390.0,192.15,1522.0,47.0,19.0
1390.0,192.2,1521.0,47.0,20.0
1390.0,192.25,1520.0,47.0,21.0
1390.0,192.3,1520.0,47.0,21.0
1390.0,192.35,1519.0,47.0,22.0
1390.0,192.4,1519.0,47.0,23.0
1390.0,192.45,1518.0,47.0,24.0
1390.0,192.5,1518.0,47.0,24.0
1390.0,192.55,1514.0,47.0,24.0
1390.0,192.6,1509.0,47.0,24.0
1390.0,192.65,1505.0,46.0,24.0
1390.0,192.7,1501.0,46.0,24.0
1390.0,192.75,1498.0,46.0,24.0
1390.0,192.8,1494.0,45.0,24.0
1390.0,192.85,1491.0,45.0,25.0
1390.0,192.9,1487.0,45.0,25.0
1390.0,192.95,1484.0,45.0,25.0
1390.0,193.0,1481.0,44.0,25.0
1390.0,193.05,1480.0,46.0,25.0
1390.0,193.1,1479.0,47.0,25.0
1390.0,193.15,1478.0,49.0,24.0
1390.0,193.2,1477.0,50.0,24.0
1390.0,193.25,1476.0,52.0,24.0
1390.0,193.3,1475.0,53.0,24.0
1390.0,193.35,1474.0,55.0,24.0
1390.0,193.4,1473.0,57.0,24.0
1390.0,193.45,1472.0,59.0,24.0
1390.0,193.5,1470.0,61.0,24.0
1390.0,193.55,1471.0,61.0,24.0
1390.0,193.6,1472.0,61.0,24.0
1390.0,193.65,1473.0,62.0,25.0
1390.0,193.7,1474.0,62.0,25.0
1390.0,193.75,1475.0,62.0,25.0
1390.0,193.8,1476.0,62.0,25.0
1390.0,193.85,1477.0,61.0,25.0
1390.0,193.9,1478.0,61.0,25.0
1390.0,193.95,1479.0,61.0,25.0
1390.0,194.0,1480.0,61.0,25.0
1390.0,194.05,1483.0,61.0,26.0
1390.0,194.1,1485.0,60.0,26.0
1390.0,194.15,1488.0,60.0,27.0
1390.0,194.2,1490.0,60.0,27.0
1390.0,194.25,1493.0,59.0,28.0
1390.0,194.3,1495.0,59.0,28.0
1390.0,194.35,1498.0,58.0,29.0
1390.0,194.4,1501.0,58.0,29.0
1390.0,194.45,1504.0,57.0,29.0
1390.0,194.5,1507.0,57.0,30.0
1390.0,194.55,1510.0,56.0,30.0
1390.0,194.6,1513.0,56.0,31.0
1390.0,194.65,1516.0,56.0,31.0
1390.0,194.7,1519.0,56.0,32.0
1390.0,194.75,1522.0,56.0,32.0
1390.0,194.8,1524.0,56.0,33.0
1390.0,194.85,1526.0,57.0,33.0
1390.0,194.9,1529.0,57.0,33.0
1390.0,194.95,1531.0,57.0,34.0
1390.0,195.0,1534.0,57.0,34.0
1390.0,195.05,1532.0,58.0,34.0
1390.0,195.1,1531.0,59.0,34.0
1390.0,195.15,1529.0,60.0,34.0
1390.0,195.2,1528.0,60.0,33.0
1390.0,195.25,1527.0,61.0,33.0
1390.0,195.3,1526.0,62.0,33.0
1390.0,195.35,1525.0,62.0,33.0
1390.0,195.4,1524.0,63.0,33.0
1390.0,195.45,1523.0,64.0,32.0
1390.0,195.5,1522.0,64.0,32.0
1390.0,195.55,1511.0,65.0,34.0
1390.0,195.6,1500.0,66.0,36.0
1390.0,195.65,1489.0,67.0,37.0
1390.0,195.7,1477.0,68.0,39.0
1390.0,195.75,1466.0,69.0,41.0
1390.0,195.8,1455.0,69.0,42.0
1390.0,195.85,1444.0,70.0,44.0
1390.0,195.9,1433.0,70.0,46.0
1390.0,195.95,1422.0,70.0,47.0
1390.0,196.0,1411.0,71.0,49.0
1390.0,196.05,1424.0,71.0,47.0
1390.0,196.1,1437.0,70.0,45.0
1390.0,196.15,1449.0,70.0,44.0
1390.0,196.2,1462.0,70.0,42.0
1390.0,196.25,1474.0,70.0,40.0
1390.0,196.3,1487.0,70.0,38.0
1390.0,196.35,1499.0,70.0,37.0
1390.0,196.4,1512.0,70.0,35.0
1390.0,196.45,1524.0,70.0,34.0
1390.0,196.5,1536.0,70.0,32.0
1390.0,196.55,1540.0,69.0,32.0
1390.0,196.6,1544.0,69.0,33.0
1390.0,196.65,1548.0,68.0,33.0
1390.0,196.7,1551.0,68.0,33.0
1390.0,196.75,1555.0,68.0,34.0
1390.0,196.8,1558.0,68.0,35.0
1390.0,196.85,1562.0,68.0,35.0
1390.0,196.9,1565.0,68.0,36.0
1390.0,196.95,1568.0,68.0,36.0
1390.0,197.0,1572.0,68.0,37.0
1390.0,197.05,1575.0,68.0,37.0
1390.0,197.1,1579.0,68.0,38.0
1390.0,197.15,1582.0,68.0,38.0
1390.0,197.2,1586.0,68.0,38.0
1390.0,197.25,1589.0,68.0,39.0
1390.0,197.3,1593.0,68.0,39.0
1390.0,197.35,1596.0,69.0,40.0
1390.0,197.4,1600.0,69.0,40.0
1390.0,197.45,1604.0,70.0,40.0
1390.0,197.5,1607.0,70.0,41.0
1390.0,197.55,1609.0,70.0,41.0
1390.0,197.6,1611.0,71.0,41.0
1390.0,197.65,1612.0,71.0,41.0
1390.0,197.7,1614.0,71.0,41.0
1390.0,197.75,1616.0,72.0,41.0
1390.0,197.8,1618.0,73.0,41.0
1390.0,197.85,1620.0,74.0,41.0
1390.0,197.9,1622.0,74.0,42.0
1390.0,197.95,1623.0,75.0,42.0
1390.0,198.0,1625.0,76.0,42.0
1390.0,198.05,1625.0,78.0,41.0
1390.0,198.1,1625.0,80.0,41.0
1390.0,198.15,1624.0,81.0,41.0
1390.0,198.2,1624.0,83.0,40.0
1390.0,198.25,1624.0,85.0,40.0
1390.0,198.3,1624.0,87.0,40.0
1390.0,198.35,1623.0,89.0,39.0
1390.0,198.4,1622.0,91.0,39.0
1390.0,198.45,1621.0,94.0,38.0
1390.0,198.5,1620.0,96.0,38.0
1390.0,198.55,1620.0,96.0,38.0
1390.0,198.6,1620.0,96.0,38.0
1390.0,198.65,1620.0,96.0,38.0
1390.0,198.7,1620.0,96.0,38.0
1390.0,198.75,1620.0,96.0,38.0
1390.0,198.8,1620.0,96.0,38.0
1390.0,198.85,1620.0,96.0,38.0
1390.0,198.9,1620.0,96.0,38.0
1390.0,198.95,1620.0,96.0,38.0
1390.0,199.0,1620.0,96.0,38.0
1390.0,199.05,1620.0,96.0,38.0
1390.0,199.1,1620.0,96.0,38.0
1390.0,199.15,1620.0,96.0,38.0
1390.0,199.2,1620.0,96.0,38.0
1390.0,199.25,1620.0,96.0,38.0
1390.0,199.3,1620.0,96.0,38.0
1390.0,199.35,1620.0,96.0,38.0
1390.0,199.4,1620.0,96.0,38.0
1390.0,199.45,1620.0,96.0,38.0
1390.0,199.5,1620.0,96.0,38.0
1390.0,199.55,1620.0,96.0,38.0
1390.0,199.6,1620.0,96.0,38.0
1390.0,199.65,1620.0,96.0,38.0
1390.0,199.7,1620.0,96.0,38.0
1390.0,199.75,1620.0,96.0,38.0
1390.0,199.8,1620.0,96.0,38.0
1390.0,199.85,1620.0,96.0,38.0
1390.0,199.9,1620.0,96.0,38.0
1390.0,199.95,1620.0,96.0,38.0
1390.0,200.0,1620.0,96.0,38.0
1390.0,200.05,1620.0,96.0,38.0
1390.0,200.1,1620.0,96.0,38.0
1390.0,200.15,1620.0,96.0,38.0
1390.0,200.2,1620.0,96.0,38.0
1390.0,200.25,1620.0,96.0,38.0
1390.0,200.3,1620.0,96.0,38.0
1390.0,200.35,1620.0,96.0,38.0
1390.0,200.4,1620.0,96.0,38.0
1390.0,200.45,1620.0,96.0,38.0
1390.0,200.5,1620.0,96.0,38.0
1400.0,189.5,1564.0,50.0,11.0
1400.0,189.55,1564.0,50.0,11.0
1400.0,189.6,1564.0,50.0,11.0
1400.0,189.65,1564.0,50.0,11.0
1400.0,189.7,1564.0,50.0,11.0
1400.0,189.75,1564.0,50.0,11.0
1400.0,189.8,1564.0,50.0,11.0
1400.0,189.85,1564.0,50.0,11.0
1400.0,189.9,1564.0,50.0,11.0
1400.0,189.95,1564.0,50.0,11.0
1400.0,190.0,1564.0,50.0,11.0
1400.0,190.05,1564.0,50.0,11.0
1400.0,190.1,1564.0,50.0,11.0
1400.0,190.15,1564.0,50.0,11.0
1400.0,190.2,1564.0,50.0,11.0
1400.0,190.25,1564.0,50.0,11.0
1400.0,190.3,1564.0,50.0,11.0
1400.0,190.35,1564.0,50.0,11.0
1400.0,190.4,1564.0,50.0,11.0
1400.0,190.45,1564.0,50.0,11.0
1400.0,190.5,1564.0,50.0,11.0
1400.0,190.55,1564.0,50.0,11.0
1400.0,190.6,1564.0,50.0,11.0
1400.0,190.65,1564.0,50.0,11.0
1400.0,190.7,1564.0,50.0,11.0
1400.0,190.75,1564.0,50.0,11.0
1400.0,190.8,1564.0,50.0,11.0
1400.0,190.85,1564.0,50.0,11.0
1400.0,190.9,1564.0,50.0,11.0
1400.0,190.95,1564.0,50.0,11.0
1400.0,191.0,1564.0,50.0,11.0
1400.0,191.05,1564.0,50.0,11.0
1400.0,191.1,1564.0,50.0,11.0
1400.0,191.15,1564.0,50.0,11.0
1400.0,191.2,1564.0,50.0,11.0
1400.0,191.25,1564.0,50.0,11.0
1400.0,191.3,1564.0,50.0,11.0
1400.0,191.35,1564.0,50.0,11.0
1400.0,191.4,1564.0,50.0,11.0
1400.0,191.45,1564.0,50.0,11.0
1400.0,191.5,1564.0,50.0,11.0
1400.0,191.55,1563.0,50.0,12.0
1400.0,191.6,1561.0,49.0,12.0
1400.0,191.65,1560.0,49.0,13.0
1400.0,191.7,1559.0,48.0,14.0
1400.0,191.75,1558.0,48.0,14.0
1400.0,191.8,1556.0,48.0,15.0
1400.0,191.85,1555.0,47.0,16.0
1400.0,191.9,1553.0,47.0,16.0
1400.0,191.95,1552.0,47.0,17.0
1400.0,192.0,1550.0,47.0,18.0
1400.0,192.05,1549.0,47.0,18.0
1400.0,192.1,1549.0,47.0,19.0
1400.0,192.15,1548.0,47.0,20.0
1400.0,192.2,1547.0,48.0,20.0
1400.0,192.25,1546.0,48.0,21.0
1400.0,192.3,1546.0,48.0,22.0
1400.0,192.35,1546.0,48.0,22.0
1400.0,192.4,1545.0,48.0,23.0
1400.0,192.45,1544.0,48.0,24.0
1400.0,192.5,1544.0,47.0,25.0
1400.0,192.55,1540.0,47.0,25.0
1400.0,192.6,1536.0,47.0,25.0
1400.0,192.65,1531.0,47.0,25.0
1400.0,192.7,1527.0,46.0,25.0
1400.0,192.75,1523.0,46.0,25.0
1400.0,192.8,1520.0,46.0,25.0
1400.0,192.85,1516.0,45.0,25.0
1400.0,192.9,1513.0,45.0,25.0
1400.0,192.95,1509.0,45.0,25.0
1400.0,193.0,1506.0,45.0,25.0
1400.0,193.05,1505.0,46.0,25.0
1400.0,193.1,1504.0,48.0,25.0
1400.0,193.15,1503.0,49.0,25.0
1400.0,193.2,1502.0,51.0,25.0
1400.0,193.25,1502.0,52.0,25.0
1400.0,193.3,1500.0,54.0,24.0
1400.0,193.35,1499.0,56.0,24.0
1400.0,193.4,1498.0,58.0,24.0
1400.0,193.45,1497.0,59.0,24.0
1400.0,193.5,1496.0,61.0,24.0
1400.0,193.55,1497.0,62.0,24.0
1400.0,193.6,1498.0,62.0,24.0
1400.0,193.65,1498.0,62.0,25.0
1400.0,193.7,1499.0,62.0,25.0
1400.0,193.75,1500.0,63.0,25.0
1400.0,193.8,1502.0,63.0,25.0
1400.0,193.85,1502.0,62.0,25.0
1400.0,193.9,1504.0,62.0,25.0
1400.0,193.95,1504.0,62.0,25.0
1400.0,194.0,1506.0,62.0,25.0
1400.0,194.05,1508.0,62.0,26.0
1400.0,194.1,1510.0,61.0,27.0
1400.0,194.15,1513.0,61.0,27.0
1400.0,194.2,1515.0,61.0,28.0
1400.0,194.25,1518.0,60.0,28.0
1400.0,194.3,1521.0,60.0,29.0
1400.0,194.35,1524.0,59.0,29.0
1400.0,194.4,1527.0,59.0,29.0
1400.0,194.45,1530.0,58.0,30.0
1400.0,194.5,1532.0,57.0,30.0
1400.0,194.55,1536.0,57.0,31.0
1400.0,194.6,1538.0,57.0,31.0
1400.0,194.65,1542.0,57.0,31.0
1400.0,194.7,1544.0,57.0,32.0
1400.0,194.75,1548.0,57.0,32.0
1400.0,194.8,1550.0,57.0,33.0
1400.0,194.85,1552.0,57.0,33.0
1400.0,194.9,1555.0,57.0,34.0
1400.0,194.95,1557.0,57.0,34.0
1400.0,195.0,1560.0,58.0,34.0
1400.0,195.05,1558.0,58.0,34.0
1400.0,195.1,1557.0,59.0,34.0
1400.0,195.15,1555.0,60.0,34.0
1400.0,195.2,1554.0,61.0,34.0
1400.0,195.25,1552.0,61.0,33.0
1400.0,195.3,1551.0,62.0,33.0
1400.0,195.35,1550.0,63.0,33.0
1400.0,195.4,1549.0,64.0,33.0
1400.0,195.45,1548.0,64.0,33.0
1400.0,195.5,1548.0,65.0,32.0
1400.0,195.55,1536.0,66.0,34.0
1400.0,195.6,1525.0,67.0,36.0
1400.0,195.65,1514.0,68.0,38.0
1400.0,195.7,1503.0,69.0,39.0
1400.0,195.75,1492.0,70.0,41.0
1400.0,195.8,1480.0,70.0,43.0
1400.0,195.85,1470.0,71.0,44.0
1400.0,195.9,1458.0,71.0,46.0
1400.0,195.95,1448.0,71.0,48.0
1400.0,196.0,1436.0,72.0,49.0
1400.0,196.05,1449.0,72.0,47.0
1400.0,196.1,1462.0,72.0,46.0
1400.0,196.15,1474.0,71.0,44.0
1400.0,196.2,1487.0,71.0,42.0
1400.0,196.25,1500.0,71.0,40.0
1400.0,196.3,1512.0,71.0,39.0
1400.0,196.35,1524.0,71.0,37.0
1400.0,196.4,1536.0,71.0,36.0
1400.0,196.45,1549.0,71.0,34.0
1400.0,196.5,1561.0,71.0,33.0
1400.0,196.55,1565.0,70.0,33.0
1400.0,196.6,1569.0,70.0,33.0
1400.0,196.65,1572.0,69.0,34.0
1400.0,196.7,1576.0,69.0,34.0
1400.0,196.75,1580.0,68.0,34.0
1400.0,196.8,1583.0,68.0,35.0
1400.0,196.85,1587.0,69.0,36.0
1400.0,196.9,1590.0,69.0,36.0
1400.0,196.95,1594.0,69.0,37.0
1400.0,197.0,1597.0,69.0,37.0
1400.0,197.05,1601.0,69.0,38.0
1400.0,197.1,1604.0,69.0,38.0
1400.0,197.15,1608.0,69.0,38.0
1400.0,197.2,1611.0,69.0,39.0
1400.0,197.25,1614.0,69.0,39.0
1400.0,197.3,1618.0,69.0,39.0
1400.0,197.35,1622.0,70.0,40.0
1400.0,197.4,1625.0,70.0,40.0
1400.0,197.45,1629.0,71.0,41.0
1400.0,197.5,1632.0,71.0,41.0
1400.0,197.55,1634.0,71.0,41.0
1400.0,197.6,1636.0,72.0,41.0
1400.0,197.65,1638.0,72.0,41.0
1400.0,197.7,1639.0,72.0,42.0
1400.0,197.75,1641.0,72.0,42.0
1400.0,197.8,1643.0,73.0,42.0
1400.0,197.85,1645.0,74.0,42.0
1400.0,197.9,1647.0,75.0,42.0
1400.0,197.95,1649.0,76.0,42.0
1400.0,198.0,1650.0,76.0,42.0
1400.0,198.05,1650.0,78.0,42.0
1400.0,198.1,1650.0,80.0,41.0
1400.0,198.15,1650.0,82.0,41.0
1400.0,198.2,1649.0,84.0,41.0
1400.0,198.25,1649.0,85.0,40.0
1400.0,198.3,1648.0,88.0,40.0
1400.0,198.35,1647.0,90.0,40.0
1400.0,198.4,1646.0,92.0,39.0
1400.0,198.45,1645.0,95.0,39.0
1400.0,198.5,1644.0,97.0,38.0
1400.0,198.55,1644.0,97.0,38.0
1400.0,198.6,1644.0,97.0,38.0
1400.0,198.65,1645.0,97.0,38.0
1400.0,198.7,1644.0,97.0,38.0
1400.0,198.75,1644.0,97.0,38.0
1400.0,198.8,1644.0,97.0,38.0
1400.0,198.85,1644.0,97.0,38.0
1400.0,198.9,1644.0,97.0,38.0
1400.0,198.95,1644.0,97.0,38.0
1400.0,199.0,1644.0,97.0,38.0
1400.0,199.05,1644.0,97.0,38.0
1400.0,199.1,1644.0,97.0,38.0
1400.0,199.15,1644.0,97.0,38.0
1400.0,199.2,1644.0,97.0,38.0
1400.0,199.25,1644.0,97.0,38.0
1400.0,199.3,1644.0,97.0,38.0
1400.0,199.35,1644.0,97.0,38.0
1400.0,199.4,1644.0,97.0,38.0
1400.0,199.45,1644.0,97.0,38.0
1400.0,199.5,1644.0,97.0,38.0
1400.0,199.55,1644.0,97.0,38.0
1400.0,199.6,1644.0,97.0,38.0
1400.0,199.65,1644.0,97.0,38.0
1400.0,199.7,1644.0,97.0,38.0
1400.0,199.75,1644.0,97.0,38.0
1400.0,199.8,1644.0,97.0,38.0
1400.0,199.85,1644.0,97.0,38.0
1400.0,199.9,1644.0,97.0,38.0
1400.0,199.95,1644.0,97.0,38.0
1400.0,200.0,1644.0,97.0,38.0
1400.0,200.05,1644.0,97.0,38.0
1400.0,200.1,1644.0,97.0,38.0
1400.0,200.15,1644.0,97.0,38.0
1400.0,200.2,1644.0,97.0,38.0
1400.0,200.25,1644.0,97.0,38.0
1400.0,200.3,1644.0,97.0,38.0
1400.0,200.35,1644.0,97.0,38.0
1400.0,200.4,1644.0,97.0,38.0
1400.0,200.45,1644.0,97.0,38.0
1400.0,200.5,1644.0,97.0,38.0
1410.0,189.5,1590.0,51.0,12.0
1410.0,189.55,1590.0,51.0,12.0
1410.0,189.6,1590.0,51.0,12.0
1410.0,189.65,1590.0,51.0,12.0
1410.0,189.7,1590.0,51.0,12.0
1410.0,189.75,1590.0,51.0,12.0
1410.0,189.8,1590.0,51.0,12.0
1410.0,189.85,1590.0,51.0,12.0
1410.0,189.9,1590.0,51.0,12.0
1410.0,189.95,1590.0,51.0,12.0
1410.0,190.0,1590.0,51.0,12.0
1410.0,190.05,1590.0,51.0,12.0
1410.0,190.1,1590.0,51.0,12.0
1410.0,190.15,1590.0,51.0,12.0
1410.0,190.2,1590.0,51.0,12.0
1410.0,190.25,1590.0,51.0,12.0
1410.0,190.3,1590.0,51.0,12.0
1410.0,190.35,1590.0,51.0,12.0
1410.0,190.4,1590.0,51.0,12.0
1410.0,190.45,1590.0,51.0,12.0
1410.0,190.5,1590.0,51.0,12.0
1410.0,190.55,1590.0,51.0,12.0
1410.0,190.6,1590.0,51.0,12.0
1410.0,190.65,1590.0,51.0,12.0
1410.0,190.7,1590.0,51.0,12.0
1410.0,190.75,1590.0,51.0,12.0
1410.0,190.8,1590.0,51.0,12.0
1410.0,190.85,1590.0,51.0,12.0
1410.0,190.9,1590.0,51.0,12.0
1410.0,190.95,1590.0,51.0,12.0
1410.0,191.0,1590.0,51.0,12.0
1410.0,191.05,1590.0,51.0,12.0
1410.0,191.1,1590.0,51.0,12.0
1410.0,191.15,1590.0,51.0,12.0
1410.0,191.2,1590.0,51.0,12.0
1410.0,191.25,1590.0,51.0,12.0
1410.0,191.3,1590.0,51.0,12.0
1410.0,191.35,1590.0,51.0,12.0
1410.0,191.4,1590.0,51.0,12.0
1410.0,191.45,1590.0,51.0,12.0
1410.0,191.5,1590.0,51.0,12.0
1410.0,191.55,1588.0,51.0,12.0
1410.0,191.6,1587.0,50.0,13.0
1410.0,191.65,1586.0,50.0,13.0
1410.0,191.7,1585.0,49.0,14.0
1410.0,191.75,1583.0,49.0,14.0
1410.0,191.8,1582.0,48.0,15.0
1410.0,191.85,1581.0,48.0,16.0
1410.0,191.9,1579.0,48.0,16.0
1410.0,191.95,1578.0,48.0,17.0
1410.0,192.0,1576.0,47.0,18.0
1410.0,192.05,1575.0,48.0,19.0
1410.0,192.1,1575.0,48.0,19.0
1410.0,192.15,1574.0,48.0,20.0
1410.0,192.2,1573.0,48.0,20.0
1410.0,192.25,1573.0,48.0,21.0
1410.0,192.3,1572.0,48.0,22.0
1410.0,192.35,1572.0,48.0,23.0
1410.0,192.4,1571.0,48.0,23.0
1410.0,192.45,1571.0,48.0,24.0
1410.0,192.5,1570.0,48.0,25.0
1410.0,192.55,1566.0,48.0,25.0
1410.0,192.6,1562.0,47.0,25.0
1410.0,192.65,1558.0,47.0,25.0
1410.0,192.7,1553.0,47.0,25.0
1410.0,192.75,1549.0,46.0,25.0
1410.0,192.8,1545.0,46.0,25.0
1410.0,192.85,1542.0,46.0,25.0
1410.0,192.9,1538.0,45.0,25.0
1410.0,192.95,1535.0,45.0,25.0
1410.0,193.0,1531.0,45.0,25.0
1410.0,193.05,1530.0,46.0,25.0
1410.0,193.1,1530.0,48.0,25.0
1410.0,193.15,1529.0,49.0,25.0
1410.0,193.2,1528.0,51.0,25.0
1410.0,193.25,1527.0,53.0,25.0
1410.0,193.3,1525.0,55.0,25.0
1410.0,193.35,1524.0,56.0,24.0
1410.0,193.4,1523.0,58.0,24.0
1410.0,193.45,1522.0,60.0,24.0
1410.0,193.5,1521.0,62.0,24.0
1410.0,193.55,1522.0,62.0,24.0
1410.0,193.6,1523.0,62.0,25.0
1410.0,193.65,1524.0,63.0,25.0
1410.0,193.7,1525.0,63.0,25.0
1410.0,193.75,1526.0,63.0,26.0
1410.0,193.8,1527.0,64.0,26.0
1410.0,193.85,1528.0,63.0,26.0
1410.0,193.9,1529.0,63.0,26.0
1410.0,193.95,1530.0,63.0,26.0
1410.0,194.0,1531.0,63.0,26.0
1410.0,194.05,1533.0,63.0,26.0
1410.0,194.1,1536.0,62.0,27.0
1410.0,194.15,1538.0,62.0,28.0
1410.0,194.2,1541.0,62.0,28.0
1410.0,194.25,1544.0,61.0,28.0
1410.0,194.3,1546.0,60.0,29.0
1410.0,194.35,1549.0,60.0,29.0
1410.0,194.4,1552.0,59.0,30.0
1410.0,194.45,1555.0,59.0,30.0
1410.0,194.5,1558.0,58.0,30.0
1410.0,194.55,1561.0,58.0,31.0
1410.0,194.6,1564.0,58.0,31.0
1410.0,194.65,1567.0,58.0,32.0
1410.0,194.7,1570.0,58.0,32.0
1410.0,194.75,1573.0,57.0,33.0
1410.0,194.8,1576.0,57.0,33.0
1410.0,194.85,1578.0,57.0,34.0
1410.0,194.9,1581.0,58.0,34.0
1410.0,194.95,1583.0,58.0,34.0
1410.0,195.0,1586.0,58.0,35.0
1410.0,195.05,1584.0,59.0,35.0
1410.0,195.1,1583.0,60.0,34.0
1410.0,195.15,1581.0,60.0,34.0
1410.0,195.2,1580.0,61.0,34.0
1410.0,195.25,1578.0,62.0,34.0
1410.0,195.3,1576.0,63.0,33.0
1410.0,195.35,1576.0,63.0,33.0
1410.0,195.4,1575.0,64.0,33.0
1410.0,195.45,1574.0,65.0,33.0
1410.0,195.5,1573.0,65.0,33.0
1410.0,195.55,1562.0,66.0,34.0
1410.0,195.6,1550.0,67.0,36.0
1410.0,195.65,1539.0,68.0,38.0
1410.0,195.7,1528.0,69.0,40.0
1410.0,195.75,1517.0,70.0,41.0
1410.0,195.8,1506.0,71.0,43.0
1410.0,195.85,1495.0,72.0,45.0
1410.0,195.9,1484.0,72.0,46.0
1410.0,195.95,1473.0,72.0,48.0
1410.0,196.0,1462.0,73.0,50.0
1410.0,196.05,1474.0,73.0,48.0
1410.0,196.1,1487.0,73.0,46.0
1410.0,196.15,1499.0,72.0,44.0
1410.0,196.2,1512.0,72.0,43.0
1410.0,196.25,1524.0,72.0,41.0
1410.0,196.3,1537.0,72.0,39.0
1410.0,196.35,1549.0,72.0,38.0
1410.0,196.4,1561.0,72.0,36.0
1410.0,196.45,1573.0,72.0,35.0
1410.0,196.5,1586.0,72.0,33.0
1410.0,196.55,1590.0,71.0,33.0
1410.0,196.6,1593.0,71.0,34.0
1410.0,196.65,1597.0,70.0,34.0
1410.0,196.7,1601.0,70.0,35.0
1410.0,196.75,1605.0,69.0,35.0
1410.0,196.8,1609.0,69.0,35.0
1410.0,196.85,1612.0,69.0,36.0
1410.0,196.9,1615.0,69.0,36.0
1410.0,196.95,1619.0,69.0,37.0
1410.0,197.0,1622.0,69.0,38.0
1410.0,197.05,1626.0,69.0,38.0
1410.0,197.1,1629.0,69.0,38.0
1410.0,197.15,1633.0,69.0,39.0
1410.0,197.2,1636.0,69.0,39.0
1410.0,197.25,1640.0,70.0,39.0
1410.0,197.3,1643.0,70.0,40.0
1410.0,197.35,1647.0,71.0,40.0
1410.0,197.4,1651.0,71.0,41.0
1410.0,197.45,1654.0,72.0,41.0
1410.0,197.5,1658.0,72.0,41.0
1410.0,197.55,1660.0,72.0,42.0
1410.0,197.6,1661.0,73.0,42.0
1410.0,197.65,1663.0,73.0,42.0
1410.0,197.7,1665.0,73.0,42.0
1410.0,197.75,1666.0,73.0,42.0
1410.0,197.8,1668.0,74.0,42.0
1410.0,197.85,1670.0,74.0,42.0
1410.0,197.9,1672.0,75.0,42.0
1410.0,197.95,1674.0,76.0,42.0
1410.0,198.0,1676.0,77.0,42.0
1410.0,198.05,1675.0,79.0,42.0
1410.0,198.1,1675.0,80.0,42.0
1410.0,198.15,1675.0,82.0,41.0
1410.0,198.2,1674.0,84.0,41.0
1410.0,198.25,1674.0,86.0,41.0
1410.0,198.3,1673.0,89.0,40.0
1410.0,198.35,1672.0,91.0,40.0
1410.0,198.4,1671.0,93.0,40.0
1410.0,198.45,1670.0,96.0,39.0
1410.0,198.5,1669.0,98.0,39.0
1410.0,198.55,1669.0,98.0,39.0
1410.0,198.6,1669.0,98.0,39.0
1410.0,198.65,1669.0,98.0,39.0
1410.0,198.7,1669.0,98.0,39.0
1410.0,198.75,1669.0,98.0,39.0
1410.0,198.8,1669.0,98.0,39.0
1410.0,198.85,1669.0,98.0,39.0
1410.0,198.9,1669.0,98.0,39.0
1410.0,198.95,1669.0,98.0,39.0
1410.0,199.0,1669.0,98.0,39.0
1410.0,199.05,1669.0,98.0,39.0
1410.0,199.1,1669.0,98.0,39.0
1410.0,199.15,1669.0,98.0,39.0
1410.0,199.2,1669.0,98.0,39.0
1410.0,199.25,1669.0,98.0,39.0
1410.0,199.3,1669.0,98.0,39.0
1410.0,199.35,1669.0,98.0,39.0
1410.0,199.4,1669.0,98.0,39.0
1410.0,199.45,1669.0,98.0,39.0
1410.0,199.5,1669.0,98.0,39.0
1410.0,199.55,1669.0,98.0,39.0
1410.0,199.6,1669.0,98.0,39.0
1410.0,199.65,1669.0,98.0,39.0
1410.0,199.7,1669.0,98.0,39.0
1410.0,199.75,1669.0,98.0,39.0
1410.0,199.8,1669.0,98.0,39.0
1410.0,199.85,1669.0,98.0,39.0
1410.0,199.9,1669.0,98.0,39.0
1410.0,199.95,1669.0,98.0,39.0
1410.0,200.0,1669.0,98.0,39.0
1410.0,200.05,1669.0,98.0,39.0
1410.0,200.1,1669.0,98.0,39.0
1410.0,200.15,1669.0,98.0,39.0
1410.0,200.2,1669.0,98.0,39.0
1410.0,200.25,1669.0,98.0,39.0
1410.0,200.3,1669.0,98.0,39.0
1410.0,200.35,1669.0,98.0,39.0
1410.0,200.4,1669.0,98.0,39.0
1410.0,200.45,1669.0,98.0,39.0
1410.0,200.5,1669.0,98.0,39.0
1420.0,189.5,1616.0,52.0,12.0
1420.0,189.55,1616.0,52.0,12.0
1420.0,189.6,1616.0,52.0,12.0
1420.0,189.65,1616.0,52.0,12.0
1420.0,189.7,1616.0,52.0,12.0
1420.0,189.75,1616.0,52.0,12.0
1420.0,189.8,1616.0,52.0,12.0
1420.0,189.85,1616.0,52.0,12.0
1420.0,189.9,1616.0,52.0,12.0
1420.0,189.95,1616.0,52.0,12.0
1420.0,190.0,1616.0,52.0,12.0
1420.0,190.05,1616.0,52.0,12.0
1420.0,190.1,1616.0,52.0,12.0
1420.0,190.15,1616.0,52.0,12.0
1420.0,190.2,1616.0,52.0,12.0
1420.0,190.25,1616.0,52.0,12.0
1420.0,190.3,1616.0,52.0,12.0
1420.0,190.35,1616.0,52.0,12.0
1420.0,190.4,1616.0,52.0,12.0
1420.0,190.45,1616.0,52.0,12.0
1420.0,190.5,1616.0,52.0,12.0
1420.0,190.55,1616.0,52.0,12.0
1420.0,190.6,1616.0,52.0,12.0
1420.0,190.65,1616.0,52.0,12.0
1420.0,190.7,1616.0,52.0,12.0
1420.0,190.75,1616.0,52.0,12.0
1420.0,190.8,1616.0,52.0,12.0
1420.0,190.85,1616.0,52.0,12.0
1420.0,190.9,1616.0,52.0,12.0
1420.0,190.95,1616.0,52.0,12.0
1420.0,191.0,1616.0,52.0,12.0
1420.0,191.05,1616.0,52.0,12.0
1420.0,191.1,1616.0,52.0,12.0
1420.0,191.15,1616.0,52.0,12.0
1420.0,191.2,1616.0,52.0,12.0
1420.0,191.25,1616.0,52.0,12.0
1420.0,191.3,1616.0,52.0,12.0
1420.0,191.35,1616.0,52.0,12.0
1420.0,191.4,1616.0,52.0,12.0
1420.0,191.45,1616.0,52.0,12.0
1420.0,191.5,1616.0,52.0,12.0
1420.0,191.55,1614.0,51.0,12.0
1420.0,191.6,1613.0,51.0,13.0
1420.0,191.65,1612.0,50.0,14.0
1420.0,191.7,1610.0,50.0,14.0
1420.0,191.75,1609.0,50.0,15.0
1420.0,191.8,1608.0,49.0,15.0
1420.0,191.85,1606.0,49.0,16.0
1420.0,191.9,1605.0,48.0,17.0
1420.0,191.95,1604.0,48.0,17.0
1420.0,192.0,1602.0,48.0,18.0
1420.0,192.05,1601.0,48.0,19.0
1420.0,192.1,1601.0,48.0,19.0
1420.0,192.15,1600.0,49.0,20.0
1420.0,192.2,1599.0,49.0,21.0
1420.0,192.25,1599.0,49.0,21.0
1420.0,192.3,1598.0,48.0,22.0
1420.0,192.35,1598.0,48.0,23.0
1420.0,192.4,1597.0,48.0,24.0
1420.0,192.45,1597.0,48.0,24.0
1420.0,192.5,1596.0,48.0,25.0
1420.0,192.55,1592.0,48.0,25.0
1420.0,192.6,1588.0,48.0,25.0
1420.0,192.65,1584.0,47.0,25.0
1420.0,192.7,1580.0,47.0,25.0
1420.0,192.75,1575.0,47.0,25.0
1420.0,192.8,1571.0,46.0,25.0
1420.0,192.85,1567.0,46.0,25.0
1420.0,192.9,1564.0,46.0,25.0
1420.0,192.95,1560.0,45.0,25.0
1420.0,193.0,1557.0,45.0,25.0
1420.0,193.05,1556.0,47.0,25.0
1420.0,193.1,1555.0,48.0,25.0
1420.0,193.15,1554.0,50.0,25.0
1420.0,193.2,1553.0,52.0,25.0
1420.0,193.25,1552.0,53.0,25.0
1420.0,193.3,1550.0,55.0,25.0
1420.0,193.35,1549.0,57.0,25.0
1420.0,193.4,1548.0,59.0,24.0
1420.0,193.45,1547.0,61.0,24.0
1420.0,193.5,1546.0,62.0,24.0
1420.0,193.55,1547.0,63.0,24.0
1420.0,193.6,1548.0,63.0,25.0
1420.0,193.65,1549.0,63.0,25.0
1420.0,193.7,1550.0,64.0,25.0
1420.0,193.75,1551.0,64.0,26.0
1420.0,193.8,1552.0,64.0,26.0
1420.0,193.85,1553.0,64.0,26.0
1420.0,193.9,1554.0,64.0,26.0
1420.0,193.95,1555.0,64.0,26.0
1420.0,194.0,1556.0,64.0,26.0
1420.0,194.05,1558.0,64.0,27.0
1420.0,194.1,1561.0,63.0,27.0
1420.0,194.15,1563.0,63.0,28.0
1420.0,194.2,1566.0,62.0,28.0
1420.0,194.25,1569.0,62.0,29.0
1420.0,194.3,1572.0,61.0,29.0
1420.0,194.35,1575.0,61.0,29.0
1420.0,194.4,1578.0,60.0,30.0
1420.0,194.45,1581.0,59.0,30.0
1420.0,194.5,1584.0,59.0,30.0
1420.0,194.55,1587.0,59.0,31.0
1420.0,194.6,1589.0,59.0,31.0
1420.0,194.65,1593.0,58.0,32.0
1420.0,194.7,1595.0,58.0,32.0
1420.0,194.75,1598.0,58.0,33.0
1420.0,194.8,1602.0,58.0,33.0
1420.0,194.85,1604.0,58.0,34.0
1420.0,194.9,1607.0,58.0,34.0
1420.0,194.95,1609.0,58.0,35.0
1420.0,195.0,1612.0,58.0,35.0
1420.0,195.05,1610.0,59.0,35.0
1420.0,195.1,1609.0,60.0,35.0
1420.0,195.15,1607.0,61.0,34.0
1420.0,195.2,1606.0,61.0,34.0
1420.0,195.25,1604.0,62.0,34.0
1420.0,195.3,1602.0,63.0,34.0
1420.0,195.35,1601.0,64.0,34.0
1420.0,195.4,1600.0,64.0,33.0
1420.0,195.45,1599.0,65.0,33.0
1420.0,195.5,1598.0,66.0,33.0
1420.0,195.55,1587.0,67.0,35.0
1420.0,195.6,1576.0,68.0,36.0
1420.0,195.65,1564.0,69.0,38.0
1420.0,195.7,1553.0,70.0,40.0
1420.0,195.75,1542.0,71.0,42.0
1420.0,195.8,1531.0,72.0,43.0
1420.0,195.85,1520.0,73.0,45.0
1420.0,195.9,1509.0,73.0,47.0
1420.0,195.95,1498.0,73.0,48.0
1420.0,196.0,1487.0,74.0,50.0
1420.0,196.05,1499.0,74.0,48.0
1420.0,196.1,1512.0,74.0,46.0
1420.0,196.15,1525.0,73.0,45.0
1420.0,196.2,1537.0,73.0,43.0
1420.0,196.25,1549.0,73.0,42.0
1420.0,196.3,1561.0,73.0,40.0
1420.0,196.35,1574.0,73.0,38.0
1420.0,196.4,1586.0,73.0,37.0
1420.0,196.45,1598.0,73.0,35.0
1420.0,196.5,1611.0,73.0,34.0
1420.0,196.55,1614.0,72.0,34.0
1420.0,196.6,1618.0,72.0,34.0
1420.0,196.65,1622.0,71.0,35.0
1420.0,196.7,1626.0,71.0,35.0
1420.0,196.75,1630.0,71.0,35.0
1420.0,196.8,1633.0,70.0,36.0
1420.0,196.85,1637.0,70.0,36.0
1420.0,196.9,1641.0,70.0,37.0
1420.0,196.95,1644.0,70.0,37.0
1420.0,197.0,1647.0,70.0,38.0
1420.0,197.05,1651.0,70.0,38.0
1420.0,197.1,1654.0,70.0,39.0
1420.0,197.15,1658.0,70.0,39.0
1420.0,197.2,1661.0,70.0,39.0
1420.0,197.25,1665.0,71.0,40.0
1420.0,197.3,1669.0,71.0,40.0
1420.0,197.35,1672.0,72.0,41.0
1420.0,197.4,1676.0,72.0,41.0
1420.0,197.45,1679.0,73.0,41.0
1420.0,197.5,1683.0,73.0,42.0
1420.0,197.55,1685.0,73.0,42.0
1420.0,197.6,1686.0,74.0,42.0
1420.0,197.65,1688.0,74.0,42.0
1420.0,197.7,1690.0,74.0,42.0
1420.0,197.75,1692.0,74.0,42.0
1420.0,197.8,1693.0,75.0,43.0
1420.0,197.85,1695.0,75.0,43.0
1420.0,197.9,1697.0,76.0,43.0
1420.0,197.95,1699.0,76.0,43.0
1420.0,198.0,1701.0,77.0,43.0
1420.0,198.05,1700.0,79.0,43.0
1420.0,198.1,1700.0,81.0,42.0
1420.0,198.15,1700.0,83.0,42.0
1420.0,198.2,1699.0,85.0,41.0
1420.0,198.25,1698.0,87.0,41.0
1420.0,198.3,1697.0,90.0,41.0
1420.0,198.35,1696.0,92.0,40.0
1420.0,198.4,1695.0,94.0,40.0
1420.0,198.45,1694.0,97.0,40.0
1420.0,198.5,1694.0,99.0,39.0
1420.0,198.55,1694.0,99.0,39.0
1420.0,198.6,1693.0,99.0,39.0
1420.0,198.65,1694.0,99.0,39.0
1420.0,198.7,1694.0,99.0,39.0
1420.0,198.75,1694.0,99.0,39.0
1420.0,198.8,1694.0,99.0,39.0
1420.0,198.85,1694.0,99.0,39.0
1420.0,198.9,1694.0,99.0,39.0
1420.0,198.95,1694.0,99.0,39.0
1420.0,199.0,1694.0,99.0,39.0
1420.0,199.05,1694.0,99.0,39.0
1420.0,199.1,1694.0,99.0,39.0
1420.0,199.15,1694.0,99.0,39.0
1420.0,199.2,1694.0,99.0,39.0
1420.0,199.25,1694.0,99.0,39.0
1420.0,199.3,1694.0,99.0,39.0
1420.0,199.35,1694.0,99.0,39.0
1420.0,199.4,1694.0,99.0,39.0
1420.0,199.45,1694.0,99.0,39.0
1420.0,199.5,1694.0,99.0,39.0
1420.0,199.55,1694.0,99.0,39.0
1420.0,199.6,1694.0,99.0,39.0
1420.0,199.65,1694.0,99.0,39.0
1420.0,199.7,1694.0,99.0,39.0
1420.0,199.75,1694.0,99.0,39.0
1420.0,199.8,1694.0,99.0,39.0
1420.0,199.85,1694.0,99.0,39.0
1420.0,199.9,1694.0,99.0,39.0
1420.0,199.95,1694.0,99.0,39.0
1420.0,200.0,1694.0,99.0,39.0
1420.0,200.05,1694.0,99.0,39.0
1420.0,200.1,1694.0,99.0,39.0
1420.0,200.15,1694.0,99.0,39.0
1420.0,200.2,1694.0,99.0,39.0
1420.0,200.25,1694.0,99.0,39.0
1420.0,200.3,1694.0,99.0,39.0
1420.0,200.35,1694.0,99.0,39.0
1420.0,200.4,1694.0,99.0,39.0
1420.0,200.45,1694.0,99.0,39.0
1420.0,200.5,1694.0,99.0,39.0
1430.0,189.5,1641.0,53.0,12.0
1430.0,189.55,1641.0,53.0,12.0
1430.0,189.6,1641.0,53.0,12.0
1430.0,189.65,1641.0,53.0,12.0
1430.0,189.7,1641.0,53.0,12.0
1430.0,189.75,1641.0,53.0,12.0
1430.0,189.8,1641.0,53.0,12.0
1430.0,189.85,1641.0,53.0,12.0
1430.0,189.9,1641.0,53.0,12.0
1430.0,189.95,1641.0,53.0,12.0
1430.0,190.0,1641.0,53.0,12.0
1430.0,190.05,1641.0,53.0,12.0
1430.0,190.1,1641.0,53.0,12.0
1430.0,190.15,1641.0,53.0,12.0
1430.0,190.2,1641.0,53.0,12.0
1430.0,190.25,1641.0,53.0,12.0
1430.0,190.3,1641.0,53.0,12.0
1430.0,190.35,1641.0,53.0,12.0
1430.0,190.4,1641.0,53.0,12.0
1430.0,190.45,1641.0,53.0,12.0
1430.0,190.5,1641.0,53.0,12.0
1430.0,190.55,1641.0,53.0,12.0
1430.0,190.6,1641.0,53.0,12.0
1430.0,190.65,1641.0,53.0,12.0
1430.0,190.7,1641.0,53.0,12.0
1430.0,190.75,1641.0,53.0,12.0
1430.0,190.8,1641.0,53.0,12.0
1430.0,190.85,1641.0,53.0,12.0
1430.0,190.9,1641.0,53.0,12.0
1430.0,190.95,1641.0,53.0,12.0
1430.0,191.0,1641.0,53.0,12.0
1430.0,191.05,1641.0,53.0,12.0
1430.0,191.1,1641.0,53.0,12.0
1430.0,191.15,1641.0,53.0,12.0
1430.0,191.2,1641.0,53.0,12.0
1430.0,191.25,1641.0,53.0,12.0
1430.0,191.3,1641.0,53.0,12.0
1430.0,191.35,1641.0,53.0,12.0
1430.0,191.4,1641.0,53.0,12.0
1430.0,191.45,1641.0,53.0,12.0
1430.0,191.5,1641.0,53.0,12.0
1430.0,191.55,1640.0,52.0,13.0
1430.0,191.6,1639.0,52.0,13.0
1430.0,191.65,1638.0,51.0,14.0
1430.0,191.7,1636.0,51.0,14.0
1430.0,191.75,1635.0,50.0,15.0
1430.0,191.8,1634.0,50.0,16.0
1430.0,191.85,1632.0,50.0,16.0
1430.0,191.9,1631.0,49.0,17.0
1430.0,191.95,1630.0,49.0,17.0
1430.0,192.0,1628.0,49.0,18.0
1430.0,192.05,1627.0,49.0,19.0
1430.0,192.1,1627.0,49.0,19.0
1430.0,192.15,1626.0,49.0,20.0
1430.0,192.2,1626.0,49.0,21.0
1430.0,192.25,1625.0,49.0,22.0
1430.0,192.3,1625.0,49.0,22.0
1430.0,192.35,1624.0,49.0,23.0
1430.0,192.4,1624.0,49.0,24.0
1430.0,192.45,1623.0,49.0,25.0
1430.0,192.5,1623.0,49.0,25.0
1430.0,192.55,1618.0,48.0,25.0
1430.0,192.6,1614.0,48.0,25.0
1430.0,192.65,1610.0,48.0,25.0
1430.0,192.7,1606.0,47.0,25.0
1430.0,192.75,1602.0,47.0,25.0
1430.0,192.8,1597.0,47.0,25.0
1430.0,192.85,1593.0,46.0,26.0
1430.0,192.9,1589.0,46.0,26.0
1430.0,192.95,1586.0,46.0,26.0
1430.0,193.0,1582.0,45.0,26.0
1430.0,193.05,1581.0,47.0,26.0
1430.0,193.1,1580.0,49.0,26.0
1430.0,193.15,1579.0,50.0,25.0
1430.0,193.2,1578.0,52.0,25.0
1430.0,193.25,1577.0,54.0,25.0
1430.0,193.3,1576.0,56.0,25.0
1430.0,193.35,1574.0,58.0,25.0
1430.0,193.4,1573.0,59.0,25.0
1430.0,193.45,1572.0,61.0,24.0
1430.0,193.5,1571.0,63.0,24.0
1430.0,193.55,1572.0,63.0,25.0
1430.0,193.6,1573.0,64.0,25.0
1430.0,193.65,1574.0,64.0,25.0
1430.0,193.7,1575.0,64.0,25.0
1430.0,193.75,1576.0,64.0,26.0
1430.0,193.8,1577.0,65.0,26.0
1430.0,193.85,1578.0,65.0,26.0
1430.0,193.9,1579.0,65.0,27.0
1430.0,193.95,1580.0,65.0,27.0
1430.0,194.0,1581.0,65.0,27.0
1430.0,194.05,1583.0,65.0,27.0
1430.0,194.1,1586.0,64.0,28.0
1430.0,194.15,1589.0,64.0,28.0
1430.0,194.2,1592.0,63.0,29.0
1430.0,194.25,1594.0,63.0,29.0
1430.0,194.3,1597.0,62.0,29.0
1430.0,194.35,1600.0,61.0,30.0
1430.0,194.4,1603.0,61.0,30.0
1430.0,194.45,1606.0,60.0,30.0
1430.0,194.5,1609.0,60.0,31.0
1430.0,194.55,1612.0,59.0,31.0
1430.0,194.6,1615.0,59.0,32.0
1430.0,194.65,1618.0,59.0,32.0
1430.0,194.7,1621.0,59.0,33.0
1430.0,194.75,1624.0,59.0,33.0
1430.0,194.8,1627.0,59.0,34.0
1430.0,194.85,1630.0,59.0,34.0
1430.0,194.9,1633.0,58.0,35.0
1430.0,194.95,1635.0,59.0,35.0
1430.0,195.0,1638.0,59.0,35.0
1430.0,195.05,1636.0,60.0,35.0
1430.0,195.1,1635.0,60.0,35.0
1430.0,195.15,1633.0,61.0,35.0
1430.0,195.2,1632.0,62.0,35.0
1430.0,195.25,1630.0,63.0,34.0
1430.0,195.3,1628.0,63.0,34.0
1430.0,195.35,1627.0,64.0,34.0
1430.0,195.4,1625.0,65.0,34.0
1430.0,195.45,1624.0,66.0,34.0
1430.0,195.5,1623.0,66.0,33.0
1430.0,195.55,1612.0,67.0,35.0
1430.0,195.6,1601.0,68.0,37.0
1430.0,195.65,1590.0,69.0,38.0
1430.0,195.7,1579.0,70.0,40.0
1430.0,195.75,1567.0,71.0,42.0
1430.0,195.8,1556.0,72.0,44.0
1430.0,195.85,1545.0,73.0,45.0
1430.0,195.9,1534.0,74.0,47.0
1430.0,195.95,1523.0,75.0,49.0
1430.0,196.0,1512.0,75.0,50.0
1430.0,196.05,1524.0,75.0,49.0
1430.0,196.1,1537.0,75.0,47.0
1430.0,196.15,1549.0,75.0,45.0
1430.0,196.2,1562.0,74.0,44.0
1430.0,196.25,1574.0,74.0,42.0
1430.0,196.3,1586.0,74.0,41.0
1430.0,196.35,1598.0,74.0,39.0
1430.0,196.4,1611.0,74.0,37.0
1430.0,196.45,1623.0,74.0,36.0
1430.0,196.5,1635.0,74.0,34.0
1430.0,196.55,1639.0,73.0,35.0
1430.0,196.6,1643.0,73.0,35.0
1430.0,196.65,1647.0,73.0,35.0
1430.0,196.7,1651.0,72.0,36.0
1430.0,196.75,1654.0,72.0,36.0
1430.0,196.8,1658.0,71.0,36.0
1430.0,196.85,1662.0,71.0,37.0
1430.0,196.9,1666.0,70.0,37.0
1430.0,196.95,1669.0,70.0,38.0
1430.0,197.0,1673.0,70.0,38.0
1430.0,197.05,1676.0,70.0,39.0
1430.0,197.1,1680.0,70.0,39.0
1430.0,197.15,1683.0,71.0,39.0
1430.0,197.2,1687.0,71.0,40.0
1430.0,197.25,1690.0,72.0,40.0
1430.0,197.3,1694.0,72.0,41.0
1430.0,197.35,1698.0,73.0,41.0
1430.0,197.4,1701.0,73.0,41.0
1430.0,197.45,1705.0,74.0,42.0
1430.0,197.5,1708.0,74.0,42.0
1430.0,197.55,1710.0,74.0,42.0
1430.0,197.6,1712.0,75.0,42.0
1430.0,197.65,1714.0,75.0,42.0
1430.0,197.7,1715.0,75.0,43.0
1430.0,197.75,1717.0,75.0,43.0
1430.0,197.8,1719.0,76.0,43.0
1430.0,197.85,1720.0,76.0,43.0
1430.0,197.9,1722.0,76.0,43.0
1430.0,197.95,1724.0,77.0,43.0
1430.0,198.0,1726.0,78.0,43.0
1430.0,198.05,1726.0,79.0,43.0
1430.0,198.1,1725.0,81.0,43.0
1430.0,198.15,1724.0,84.0,42.0
1430.0,198.2,1723.0,86.0,42.0
1430.0,198.25,1722.0,88.0,41.0
1430.0,198.3,1722.0,91.0,41.0
1430.0,198.35,1721.0,93.0,41.0
1430.0,198.4,1720.0,95.0,40.0
1430.0,198.45,1719.0,97.0,40.0
1430.0,198.5,1718.0,100.0,40.0
1430.0,198.55,1718.0,100.0,40.0
1430.0,198.6,1718.0,100.0,40.0
1430.0,198.65,1718.0,100.0,40.0
1430.0,198.7,1718.0,100.0,40.0
1430.0,198.75,1718.0,100.0,40.0
1430.0,198.8,1718.0,100.0,40.0
1430.0,198.85,1718.0,100.0,40.0
1430.0,198.9,1718.0,100.0,40.0
1430.0,198.95,1718.0,100.0,40.0
1430.0,199.0,1718.0,100.0,40.0
1430.0,199.05,1718.0,100.0,40.0
1430.0,199.1,1718.0,100.0,40.0
1430.0,199.15,1718.0,100.0,40.0
1430.0,199.2,1718.0,100.0,40.0
1430.0,199.25,1718.0,100.0,40.0
1430.0,199.3,1718.0,100.0,40.0
1430.0,199.35,1718.0,100.0,40.0
1430.0,199.4,1718.0,100.0,40.0
1430.0,199.45,1718.0,100.0,40.0
1430.0,199.5,1718.0,100.0,40.0
1430.0,199.55,1718.0,100.0,40.0
1430.0,199.6,1718.0,100.0,40.0
1430.0,199.65,1718.0,100.0,40.0
1430.0,199.7,1718.0,100.0,40.0
1430.0,199.75,1718.0,100.0,40.0
1430.0,199.8,1718.0,100.0,40.0
1430.0,199.85,1718.0,100.0,40.0
1430.0,199.9,1718.0,100.0,40.0
1430.0,199.95,1718.0,100.0,40.0
1430.0,200.0,1718.0,100.0,40.0
1430.0,200.05,1718.0,100.0,40.0
1430.0,200.1,1718.0,100.0,40.0
1430.0,200.15,1718.0,100.0,40.0
1430.0,200.2,1718.0,100.0,40.0
1430.0,200.25,1718.0,100.0,40.0
1430.0,200.3,1718.0,100.0,40.0
1430.0,200.35,1718.0,100.0,40.0
1430.0,200.4,1718.0,100.0,40.0
1430.0,200.45,1718.0,100.0,40.0
1430.0,200.5,1718.0,100.0,40.0
1440.0,189.5,1667.0,53.0,13.0
1440.0,189.55,1667.0,53.0,13.0
1440.0,189.6,1667.0,53.0,13.0
1440.0,189.65,1667.0,53.0,13.0
1440.0,189.7,1667.0,53.0,13.0
1440.0,189.75,1667.0,53.0,13.0
1440.0,189.8,1667.0,53.0,13.0
1440.0,189.85,1667.0,53.0,13.0
1440.0,189.9,1667.0,53.0,13.0
1440.0,189.95,1667.0,53.0,13.0
1440.0,190.0,1667.0,53.0,13.0
1440.0,190.05,1667.0,53.0,13.0
1440.0,190.1,1667.0,53.0,13.0
1440.0,190.15,1667.0,53.0,13.0
1440.0,190.2,1667.0,53.0,13.0
1440.0,190.25,1667.0,53.0,13.0
1440.0,190.3,1667.0,53.0,13.0
1440.0,190.35,1667.0,53.0,13.0
1440.0,190.4,1667.0,53.0,13.0
1440.0,190.45,1667.0,53.0,13.0
1440.0,190.5,1667.0,53.0,13.0
1440.0,190.55,1667.0,53.0,13.0
1440.0,190.6,1667.0,53.0,13.0
1440.0,190.65,1667.0,53.0,13.0
1440.0,190.7,1667.0,53.0,13.0
1440.0,190.75,1667.0,53.0,13.0
1440.0,190.8,1667.0,53.0,13.0
1440.0,190.85,1667.0,53.0,13.0
1440.0,190.9,1667.0,53.0,13.0
1440.0,190.95,1667.0,53.0,13.0
1440.0,191.0,1667.0,53.0,13.0
1440.0,191.05,1667.0,53.0,13.0
1440.0,191.1,1667.0,53.0,13.0
1440.0,191.15,1667.0,53.0,13.0
1440.0,191.2,1667.0,53.0,13.0
1440.0,191.25,1667.0,53.0,13.0
1440.0,191.3,1667.0,53.0,13.0
1440.0,191.35,1667.0,53.0,13.0
1440.0,191.4,1667.0,53.0,13.0
1440.0,191.45,1667.0,53.0,13.0
1440.0,191.5,1667.0,53.0,13.0
1440.0,191.55,1666.0,53.0,13.0
1440.0,191.6,1665.0,53.0,14.0
1440.0,191.65,1663.0,52.0,14.0
1440.0,191.7,1662.0,52.0,15.0
1440.0,191.75,1661.0,51.0,15.0
1440.0,191.8,1659.0,51.0,16.0
1440.0,191.85,1658.0,50.0,16.0
1440.0,191.9,1657.0,50.0,17.0
1440.0,191.95,1656.0,50.0,18.0
1440.0,192.0,1654.0,49.0,18.0
1440.0,192.05,1653.0,50.0,19.0
1440.0,192.1,1653.0,49.0,20.0
1440.0,192.15,1652.0,49.0,20.0
1440.0,192.2,1652.0,49.0,21.0
1440.0,192.25,1651.0,49.0,22.0
1440.0,192.3,1651.0,49.0,23.0
1440.0,192.35,1650.0,49.0,23.0
1440.0,192.4,1650.0,49.0,24.0
1440.0,192.45,1649.0,49.0,25.0
1440.0,192.5,1649.0,49.0,26.0
1440.0,192.55,1645.0,49.0,26.0
1440.0,192.6,1640.0,48.0,26.0
1440.0,192.65,1636.0,48.0,26.0
1440.0,192.7,1632.0,48.0,26.0
1440.0,192.75,1628.0,47.0,26.0
1440.0,192.8,1624.0,47.0,26.0
1440.0,192.85,1619.0,47.0,26.0
1440.0,192.9,1615.0,46.0,26.0
1440.0,192.95,1611.0,46.0,26.0
1440.0,193.0,1608.0,46.0,26.0
1440.0,193.05,1607.0,47.0,26.0
1440.0,193.1,1606.0,49.0,26.0
1440.0,193.15,1604.0,51.0,26.0
1440.0,193.2,1603.0,53.0,25.0
1440.0,193.25,1602.0,55.0,25.0
1440.0,193.3,1601.0,56.0,25.0
1440.0,193.35,1600.0,58.0,25.0
1440.0,193.4,1598.0,60.0,25.0
1440.0,193.45,1597.0,62.0,25.0
1440.0,193.5,1596.0,64.0,24.0
1440.0,193.55,1597.0,64.0,25.0
1440.0,193.6,1598.0,64.0,25.0
1440.0,193.65,1599.0,64.0,25.0
1440.0,193.7,1600.0,65.0,26.0
1440.0,193.75,1601.0,65.0,26.0
1440.0,193.8,1602.0,65.0,26.0
1440.0,193.85,1603.0,66.0,27.0
1440.0,193.9,1604.0,66.0,27.0
1440.0,193.95,1605.0,66.0,27.0
1440.0,194.0,1606.0,66.0,27.0
1440.0,194.05,1608.0,66.0,28.0
1440.0,194.1,1611.0,65.0,28.0
1440.0,194.15,1614.0,64.0,28.0
1440.0,194.2,1617.0,64.0,29.0
1440.0,194.25,1620.0,63.0,29.0
1440.0,194.3,1623.0,63.0,30.0
1440.0,194.35,1626.0,62.0,30.0
1440.0,194.4,1629.0,62.0,30.0
1440.0,194.45,1632.0,61.0,31.0
1440.0,194.5,1634.0,60.0,31.0
1440.0,194.55,1638.0,60.0,31.0
1440.0,194.6,1640.0,60.0,32.0
1440.0,194.65,1644.0,60.0,32.0
1440.0,194.7,1646.0,60.0,33.0
1440.0,194.75,1650.0,60.0,33.0
1440.0,194.8,1653.0,59.0,34.0
1440.0,194.85,1655.0,59.0,34.0
1440.0,194.9,1659.0,59.0,35.0
1440.0,194.95,1661.0,59.0,35.0
1440.0,195.0,1664.0,59.0,36.0
1440.0,195.05,1662.0,60.0,36.0
1440.0,195.1,1661.0,61.0,35.0
1440.0,195.15,1659.0,61.0,35.0
1440.0,195.2,1658.0,62.0,35.0
1440.0,195.25,1656.0,63.0,35.0
1440.0,195.3,1654.0,64.0,34.0
1440.0,195.35,1653.0,64.0,34.0
1440.0,195.4,1651.0,65.0,34.0
1440.0,195.45,1650.0,66.0,34.0
1440.0,195.5,1649.0,67.0,34.0
1440.0,195.55,1637.0,68.0,35.0
1440.0,195.6,1626.0,69.0,37.0
1440.0,195.65,1615.0,70.0,39.0
1440.0,195.7,1604.0,71.0,41.0
1440.0,195.75,1593.0,72.0,42.0
1440.0,195.8,1581.0,73.0,44.0
1440.0,195.85,1570.0,74.0,46.0
1440.0,195.9,1559.0,75.0,47.0
1440.0,195.95,1548.0,76.0,49.0
1440.0,196.0,1537.0,76.0,51.0
1440.0,196.05,1550.0,76.0,49.0
1440.0,196.1,1562.0,76.0,47.0
1440.0,196.15,1574.0,76.0,46.0
1440.0,196.2,1586.0,76.0,44.0
1440.0,196.25,1599.0,75.0,43.0
1440.0,196.3,1611.0,75.0,41.0
1440.0,196.35,1623.0,75.0,40.0
1440.0,196.4,1636.0,75.0,38.0
1440.0,196.45,1648.0,75.0,36.0
1440.0,196.5,1660.0,75.0,35.0
1440.0,196.55,1664.0,74.0,35.0
1440.0,196.6,1668.0,74.0,36.0
1440.0,196.65,1672.0,74.0,36.0
1440.0,196.7,1675.0,73.0,36.0
1440.0,196.75,1679.0,73.0,37.0
1440.0,196.8,1683.0,72.0,37.0
1440.0,196.85,1687.0,72.0,37.0
1440.0,196.9,1691.0,71.0,38.0
1440.0,196.95,1694.0,71.0,38.0
1440.0,197.0,1698.0,71.0,39.0
1440.0,197.05,1701.0,71.0,39.0
1440.0,197.1,1705.0,71.0,39.0
1440.0,197.15,1709.0,72.0,40.0
1440.0,197.2,1712.0,72.0,40.0
1440.0,197.25,1716.0,73.0,40.0
1440.0,197.3,1719.0,73.0,41.0
1440.0,197.35,1723.0,74.0,41.0
1440.0,197.4,1727.0,74.0,42.0
1440.0,197.45,1730.0,75.0,42.0
1440.0,197.5,1734.0,75.0,42.0
1440.0,197.55,1735.0,75.0,43.0
1440.0,197.6,1737.0,76.0,43.0
1440.0,197.65,1739.0,76.0,43.0
1440.0,197.7,1740.0,76.0,43.0
1440.0,197.75,1742.0,76.0,43.0
1440.0,197.8,1744.0,77.0,43.0
1440.0,197.85,1746.0,77.0,43.0
1440.0,197.9,1747.0,77.0,43.0
1440.0,197.95,1749.0,77.0,44.0
1440.0,198.0,1751.0,78.0,44.0
1440.0,198.05,1751.0,80.0,43.0
1440.0,198.1,1750.0,82.0,43.0
1440.0,198.15,1749.0,85.0,43.0
1440.0,198.2,1748.0,87.0,42.0
1440.0,198.25,1747.0,89.0,42.0
1440.0,198.3,1746.0,91.0,41.0
1440.0,198.35,1745.0,94.0,41.0
1440.0,198.4,1744.0,96.0,41.0
1440.0,198.45,1743.0,98.0,40.0
1440.0,198.5,1742.0,101.0,40.0
1440.0,198.55,1742.0,101.0,40.0
1440.0,198.6,1742.0,101.0,40.0
1440.0,198.65,1742.0,101.0,40.0
1440.0,198.7,1742.0,101.0,40.0
1440.0,198.75,1742.0,101.0,40.0
1440.0,198.8,1743.0,101.0,40.0
1440.0,198.85,1743.0,101.0,40.0
1440.0,198.9,1742.0,101.0,40.0
1440.0,198.95,1742.0,101.0,40.0
1440.0,199.0,1742.0,101.0,40.0
1440.0,199.05,1743.0,101.0,40.0
1440.0,199.1,1743.0,101.0,40.0
1440.0,199.15,1742.0,101.0,40.0
1440.0,199.2,1742.0,101.0,40.0
1440.0,199.25,1742.0,101.0,40.0
1440.0,199.3,1743.0,101.0,40.0
1440.0,199.35,1742.0,101.0,40.0
1440.0,199.4,1743.0,101.0,40.0
1440.0,199.45,1743.0,101.0,40.0
1440.0,199.5,1743.0,101.0,40.0
1440.0,199.55,1742.0,101.0,40.0
1440.0,199.6,1742.0,101.0,40.0
1440.0,199.65,1743.0,101.0,40.0
1440.0,199.7,1743.0,101.0,40.0
1440.0,199.75,1743.0,101.0,40.0
1440.0,199.8,1742.0,101.0,40.0
1440.0,199.85,1742.0,101.0,40.0
1440.0,199.9,1743.0,101.0,40.0
1440.0,199.95,1743.0,101.0,40.0
1440.0,200.0,1742.0,101.0,40.0
1440.0,200.05,1743.0,101.0,40.0
1440.0,200.1,1743.0,101.0,40.0
1440.0,200.15,1742.0,101.0,40.0
1440.0,200.2,1743.0,101.0,40.0
1440.0,200.25,1742.0,101.0,40.0
1440.0,200.3,1743.0,101.0,40.0
1440.0,200.35,1743.0,101.0,40.0
1440.0,200.4,1742.0,101.0,40.0
1440.0,200.45,1742.0,101.0,40.0
1440.0,200.5,1742.0,101.0,40.0
1450.0,189.5,1693.0,54.0,13.0
1450.0,189.55,1693.0,54.0,13.0
1450.0,189.6,1693.0,54.0,13.0
1450.0,189.65,1693.0,54.0,13.0
1450.0,189.7,1693.0,54.0,13.0
1450.0,189.75,1693.0,54.0,13.0
1450.0,189.8,1693.0,54.0,13.0
1450.0,189.85,1693.0,54.0,13.0
1450.0,189.9,1693.0,54.0,13.0
1450.0,189.95,1693.0,54.0,13.0
1450.0,190.0,1693.0,54.0,13.0
1450.0,190.05,1693.0,54.0,13.0
1450.0,190.1,1693.0,54.0,13.0
1450.0,190.15,1693.0,54.0,13.0
1450.0,190.2,1693.0,54.0,13.0
1450.0,190.25,1693.0,54.0,13.0
1450.0,190.3,1693.0,54.0,13.0
1450.0,190.35,1693.0,54.0,13.0
1450.0,190.4,1693.0,54.0,13.0
1450.0,190.45,1693.0,54.0,13.0
1450.0,190.5,1693.0,54.0,13.0
1450.0,190.55,1693.0,54.0,13.0
1450.0,190.6,1693.0,54.0,13.0
1450.0,190.65,1693.0,54.0,13.0
1450.0,190.7,1693.0,54.0,13.0
1450.0,190.75,1693.0,54.0,13.0
1450.0,190.8,1693.0,54.0,13.0
1450.0,190.85,1693.0,54.0,13.0
1450.0,190.9,1693.0,54.0,13.0
1450.0,190.95,1693.0,54.0,13.0
1450.0,191.0,1693.0,54.0,13.0
1450.0,191.05,1693.0,54.0,13.0
1450.0,191.1,1693.0,54.0,13.0
1450.0,191.15,1693.0,54.0,13.0
1450.0,191.2,1693.0,54.0,13.0
1450.0,191.25,1693.0,54.0,13.0
1450.0,191.3,1693.0,54.0,13.0
1450.0,191.35,1693.0,54.0,13.0
1450.0,191.4,1693.0,54.0,13.0
1450.0,191.45,1693.0,54.0,13.0
1450.0,191.5,1693.0,54.0,13.0
1450.0,191.55,1692.0,54.0,13.0
1450.0,191.6,1690.0,53.0,14.0
1450.0,191.65,1689.0,53.0,15.0
1450.0,191.7,1688.0,53.0,15.0
1450.0,191.75,1686.0,52.0,16.0
1450.0,191.8,1685.0,52.0,16.0
1450.0,191.85,1684.0,51.0,17.0
1450.0,191.9,1683.0,51.0,17.0
1450.0,191.95,1681.0,50.0,18.0
1450.0,192.0,1680.0,50.0,18.0
1450.0,192.05,1680.0,50.0,19.0
1450.0,192.1,1679.0,50.0,20.0
1450.0,192.15,1678.0,50.0,21.0
1450.0,192.2,1678.0,50.0,21.0
1450.0,192.25,1678.0,50.0,22.0
1450.0,192.3,1677.0,49.0,23.0
1450.0,192.35,1676.0,49.0,24.0
1450.0,192.4,1676.0,49.0,24.0
1450.0,192.45,1676.0,49.0,25.0
1450.0,192.5,1675.0,49.0,26.0
1450.0,192.55,1671.0,49.0,26.0
1450.0,192.6,1667.0,49.0,26.0
1450.0,192.65,1662.0,48.0,26.0
1450.0,192.7,1658.0,48.0,26.0
1450.0,192.75,1654.0,48.0,26.0
1450.0,192.8,1650.0,47.0,26.0
1450.0,192.85,1646.0,47.0,26.0
1450.0,192.9,1641.0,47.0,26.0
1450.0,192.95,1637.0,46.0,26.0
1450.0,193.0,1633.0,46.0,26.0
1450.0,193.05,1632.0,48.0,26.0
1450.0,193.1,1631.0,50.0,26.0
1450.0,193.15,1629.0,51.0,26.0
1450.0,193.2,1628.0,53.0,25.0
1450.0,193.25,1627.0,55.0,25.0
1450.0,193.3,1626.0,57.0,25.0
1450.0,193.35,1625.0,59.0,25.0
1450.0,193.4,1623.0,60.0,25.0
1450.0,193.45,1622.0,62.0,25.0
1450.0,193.5,1621.0,64.0,25.0
1450.0,193.55,1622.0,64.0,25.0
1450.0,193.6,1623.0,65.0,25.0
1450.0,193.65,1624.0,65.0,25.0
1450.0,193.7,1625.0,65.0,26.0
1450.0,193.75,1626.0,66.0,26.0
1450.0,193.8,1627.0,66.0,26.0
1450.0,193.85,1628.0,66.0,27.0
1450.0,193.9,1629.0,66.0,27.0
1450.0,193.95,1630.0,67.0,27.0
1450.0,194.0,1631.0,67.0,28.0
1450.0,194.05,1634.0,66.0,28.0
1450.0,194.1,1637.0,66.0,28.0
1450.0,194.15,1640.0,65.0,29.0
1450.0,194.2,1643.0,65.0,29.0
1450.0,194.25,1646.0,64.0,29.0
1450.0,194.3,1648.0,63.0,30.0
1450.0,194.35,1651.0,63.0,30.0
1450.0,194.4,1654.0,62.0,31.0
1450.0,194.45,1657.0,62.0,31.0
1450.0,194.5,1660.0,61.0,31.0
1450.0,194.55,1663.0,61.0,32.0
1450.0,194.6,1666.0,61.0,32.0
1450.0,194.65,1669.0,61.0,33.0
1450.0,194.7,1672.0,60.0,33.0
1450.0,194.75,1675.0,60.0,34.0
1450.0,194.8,1678.0,60.0,34.0
1450.0,194.85,1681.0,60.0,35.0
1450.0,194.9,1684.0,60.0,35.0
1450.0,194.95,1687.0,60.0,36.0
1450.0,195.0,1690.0,60.0,36.0
1450.0,195.05,1688.0,60.0,36.0
1450.0,195.1,1687.0,61.0,36.0
1450.0,195.15,1685.0,62.0,35.0
1450.0,195.2,1684.0,63.0,35.0
1450.0,195.25,1682.0,63.0,35.0
1450.0,195.3,1680.0,64.0,35.0
1450.0,195.35,1679.0,65.0,35.0
1450.0,195.4,1677.0,66.0,34.0
1450.0,195.45,1676.0,66.0,34.0
1450.0,195.5,1674.0,67.0,34.0
1450.0,195.55,1663.0,68.0,36.0
1450.0,195.6,1652.0,69.0,37.0
1450.0,195.65,1640.0,70.0,39.0
1450.0,195.7,1629.0,71.0,41.0
1450.0,195.75,1618.0,72.0,43.0
1450.0,195.8,1607.0,73.0,44.0
1450.0,195.85,1596.0,74.0,46.0
1450.0,195.9,1584.0,75.0,48.0
1450.0,195.95,1573.0,76.0,49.0
1450.0,196.0,1562.0,77.0,51.0
1450.0,196.05,1574.0,77.0,50.0
1450.0,196.1,1587.0,77.0,48.0
1450.0,196.15,1599.0,77.0,46.0
1450.0,196.2,1611.0,77.0,45.0
1450.0,196.25,1624.0,77.0,43.0
1450.0,196.3,1636.0,76.0,42.0
1450.0,196.35,1648.0,76.0,40.0
1450.0,196.4,1660.0,76.0,39.0
1450.0,196.45,1673.0,76.0,37.0
1450.0,196.5,1685.0,76.0,35.0
1450.0,196.55,1689.0,76.0,36.0
1450.0,196.6,1693.0,75.0,36.0
1450.0,196.65,1696.0,75.0,36.0
1450.0,196.7,1700.0,74.0,37.0
1450.0,196.75,1704.0,74.0,37.0
1450.0,196.8,1708.0,73.0,38.0
1450.0,196.85,1712.0,73.0,38.0
1450.0,196.9,1715.0,72.0,38.0
1450.0,196.95,1719.0,72.0,39.0
1450.0,197.0,1723.0,72.0,39.0
1450.0,197.05,1727.0,72.0,39.0
1450.0,197.1,1730.0,72.0,40.0
1450.0,197.15,1734.0,73.0,40.0
1450.0,197.2,1737.0,73.0,40.0
1450.0,197.25,1741.0,74.0,41.0
1450.0,197.3,1745.0,74.0,41.0
1450.0,197.35,1748.0,75.0,42.0
1450.0,197.4,1752.0,75.0,42.0
1450.0,197.45,1755.0,76.0,42.0
1450.0,197.5,1759.0,76.0,43.0
1450.0,197.55,1761.0,76.0,43.0
1450.0,197.6,1762.0,77.0,43.0
1450.0,197.65,1764.0,77.0,43.0
1450.0,197.7,1766.0,77.0,43.0
1450.0,197.75,1768.0,77.0,43.0
1450.0,197.8,1769.0,78.0,44.0
1450.0,197.85,1771.0,78.0,44.0
1450.0,197.9,1773.0,78.0,44.0
1450.0,197.95,1774.0,78.0,44.0
1450.0,198.0,1776.0,79.0,44.0
1450.0,198.05,1775.0,81.0,44.0
1450.0,198.1,1774.0,83.0,43.0
1450.0,198.15,1773.0,85.0,43.0
1450.0,198.2,1772.0,88.0,43.0
1450.0,198.25,1772.0,90.0,42.0
1450.0,198.3,1771.0,92.0,42.0
1450.0,198.35,1770.0,95.0,42.0
1450.0,198.4,1769.0,97.0,41.0
1450.0,198.45,1768.0,99.0,41.0
1450.0,198.5,1767.0,102.0,40.0
1450.0,198.55,1767.0,102.0,40.0
1450.0,198.6,1767.0,102.0,40.0
1450.0,198.65,1767.0,102.0,40.0
1450.0,198.7,1767.0,102.0,40.0
1450.0,198.75,1767.0,102.0,40.0
1450.0,198.8,1767.0,102.0,40.0
1450.0,198.85,1767.0,102.0,40.0
1450.0,198.9,1767.0,102.0,40.0
1450.0,198.95,1767.0,102.0,40.0
1450.0,199.0,1767.0,102.0,40.0
1450.0,199.05,1767.0,102.0,40.0
1450.0,199.1,1767.0,102.0,40.0
1450.0,199.15,1767.0,102.0,40.0
1450.0,199.2,1767.0,102.0,40.0
1450.0,199.25,1767.0,102.0,40.0
1450.0,199.3,1767.0,102.0,40.0
1450.0,199.35,1767.0,102.0,40.0
1450.0,199.4,1767.0,102.0,40.0
1450.0,199.45,1767.0,102.0,40.0
1450.0,199.5,1767.0,102.0,40.0
1450.0,199.55,1767.0,102.0,40.0
1450.0,199.6,1767.0,102.0,40.0
1450.0,199.65,1767.0,102.0,40.0
1450.0,199.7,1767.0,102.0,40.0
1450.0,199.75,1767.0,102.0,40.0
1450.0,199.8,1767.0,102.0,40.0
1450.0,199.85,1767.0,102.0,40.0
1450.0,199.9,1767.0,102.0,40.0
1450.0,199.95,1767.0,102.0,40.0
1450.0,200.0,1767.0,102.0,40.0
1450.0,200.05,1767.0,102.0,40.0
1450.0,200.1,1767.0,102.0,40.0
1450.0,200.15,1767.0,102.0,40.0
1450.0,200.2,1767.0,102.0,40.0
1450.0,200.25,1767.0,102.0,40.0
1450.0,200.3,1767.0,102.0,40.0
1450.0,200.35,1767.0,102.0,40.0
1450.0,200.4,1767.0,102.0,40.0
1450.0,200.45,1767.0,102.0,40.0
1450.0,200.5,1767.0,102.0,40.0
1460.0,189.5,1726.0,55.0,13.0
1460.0,189.55,1726.0,55.0,13.0
1460.0,189.6,1726.0,55.0,13.0
1460.0,189.65,1726.0,55.0,13.0
1460.0,189.7,1726.0,55.0,13.0
1460.0,189.75,1726.0,55.0,13.0
1460.0,189.8,1726.0,55.0,13.0
1460.0,189.85,1726.0,55.0,13.0
1460.0,189.9,1726.0,55.0,13.0
1460.0,189.95,1726.0,55.0,13.0
1460.0,190.0,1726.0,55.0,13.0
1460.0,190.05,1726.0,55.0,13.0
1460.0,190.1,1726.0,55.0,13.0
1460.0,190.15,1726.0,55.0,13.0
1460.0,190.2,1726.0,55.0,13.0
1460.0,190.25,1726.0,55.0,13.0
1460.0,190.3,1726.0,55.0,13.0
1460.0,190.35,1726.0,55.0,13.0
1460.0,190.4,1726.0,55.0,13.0
1460.0,190.45,1726.0,55.0,13.0
1460.0,190.5,1726.0,55.0,13.0
1460.0,190.55,1726.0,55.0,13.0
1460.0,190.6,1726.0,55.0,13.0
1460.0,190.65,1726.0,55.0,13.0
1460.0,190.7,1726.0,55.0,13.0
1460.0,190.75,1726.0,55.0,13.0
1460.0,190.8,1726.0,55.0,13.0
1460.0,190.85,1726.0,55.0,13.0
1460.0,190.9,1726.0,55.0,13.0
1460.0,190.95,1726.0,55.0,13.0
1460.0,191.0,1726.0,55.0,13.0
1460.0,191.05,1726.0,55.0,13.0
1460.0,191.1,1726.0,55.0,13.0
1460.0,191.15,1726.0,55.0,13.0
1460.0,191.2,1726.0,55.0,13.0
1460.0,191.25,1726.0,55.0,13.0
1460.0,191.3,1726.0,55.0,13.0
1460.0,191.35,1726.0,55.0,13.0
1460.0,191.4,1726.0,55.0,13.0
1460.0,191.45,1726.0,55.0,13.0
1460.0,191.5,1726.0,55.0,13.0
1460.0,191.55,1725.0,55.0,14.0
1460.0,191.6,1724.0,54.0,14.0
1460.0,191.65,1722.0,54.0,15.0
1460.0,191.7,1721.0,53.0,15.0
1460.0,191.75,1720.0,53.0,16.0
1460.0,191.8,1718.0,52.0,16.0
1460.0,191.85,1717.0,52.0,17.0
1460.0,191.9,1716.0,51.0,17.0
1460.0,191.95,1714.0,51.0,18.0
1460.0,192.0,1713.0,51.0,19.0
1460.0,192.05,1713.0,50.0,19.0
1460.0,192.1,1712.0,50.0,20.0
1460.0,192.15,1712.0,50.0,21.0
1460.0,192.2,1711.0,50.0,22.0
1460.0,192.25,1711.0,50.0,22.0
1460.0,192.3,1710.0,50.0,23.0
1460.0,192.35,1710.0,50.0,24.0
1460.0,192.4,1709.0,50.0,24.0
1460.0,192.45,1709.0,50.0,25.0
1460.0,192.5,1708.0,50.0,26.0
1460.0,192.55,1703.0,50.0,26.0
1460.0,192.6,1699.0,49.0,26.0
1460.0,192.65,1695.0,49.0,26.0
1460.0,192.7,1691.0,49.0,26.0
1460.0,192.75,1687.0,49.0,26.0
1460.0,192.8,1682.0,48.0,26.0
1460.0,192.85,1678.0,48.0,26.0
1460.0,192.9,1674.0,48.0,26.0
1460.0,192.95,1670.0,47.0,27.0
1460.0,193.0,1666.0,47.0,27.0
1460.0,193.05,1664.0,49.0,26.0
1460.0,193.1,1663.0,51.0,26.0
1460.0,193.15,1662.0,52.0,26.0
1460.0,193.2,1661.0,54.0,26.0
1460.0,193.25,1660.0,56.0,26.0
1460.0,193.3,1658.0,58.0,26.0
1460.0,193.35,1657.0,60.0,25.0
1460.0,193.4,1656.0,61.0,25.0
1460.0,193.45,1655.0,63.0,25.0
1460.0,193.5,1653.0,65.0,25.0
1460.0,193.55,1654.0,65.0,25.0
1460.0,193.6,1655.0,66.0,25.0
1460.0,193.65,1656.0,66.0,25.0
1460.0,193.7,1657.0,66.0,26.0
1460.0,193.75,1658.0,67.0,26.0
1460.0,193.8,1659.0,67.0,26.0
1460.0,193.85,1660.0,67.0,27.0
1460.0,193.9,1661.0,67.0,27.0
1460.0,193.95,1662.0,68.0,27.0
1460.0,194.0,1663.0,68.0,28.0
1460.0,194.05,1666.0,67.0,28.0
1460.0,194.1,1669.0,67.0,28.0
1460.0,194.15,1672.0,66.0,29.0
1460.0,194.2,1675.0,66.0,29.0
1460.0,194.25,1678.0,65.0,29.0
1460.0,194.3,1681.0,65.0,30.0
1460.0,194.35,1683.0,64.0,30.0
1460.0,194.4,1686.0,63.0,30.0
1460.0,194.45,1689.0,63.0,31.0
1460.0,194.5,1693.0,62.0,31.0
1460.0,194.55,1696.0,62.0,32.0
1460.0,194.6,1699.0,62.0,33.0
1460.0,194.65,1702.0,62.0,33.0
1460.0,194.7,1705.0,62.0,34.0
1460.0,194.75,1708.0,61.0,34.0
1460.0,194.8,1711.0,61.0,35.0
1460.0,194.85,1714.0,61.0,35.0
1460.0,194.9,1717.0,61.0,36.0
1460.0,194.95,1720.0,61.0,36.0
1460.0,195.0,1723.0,61.0,37.0
1460.0,195.05,1722.0,61.0,37.0
1460.0,195.1,1720.0,62.0,36.0
1460.0,195.15,1718.0,63.0,36.0
1460.0,195.2,1717.0,64.0,36.0
1460.0,195.25,1715.0,64.0,36.0
1460.0,195.3,1714.0,65.0,35.0
1460.0,195.35,1712.0,66.0,35.0
1460.0,195.4,1710.0,67.0,35.0
1460.0,195.45,1709.0,67.0,35.0
1460.0,195.5,1707.0,68.0,34.0
1460.0,195.55,1695.0,69.0,36.0
1460.0,195.6,1684.0,70.0,38.0
1460.0,195.65,1673.0,71.0,39.0
1460.0,195.7,1662.0,72.0,41.0
1460.0,195.75,1650.0,73.0,43.0
1460.0,195.8,1639.0,74.0,45.0
1460.0,195.85,1628.0,75.0,46.0
1460.0,195.9,1617.0,76.0,48.0
1460.0,195.95,1606.0,77.0,50.0
1460.0,196.0,1594.0,78.0,52.0
1460.0,196.05,1606.0,78.0,50.0
1460.0,196.1,1618.0,78.0,48.0
1460.0,196.15,1631.0,78.0,47.0
1460.0,196.2,1643.0,78.0,45.0
1460.0,196.25,1655.0,78.0,43.0
1460.0,196.3,1668.0,78.0,42.0
1460.0,196.35,1680.0,78.0,40.0
1460.0,196.4,1692.0,77.0,39.0
1460.0,196.45,1705.0,77.0,37.0
1460.0,196.5,1717.0,77.0,36.0
1460.0,196.55,1721.0,77.0,36.0
1460.0,196.6,1724.0,76.0,36.0
1460.0,196.65,1728.0,76.0,37.0
1460.0,196.7,1732.0,75.0,37.0
1460.0,196.75,1736.0,75.0,37.0
1460.0,196.8,1740.0,75.0,38.0
1460.0,196.85,1743.0,74.0,38.0
1460.0,196.9,1747.0,74.0,38.0
1460.0,196.95,1751.0,73.0,39.0
1460.0,197.0,1755.0,72.0,39.0
1460.0,197.05,1759.0,73.0,40.0
1460.0,197.1,1763.0,73.0,40.0
1460.0,197.15,1767.0,73.0,41.0
1460.0,197.2,1770.0,74.0,41.0
1460.0,197.25,1774.0,74.0,42.0
1460.0,197.3,1777.0,75.0,42.0
1460.0,197.35,1781.0,75.0,42.0
1460.0,197.4,1785.0,76.0,43.0
1460.0,197.45,1788.0,76.0,43.0
1460.0,197.5,1792.0,77.0,44.0
1460.0,197.55,1793.0,77.0,44.0
1460.0,197.6,1795.0,77.0,44.0
1460.0,197.65,1797.0,77.0,44.0
1460.0,197.7,1798.0,78.0,44.0
1460.0,197.75,1800.0,78.0,44.0
1460.0,197.8,1802.0,78.0,44.0
1460.0,197.85,1804.0,78.0,44.0
1460.0,197.9,1805.0,79.0,45.0
1460.0,197.95,1807.0,79.0,45.0
1460.0,198.0,1808.0,81.0,45.0
1460.0,198.05,1806.0,82.0,44.0
1460.0,198.1,1806.0,84.0,44.0
1460.0,198.15,1805.0,87.0,43.0
1460.0,198.2,1804.0,89.0,43.0
1460.0,198.25,1803.0,91.0,43.0
1460.0,198.3,1802.0,94.0,42.0
1460.0,198.35,1801.0,96.0,42.0
1460.0,198.4,1800.0,98.0,41.0
1460.0,198.45,1799.0,101.0,41.0
1460.0,198.5,1798.0,103.0,41.0
1460.0,198.55,1798.0,103.0,41.0
1460.0,198.6,1798.0,103.0,41.0
1460.0,198.65,1798.0,103.0,41.0
1460.0,198.7,1798.0,103.0,41.0
1460.0,198.75,1798.0,103.0,41.0
1460.0,198.8,1798.0,103.0,41.0
1460.0,198.85,1798.0,103.0,41.0
1460.0,198.9,1798.0,103.0,41.0
1460.0,198.95,1798.0,103.0,41.0
1460.0,199.0,1798.0,103.0,41.0
1460.0,199.05,1798.0,103.0,41.0
1460.0,199.1,1798.0,103.0,41.0
1460.0,199.15,1798.0,103.0,41.0
1460.0,199.2,1798.0,103.0,41.0
1460.0,199.25,1798.0,103.0,41.0
1460.0,199.3,1798.0,103.0,41.0
1460.0,199.35,1798.0,103.0,41.0
1460.0,199.4,1798.0,103.0,41.0
1460.0,199.45,1798.0,103.0,41.0
1460.0,199.5,1798.0,103.0,41.0
1460.0,199.55,1798.0,103.0,41.0
1460.0,199.6,1798.0,103.0,41.0
1460.0,199.65,1798.0,103.0,41.0
1460.0,199.7,1798.0,103.0,41.0
1460.0,199.75,1798.0,103.0,41.0
1460.0,199.8,1798.0,103.0,41.0
1460.0,199.85,1798.0,103.0,41.0
1460.0,199.9,1798.0,103.0,41.0
1460.0,199.95,1798.0,103.0,41.0
1460.0,200.0,1798.0,103.0,41.0
1460.0,200.05,1798.0,103.0,41.0
1460.0,200.1,1798.0,103.0,41.0
1460.0,200.15,1798.0,103.0,41.0
1460.0,200.2,1798.0,103.0,41.0
1460.0,200.25,1798.0,103.0,41.0
1460.0,200.3,1798.0,103.0,41.0
1460.0,200.35,1798.0,103.0,41.0
1460.0,200.4,1798.0,103.0,41.0
1460.0,200.45,1798.0,103.0,41.0
1460.0,200.5,1798.0,103.0,41.0
1470.0,189.5,1759.0,56.0,13.0
1470.0,189.55,1759.0,56.0,13.0
1470.0,189.6,1759.0,56.0,13.0
1470.0,189.65,1759.0,56.0,13.0
1470.0,189.7,1759.0,56.0,13.0
1470.0,189.75,1759.0,56.0,13.0
1470.0,189.8,1759.0,56.0,13.0
1470.0,189.85,1759.0,56.0,13.0
1470.0,189.9,1759.0,56.0,13.0
1470.0,189.95,1759.0,56.0,13.0
1470.0,190.0,1759.0,56.0,13.0
1470.0,190.05,1759.0,56.0,13.0
1470.0,190.1,1759.0,56.0,13.0
1470.0,190.15,1759.0,56.0,13.0
1470.0,190.2,1759.0,56.0,13.0
1470.0,190.25,1759.0,56.0,13.0
1470.0,190.3,1759.0,56.0,13.0
1470.0,190.35,1759.0,56.0,13.0
1470.0,190.4,1759.0,56.0,13.0
1470.0,190.45,1759.0,56.0,13.0
1470.0,190.5,1759.0,56.0,13.0
1470.0,190.55,1759.0,56.0,13.0
1470.0,190.6,1759.0,56.0,13.0
1470.0,190.65,1759.0,56.0,13.0
1470.0,190.7,1759.0,56.0,13.0
1470.0,190.75,1759.0,56.0,13.0
1470.0,190.8,1759.0,56.0,13.0
1470.0,190.85,1759.0,56.0,13.0
1470.0,190.9,1759.0,56.0,13.0
1470.0,190.95,1759.0,56.0,13.0
1470.0,191.0,1759.0,56.0,13.0
1470.0,191.05,1759.0,56.0,13.0
1470.0,191.1,1759.0,56.0,13.0
1470.0,191.15,1759.0,56.0,13.0
1470.0,191.2,1759.0,56.0,13.0
1470.0,191.25,1759.0,56.0,13.0
1470.0,191.3,1759.0,56.0,13.0
1470.0,191.35,1759.0,56.0,13.0
1470.0,191.4,1759.0,56.0,13.0
1470.0,191.45,1759.0,56.0,13.0
1470.0,191.5,1759.0,56.0,13.0
1470.0,191.55,1758.0,55.0,14.0
1470.0,191.6,1757.0,55.0,14.0
1470.0,191.65,1755.0,54.0,15.0
1470.0,191.7,1754.0,54.0,15.0
1470.0,191.75,1753.0,53.0,16.0
1470.0,191.8,1751.0,53.0,16.0
1470.0,191.85,1750.0,52.0,17.0
1470.0,191.9,1749.0,52.0,18.0
1470.0,191.95,1748.0,52.0,18.0
1470.0,192.0,1746.0,51.0,19.0
1470.0,192.05,1746.0,51.0,19.0
1470.0,192.1,1745.0,51.0,20.0
1470.0,192.15,1745.0,51.0,21.0
1470.0,192.2,1744.0,51.0,22.0
1470.0,192.25,1744.0,51.0,22.0
1470.0,192.3,1743.0,51.0,23.0
1470.0,192.35,1743.0,51.0,24.0
1470.0,192.4,1742.0,51.0,25.0
1470.0,192.45,1742.0,51.0,26.0
1470.0,192.5,1742.0,51.0,27.0
1470.0,192.55,1737.0,51.0,27.0
1470.0,192.6,1732.0,50.0,27.0
1470.0,192.65,1728.0,50.0,27.0
1470.0,192.7,1723.0,50.0,27.0
1470.0,192.75,1719.0,49.0,27.0
1470.0,192.8,1715.0,49.0,27.0
1470.0,192.85,1711.0,49.0,27.0
1470.0,192.9,1707.0,48.0,27.0
1470.0,192.95,1702.0,48.0,27.0
1470.0,193.0,1698.0,48.0,27.0
1470.0,193.05,1697.0,50.0,27.0
1470.0,193.1,1696.0,51.0,27.0
1470.0,193.15,1695.0,53.0,26.0
1470.0,193.2,1693.0,55.0,26.0
1470.0,193.25,1692.0,57.0,26.0
1470.0,193.3,1691.0,59.0,26.0
1470.0,193.35,1690.0,60.0,26.0
1470.0,193.4,1689.0,62.0,26.0
1470.0,193.45,1687.0,64.0,25.0
1470.0,193.5,1685.0,66.0,25.0
1470.0,193.55,1686.0,66.0,25.0
1470.0,193.6,1687.0,67.0,25.0
1470.0,193.65,1688.0,67.0,25.0
1470.0,193.7,1689.0,67.0,26.0
1470.0,193.75,1690.0,68.0,26.0
1470.0,193.8,1691.0,68.0,26.0
1470.0,193.85,1692.0,68.0,27.0
1470.0,193.9,1693.0,69.0,27.0
1470.0,193.95,1694.0,69.0,27.0
1470.0,194.0,1695.0,69.0,28.0
1470.0,194.05,1698.0,68.0,28.0
1470.0,194.1,1701.0,68.0,28.0
1470.0,194.15,1704.0,67.0,29.0
1470.0,194.2,1707.0,67.0,29.0
1470.0,194.25,1710.0,66.0,29.0
1470.0,194.3,1713.0,66.0,30.0
1470.0,194.35,1716.0,65.0,30.0
1470.0,194.4,1719.0,64.0,30.0
1470.0,194.45,1722.0,63.0,31.0
1470.0,194.5,1725.0,63.0,32.0
1470.0,194.55,1729.0,63.0,33.0
1470.0,194.6,1733.0,63.0,34.0
1470.0,194.65,1736.0,63.0,34.0
1470.0,194.7,1739.0,63.0,35.0
1470.0,194.75,1742.0,62.0,35.0
1470.0,194.8,1745.0,62.0,35.0
1470.0,194.85,1748.0,62.0,36.0
1470.0,194.9,1751.0,62.0,36.0
1470.0,194.95,1754.0,62.0,37.0
1470.0,195.0,1757.0,62.0,37.0
1470.0,195.05,1755.0,62.0,37.0
1470.0,195.1,1753.0,63.0,37.0
1470.0,195.15,1752.0,64.0,37.0
1470.0,195.2,1750.0,65.0,37.0
1470.0,195.25,1749.0,65.0,36.0
1470.0,195.3,1747.0,66.0,36.0
1470.0,195.35,1745.0,67.0,36.0
1470.0,195.4,1744.0,68.0,36.0
1470.0,195.45,1741.0,68.0,35.0
1470.0,195.5,1739.0,69.0,35.0
1470.0,195.55,1728.0,70.0,36.0
1470.0,195.6,1717.0,71.0,38.0
1470.0,195.65,1705.0,72.0,40.0
1470.0,195.7,1694.0,73.0,42.0
1470.0,195.75,1683.0,74.0,43.0
1470.0,195.8,1672.0,75.0,45.0
1470.0,195.85,1661.0,76.0,47.0
1470.0,195.9,1649.0,77.0,49.0
1470.0,195.95,1637.0,78.0,50.0
1470.0,196.0,1625.0,79.0,52.0
1470.0,196.05,1638.0,79.0,50.0
1470.0,196.1,1650.0,79.0,48.0
1470.0,196.15,1663.0,79.0,47.0
1470.0,196.2,1675.0,79.0,45.0
1470.0,196.25,1687.0,79.0,44.0
1470.0,196.3,1700.0,79.0,42.0
1470.0,196.35,1712.0,79.0,40.0
1470.0,196.4,1724.0,79.0,39.0
1470.0,196.45,1736.0,79.0,37.0
1470.0,196.5,1749.0,78.0,36.0
1470.0,196.55,1753.0,78.0,36.0
1470.0,196.6,1756.0,78.0,36.0
1470.0,196.65,1760.0,77.0,37.0
1470.0,196.7,1764.0,77.0,37.0
1470.0,196.75,1768.0,76.0,37.0
1470.0,196.8,1772.0,76.0,38.0
1470.0,196.85,1775.0,75.0,38.0
1470.0,196.9,1779.0,75.0,38.0
1470.0,196.95,1783.0,74.0,39.0
1470.0,197.0,1787.0,73.0,39.0
1470.0,197.05,1792.0,73.0,40.0
1470.0,197.1,1796.0,74.0,41.0
1470.0,197.15,1799.0,74.0,42.0
1470.0,197.2,1803.0,74.0,42.0
1470.0,197.25,1806.0,75.0,42.0
1470.0,197.3,1810.0,75.0,43.0
1470.0,197.35,1814.0,76.0,43.0
1470.0,197.4,1817.0,76.0,44.0
1470.0,197.45,1821.0,77.0,44.0
1470.0,197.5,1824.0,77.0,44.0
1470.0,197.55,1826.0,77.0,44.0
1470.0,197.6,1828.0,78.0,45.0
1470.0,197.65,1830.0,78.0,45.0
1470.0,197.7,1831.0,78.0,45.0
1470.0,197.75,1833.0,78.0,45.0
1470.0,197.8,1835.0,79.0,45.0
1470.0,197.85,1836.0,79.0,45.0
1470.0,197.9,1838.0,79.0,45.0
1470.0,197.95,1839.0,81.0,45.0
1470.0,198.0,1841.0,83.0,45.0
1470.0,198.05,1839.0,84.0,45.0
1470.0,198.1,1837.0,86.0,44.0
1470.0,198.15,1836.0,88.0,44.0
1470.0,198.2,1835.0,90.0,43.0
1470.0,198.25,1834.0,93.0,43.0
1470.0,198.3,1833.0,95.0,43.0
1470.0,198.35,1832.0,97.0,42.0
1470.0,198.4,1832.0,100.0,42.0
1470.0,198.45,1831.0,102.0,41.0
1470.0,198.5,1830.0,104.0,41.0
1470.0,198.55,1830.0,104.0,41.0
1470.0,198.6,1830.0,104.0,41.0
1470.0,198.65,1830.0,104.0,41.0
1470.0,198.7,1830.0,104.0,41.0
1470.0,198.75,1830.0,104.0,41.0
1470.0,198.8,1830.0,104.0,41.0
1470.0,198.85,1830.0,104.0,41.0
1470.0,198.9,1830.0,104.0,41.0
1470.0,198.95,1830.0,104.0,41.0
1470.0,199.0,1830.0,104.0,41.0
1470.0,199.05,1830.0,104.0,41.0
1470.0,199.1,1830.0,104.0,41.0
1470.0,199.15,1830.0,104.0,41.0
1470.0,199.2,1830.0,104.0,41.0
1470.0,199.25,1830.0,104.0,41.0
1470.0,199.3,1830.0,104.0,41.0
1470.0,199.35,1830.0,104.0,41.0
1470.0,199.4,1830.0,104.0,41.0
1470.0,199.45,1830.0,104.0,41.0
1470.0,199.5,1830.0,104.0,41.0
1470.0,199.55,1830.0,104.0,41.0
1470.0,199.6,1830.0,104.0,41.0
1470.0,199.65,1830.0,104.0,41.0
1470.0,199.7,1830.0,104.0,41.0
1470.0,199.75,1830.0,104.0,41.0
1470.0,199.8,1830.0,104.0,41.0
1470.0,199.85,1830.0,104.0,41.0
1470.0,199.9,1830.0,104.0,41.0
1470.0,199.95,1830.0,104.0,41.0
1470.0,200.0,1830.0,104.0,41.0
1470.0,200.05,1830.0,104.0,41.0
1470.0,200.1,1830.0,104.0,41.0
1470.0,200.15,1830.0,104.0,41.0
1470.0,200.2,1830.0,104.0,41.0
1470.0,200.25,1830.0,104.0,41.0
1470.0,200.3,1830.0,104.0,41.0
1470.0,200.35,1830.0,104.0,41.0
1470.0,200.4,1830.0,104.0,41.0
1470.0,200.45,1830.0,104.0,41.0
1470.0,200.5,1830.0,104.0,41.0
1480.0,189.5,1792.0,56.0,13.0
1480.0,189.55,1792.0,56.0,13.0
1480.0,189.6,1792.0,56.0,13.0
1480.0,189.65,1792.0,56.0,13.0
1480.0,189.7,1792.0,56.0,13.0
1480.0,189.75,1792.0,56.0,13.0
1480.0,189.8,1792.0,56.0,13.0
1480.0,189.85,1792.0,56.0,13.0
1480.0,189.9,1792.0,56.0,13.0
1480.0,189.95,1792.0,56.0,13.0
1480.0,190.0,1792.0,56.0,13.0
1480.0,190.05,1792.0,56.0,13.0
1480.0,190.1,1792.0,56.0,13.0
1480.0,190.15,1792.0,56.0,13.0
1480.0,190.2,1792.0,56.0,13.0
1480.0,190.25,1792.0,56.0,13.0
1480.0,190.3,1792.0,56.0,13.0
1480.0,190.35,1792.0,56.0,13.0
1480.0,190.4,1792.0,56.0,13.0
1480.0,190.45,1792.0,56.0,13.0
1480.0,190.5,1792.0,56.0,13.0
1480.0,190.55,1792.0,56.0,13.0
1480.0,190.6,1792.0,56.0,13.0
1480.0,190.65,1792.0,56.0,13.0
1480.0,190.7,1792.0,56.0,13.0
1480.0,190.75,1792.0,56.0,13.0
1480.0,190.8,1792.0,56.0,13.0
1480.0,190.85,1792.0,56.0,13.0
1480.0,190.9,1792.0,56.0,13.0
1480.0,190.95,1792.0,56.0,13.0
1480.0,191.0,1792.0,56.0,13.0
1480.0,191.05,1792.0,56.0,13.0
1480.0,191.1,1792.0,56.0,13.0
1480.0,191.15,1792.0,56.0,13.0
1480.0,191.2,1792.0,56.0,13.0
1480.0,191.25,1792.0,56.0,13.0
1480.0,191.3,1792.0,56.0,13.0
1480.0,191.35,1792.0,56.0,13.0
1480.0,191.4,1792.0,56.0,13.0
1480.0,191.45,1792.0,56.0,13.0
1480.0,191.5,1792.0,56.0,13.0
1480.0,191.55,1791.0,56.0,14.0
1480.0,191.6,1790.0,55.0,14.0
1480.0,191.65,1788.0,55.0,15.0
1480.0,191.7,1787.0,54.0,15.0
1480.0,191.75,1786.0,54.0,16.0
1480.0,191.8,1784.0,54.0,17.0
1480.0,191.85,1783.0,53.0,17.0
1480.0,191.9,1782.0,53.0,18.0
1480.0,191.95,1781.0,52.0,18.0
1480.0,192.0,1779.0,52.0,19.0
1480.0,192.05,1779.0,52.0,20.0
1480.0,192.1,1778.0,52.0,20.0
1480.0,192.15,1778.0,52.0,21.0
1480.0,192.2,1777.0,51.0,22.0
1480.0,192.25,1777.0,51.0,23.0
1480.0,192.3,1776.0,51.0,23.0
1480.0,192.35,1776.0,51.0,24.0
1480.0,192.4,1776.0,51.0,25.0
1480.0,192.45,1775.0,52.0,26.0
1480.0,192.5,1775.0,52.0,28.0
1480.0,192.55,1770.0,52.0,28.0
1480.0,192.6,1765.0,51.0,27.0
1480.0,192.65,1760.0,51.0,27.0
1480.0,192.7,1756.0,51.0,27.0
1480.0,192.75,1752.0,50.0,27.0
1480.0,192.8,1748.0,50.0,27.0
1480.0,192.85,1743.0,50.0,27.0
1480.0,192.9,1739.0,49.0,27.0
1480.0,192.95,1735.0,49.0,27.0
1480.0,193.0,1731.0,49.0,27.0
1480.0,193.05,1730.0,50.0,27.0
1480.0,193.1,1728.0,52.0,27.0
1480.0,193.15,1727.0,54.0,27.0
1480.0,193.2,1726.0,56.0,27.0
1480.0,193.25,1725.0,58.0,27.0
1480.0,193.3,1724.0,60.0,26.0
1480.0,193.35,1722.0,61.0,26.0
1480.0,193.4,1720.0,63.0,26.0
1480.0,193.45,1719.0,65.0,25.0
1480.0,193.5,1717.0,66.0,25.0
1480.0,193.55,1718.0,67.0,25.0
1480.0,193.6,1719.0,68.0,25.0
1480.0,193.65,1721.0,68.0,25.0
1480.0,193.7,1722.0,68.0,26.0
1480.0,193.75,1723.0,69.0,26.0
1480.0,193.8,1724.0,69.0,26.0
1480.0,193.85,1725.0,69.0,27.0
1480.0,193.9,1726.0,70.0,27.0
1480.0,193.95,1727.0,70.0,27.0
1480.0,194.0,1728.0,70.0,28.0
1480.0,194.05,1731.0,70.0,28.0
1480.0,194.1,1733.0,69.0,28.0
1480.0,194.15,1736.0,68.0,29.0
1480.0,194.2,1739.0,68.0,29.0
1480.0,194.25,1742.0,67.0,29.0
1480.0,194.3,1745.0,67.0,30.0
1480.0,194.35,1748.0,66.0,30.0
1480.0,194.4,1751.0,65.0,31.0
1480.0,194.45,1755.0,64.0,31.0
1480.0,194.5,1758.0,63.0,32.0
1480.0,194.55,1762.0,63.0,33.0
1480.0,194.6,1765.0,64.0,34.0
1480.0,194.65,1769.0,64.0,35.0
1480.0,194.7,1772.0,64.0,35.0
1480.0,194.75,1775.0,63.0,36.0
1480.0,194.8,1778.0,63.0,36.0
1480.0,194.85,1781.0,63.0,37.0
1480.0,194.9,1784.0,63.0,37.0
1480.0,194.95,1787.0,63.0,38.0
1480.0,195.0,1790.0,63.0,38.0
1480.0,195.05,1788.0,63.0,38.0
1480.0,195.1,1787.0,64.0,38.0
1480.0,195.15,1785.0,65.0,37.0
1480.0,195.2,1784.0,66.0,37.0
1480.0,195.25,1782.0,66.0,37.0
1480.0,195.3,1780.0,67.0,37.0
1480.0,195.35,1779.0,68.0,37.0
1480.0,195.4,1776.0,69.0,36.0
1480.0,195.45,1774.0,70.0,36.0
1480.0,195.5,1772.0,70.0,35.0
1480.0,195.55,1760.0,71.0,37.0
1480.0,195.6,1749.0,72.0,39.0
1480.0,195.65,1738.0,73.0,40.0
1480.0,195.7,1727.0,74.0,42.0
1480.0,195.75,1715.0,75.0,44.0
1480.0,195.8,1704.0,76.0,46.0
1480.0,195.85,1693.0,77.0,47.0
1480.0,195.9,1681.0,78.0,49.0
1480.0,195.95,1669.0,79.0,51.0
1480.0,196.0,1657.0,79.0,52.0
1480.0,196.05,1670.0,80.0,50.0
1480.0,196.1,1682.0,80.0,49.0
1480.0,196.15,1695.0,80.0,47.0
1480.0,196.2,1707.0,80.0,45.0
1480.0,196.25,1719.0,80.0,44.0
1480.0,196.3,1732.0,80.0,42.0
1480.0,196.35,1744.0,80.0,41.0
1480.0,196.4,1756.0,80.0,39.0
1480.0,196.45,1768.0,80.0,37.0
1480.0,196.5,1781.0,80.0,36.0
1480.0,196.55,1785.0,79.0,36.0
1480.0,196.6,1788.0,79.0,37.0
1480.0,196.65,1792.0,78.0,37.0
1480.0,196.7,1796.0,78.0,37.0
1480.0,196.75,1800.0,77.0,38.0
1480.0,196.8,1804.0,77.0,38.0
1480.0,196.85,1807.0,77.0,38.0
1480.0,196.9,1811.0,76.0,39.0
1480.0,196.95,1815.0,75.0,39.0
1480.0,197.0,1820.0,74.0,40.0
1480.0,197.05,1824.0,74.0,41.0
1480.0,197.1,1828.0,74.0,41.0
1480.0,197.15,1832.0,75.0,42.0
1480.0,197.2,1835.0,75.0,43.0
1480.0,197.25,1839.0,75.0,43.0
1480.0,197.3,1843.0,76.0,43.0
1480.0,197.35,1846.0,76.0,44.0
1480.0,197.4,1850.0,77.0,44.0
1480.0,197.45,1853.0,77.0,45.0
1480.0,197.5,1857.0,78.0,45.0
1480.0,197.55,1859.0,78.0,45.0
1480.0,197.6,1860.0,78.0,45.0
1480.0,197.65,1862.0,78.0,45.0
1480.0,197.7,1864.0,79.0,46.0
1480.0,197.75,1866.0,79.0,46.0
1480.0,197.8,1867.0,79.0,46.0
1480.0,197.85,1869.0,79.0,46.0
1480.0,197.9,1870.0,81.0,46.0
1480.0,197.95,1872.0,83.0,46.0
1480.0,198.0,1873.0,85.0,46.0
1480.0,198.05,1871.0,86.0,45.0
1480.0,198.1,1869.0,88.0,45.0
1480.0,198.15,1867.0,89.0,44.0
1480.0,198.2,1867.0,92.0,44.0
1480.0,198.25,1866.0,94.0,43.0
1480.0,198.3,1865.0,96.0,43.0
1480.0,198.35,1864.0,99.0,42.0
1480.0,198.4,1863.0,101.0,42.0
1480.0,198.45,1862.0,103.0,42.0
1480.0,198.5,1861.0,106.0,41.0
1480.0,198.55,1861.0,106.0,41.0
1480.0,198.6,1861.0,106.0,41.0
1480.0,198.65,1861.0,106.0,41.0
1480.0,198.7,1861.0,106.0,41.0
1480.0,198.75,1861.0,106.0,41.0
1480.0,198.8,1861.0,106.0,41.0
1480.0,198.85,1861.0,106.0,41.0
1480.0,198.9,1861.0,106.0,41.0
1480.0,198.95,1861.0,106.0,41.0
1480.0,199.0,1861.0,106.0,41.0
1480.0,199.05,1861.0,106.0,41.0
1480.0,199.1,1861.0,106.0,41.0
1480.0,199.15,1861.0,106.0,41.0
1480.0,199.2,1861.0,106.0,41.0
1480.0,199.25,1861.0,106.0,41.0
1480.0,199.3,1861.0,106.0,41.0
1480.0,199.35,1861.0,106.0,41.0
1480.0,199.4,1861.0,106.0,41.0
1480.0,199.45,1861.0,106.0,41.0
1480.0,199.5,1861.0,106.0,41.0
1480.0,199.55,1861.0,106.0,41.0
1480.0,199.6,1861.0,106.0,41.0
1480.0,199.65,1861.0,106.0,41.0
1480.0,199.7,1861.0,106.0,41.0
1480.0,199.75,1861.0,106.0,41.0
1480.0,199.8,1861.0,106.0,41.0
1480.0,199.85,1861.0,106.0,41.0
1480.0,199.9,1861.0,106.0,41.0
1480.0,199.95,1861.0,106.0,41.0
1480.0,200.0,1861.0,106.0,41.0
1480.0,200.05,1861.0,106.0,41.0
1480.0,200.1,1861.0,106.0,41.0
1480.0,200.15,1861.0,106.0,41.0
1480.0,200.2,1861.0,106.0,41.0
1480.0,200.25,1861.0,106.0,41.0
1480.0,200.3,1861.0,106.0,41.0
1480.0,200.35,1861.0,106.0,41.0
1480.0,200.4,1861.0,106.0,41.0
1480.0,200.45,1861.0,106.0,41.0
1480.0,200.5,1861.0,106.0,41.0
1490.0,189.5,1825.0,57.0,13.0
1490.0,189.55,1825.0,57.0,13.0
1490.0,189.6,1825.0,57.0,13.0
1490.0,189.65,1825.0,57.0,13.0
1490.0,189.7,1825.0,57.0,13.0
1490.0,189.75,1825.0,57.0,13.0
1490.0,189.8,1825.0,57.0,13.0
1490.0,189.85,1825.0,57.0,13.0
1490.0,189.9,1825.0,57.0,13.0
1490.0,189.95,1825.0,57.0,13.0
1490.0,190.0,1825.0,57.0,13.0
1490.0,190.05,1825.0,57.0,13.0
1490.0,190.1,1825.0,57.0,13.0
1490.0,190.15,1825.0,57.0,13.0
1490.0,190.2,1825.0,57.0,13.0
1490.0,190.25,1825.0,57.0,13.0
1490.0,190.3,1825.0,57.0,13.0
1490.0,190.35,1825.0,57.0,13.0
1490.0,190.4,1825.0,57.0,13.0
1490.0,190.45,1825.0,57.0,13.0
1490.0,190.5,1825.0,57.0,13.0
1490.0,190.55,1825.0,57.0,13.0
1490.0,190.6,1825.0,57.0,13.0
1490.0,190.65,1825.0,57.0,13.0
1490.0,190.7,1825.0,57.0,13.0
1490.0,190.75,1825.0,57.0,13.0
1490.0,190.8,1825.0,57.0,13.0
1490.0,190.85,1825.0,57.0,13.0
1490.0,190.9,1825.0,57.0,13.0
1490.0,190.95,1825.0,57.0,13.0
1490.0,191.0,1825.0,57.0,13.0
1490.0,191.05,1825.0,57.0,13.0
1490.0,191.1,1825.0,57.0,13.0
1490.0,191.15,1825.0,57.0,13.0
1490.0,191.2,1825.0,57.0,13.0
1490.0,191.25,1825.0,57.0,13.0
1490.0,191.3,1825.0,57.0,13.0
1490.0,191.35,1825.0,57.0,13.0
1490.0,191.4,1825.0,57.0,13.0
1490.0,191.45,1825.0,57.0,13.0
1490.0,191.5,1825.0,57.0,13.0
1490.0,191.55,1824.0,57.0,14.0
1490.0,191.6,1823.0,56.0,14.0
1490.0,191.65,1821.0,56.0,15.0
1490.0,191.7,1820.0,55.0,16.0
1490.0,191.75,1819.0,55.0,16.0
1490.0,191.8,1818.0,54.0,17.0
1490.0,191.85,1816.0,54.0,17.0
1490.0,191.9,1815.0,53.0,18.0
1490.0,191.95,1814.0,53.0,18.0
1490.0,192.0,1812.0,52.0,19.0
1490.0,192.05,1812.0,52.0,20.0
1490.0,192.1,1811.0,52.0,20.0
1490.0,192.15,1811.0,52.0,21.0
1490.0,192.2,1810.0,52.0,22.0
1490.0,192.25,1810.0,52.0,23.0
1490.0,192.3,1809.0,52.0,23.0
1490.0,192.35,1809.0,52.0,25.0
1490.0,192.4,1809.0,52.0,26.0
1490.0,192.45,1808.0,53.0,27.0
1490.0,192.5,1808.0,53.0,28.0
1490.0,192.55,1803.0,52.0,28.0
1490.0,192.6,1798.0,52.0,28.0
1490.0,192.65,1793.0,52.0,28.0
1490.0,192.7,1789.0,51.0,28.0
1490.0,192.75,1784.0,51.0,28.0
1490.0,192.8,1780.0,51.0,28.0
1490.0,192.85,1776.0,51.0,28.0
1490.0,192.9,1772.0,50.0,28.0
1490.0,192.95,1768.0,50.0,28.0
1490.0,193.0,1763.0,50.0,28.0
1490.0,193.05,1762.0,51.0,28.0
1490.0,193.1,1761.0,53.0,27.0
1490.0,193.15,1760.0,55.0,27.0
1490.0,193.2,1759.0,57.0,27.0
1490.0,193.25,1757.0,59.0,27.0
1490.0,193.3,1756.0,60.0,27.0
1490.0,193.35,1754.0,62.0,26.0
1490.0,193.4,1752.0,64.0,26.0
1490.0,193.45,1751.0,65.0,26.0
1490.0,193.5,1749.0,67.0,25.0
1490.0,193.55,1750.0,68.0,25.0
1490.0,193.6,1751.0,68.0,25.0
1490.0,193.65,1752.0,69.0,26.0
1490.0,193.7,1754.0,69.0,26.0
1490.0,193.75,1755.0,70.0,26.0
1490.0,193.8,1756.0,70.0,26.0
1490.0,193.85,1757.0,70.0,27.0
1490.0,193.9,1758.0,71.0,27.0
1490.0,193.95,1759.0,71.0,27.0
1490.0,194.0,1760.0,71.0,28.0
1490.0,194.05,1763.0,71.0,28.0
1490.0,194.1,1766.0,70.0,28.0
1490.0,194.15,1769.0,69.0,29.0
1490.0,194.2,1771.0,69.0,29.0
1490.0,194.25,1774.0,68.0,29.0
1490.0,194.3,1777.0,68.0,30.0
1490.0,194.35,1781.0,67.0,30.0
1490.0,194.4,1784.0,66.0,31.0
1490.0,194.45,1787.0,65.0,31.0
1490.0,194.5,1791.0,64.0,32.0
1490.0,194.55,1794.0,64.0,33.0
1490.0,194.6,1798.0,64.0,34.0
1490.0,194.65,1802.0,64.0,35.0
1490.0,194.7,1805.0,65.0,36.0
1490.0,194.75,1808.0,64.0,36.0
1490.0,194.8,1811.0,64.0,37.0
1490.0,194.85,1814.0,64.0,37.0
1490.0,194.9,1817.0,64.0,38.0
1490.0,194.95,1820.0,64.0,38.0
1490.0,195.0,1823.0,64.0,39.0
1490.0,195.05,1822.0,64.0,39.0
1490.0,195.1,1820.0,65.0,38.0
1490.0,195.15,1818.0,66.0,38.0
1490.0,195.2,1817.0,67.0,38.0
1490.0,195.25,1815.0,68.0,38.0
1490.0,195.3,1814.0,68.0,37.0
1490.0,195.35,1811.0,69.0,37.0
1490.0,195.4,1809.0,70.0,37.0
1490.0,195.45,1806.0,71.0,36.0
1490.0,195.5,1804.0,71.0,36.0
1490.0,195.55,1793.0,72.0,37.0
1490.0,195.6,1782.0,73.0,39.0
1490.0,195.65,1770.0,74.0,41.0
1490.0,195.7,1759.0,75.0,42.0
1490.0,195.75,1748.0,76.0,44.0
1490.0,195.8,1737.0,77.0,46.0
1490.0,195.85,1725.0,78.0,48.0
1490.0,195.9,1713.0,79.0,49.0
1490.0,195.95,1701.0,80.0,51.0
1490.0,196.0,1689.0,80.0,53.0
1490.0,196.05,1701.0,81.0,51.0
1490.0,196.1,1714.0,81.0,49.0
1490.0,196.15,1726.0,81.0,47.0
1490.0,196.2,1739.0,81.0,45.0
1490.0,196.25,1751.0,81.0,44.0
1490.0,196.3,1763.0,81.0,42.0
1490.0,196.35,1776.0,81.0,41.0
1490.0,196.4,1788.0,81.0,39.0
1490.0,196.45,1800.0,81.0,38.0
1490.0,196.5,1813.0,81.0,36.0
1490.0,196.55,1816.0,80.0,36.0
1490.0,196.6,1820.0,80.0,37.0
1490.0,196.65,1824.0,79.0,37.0
1490.0,196.7,1828.0,79.0,37.0
1490.0,196.75,1832.0,79.0,38.0
1490.0,196.8,1835.0,78.0,38.0
1490.0,196.85,1839.0,77.0,38.0
1490.0,196.9,1844.0,76.0,39.0
1490.0,196.95,1848.0,75.0,39.0
1490.0,197.0,1852.0,75.0,40.0
1490.0,197.05,1856.0,75.0,41.0
1490.0,197.1,1860.0,75.0,42.0
1490.0,197.15,1864.0,75.0,43.0
1490.0,197.2,1868.0,76.0,43.0
1490.0,197.25,1872.0,76.0,44.0
1490.0,197.3,1875.0,77.0,44.0
1490.0,197.35,1879.0,77.0,45.0
1490.0,197.4,1883.0,77.0,45.0
1490.0,197.45,1886.0,78.0,45.0
1490.0,197.5,1890.0,78.0,46.0
1490.0,197.55,1892.0,79.0,46.0
1490.0,197.6,1893.0,79.0,46.0
1490.0,197.65,1895.0,79.0,46.0
1490.0,197.7,1897.0,79.0,46.0
1490.0,197.75,1898.0,80.0,46.0
1490.0,197.8,1900.0,80.0,47.0
1490.0,197.85,1901.0,82.0,47.0
1490.0,197.9,1903.0,83.0,47.0
1490.0,197.95,1904.0,85.0,46.0
1490.0,198.0,1905.0,87.0,46.0
1490.0,198.05,1903.0,88.0,46.0
1490.0,198.1,1902.0,90.0,45.0
1490.0,198.15,1900.0,91.0,45.0
1490.0,198.2,1898.0,93.0,44.0
1490.0,198.25,1897.0,95.0,44.0
1490.0,198.3,1896.0,98.0,43.0
1490.0,198.35,1895.0,100.0,43.0
1490.0,198.4,1894.0,102.0,42.0
1490.0,198.45,1894.0,105.0,42.0
1490.0,198.5,1893.0,107.0,42.0
1490.0,198.55,1893.0,107.0,42.0
1490.0,198.6,1893.0,107.0,42.0
1490.0,198.65,1893.0,107.0,42.0
1490.0,198.7,1893.0,107.0,42.0
1490.0,198.75,1893.0,107.0,42.0
1490.0,198.8,1893.0,107.0,42.0
1490.0,198.85,1893.0,107.0,42.0
1490.0,198.9,1893.0,107.0,42.0
1490.0,198.95,1893.0,107.0,42.0
1490.0,199.0,1893.0,107.0,42.0
1490.0,199.05,1893.0,107.0,42.0
1490.0,199.1,1893.0,107.0,42.0
1490.0,199.15,1893.0,107.0,42.0
1490.0,199.2,1893.0,107.0,42.0
1490.0,199.25,1893.0,107.0,42.0
1490.0,199.3,1893.0,107.0,42.0
1490.0,199.35,1893.0,107.0,42.0
1490.0,199.4,1893.0,107.0,42.0
1490.0,199.45,1893.0,107.0,42.0
1490.0,199.5,1893.0,107.0,42.0
1490.0,199.55,1893.0,107.0,42.0
1490.0,199.6,1893.0,107.0,42.0
1490.0,199.65,1893.0,107.0,42.0
1490.0,199.7,1893.0,107.0,42.0
1490.0,199.75,1893.0,107.0,42.0
1490.0,199.8,1893.0,107.0,42.0
1490.0,199.85,1893.0,107.0,42.0
1490.0,199.9,1893.0,107.0,42.0
1490.0,199.95,1893.0,107.0,42.0
1490.0,200.0,1893.0,107.0,42.0
1490.0,200.05,1893.0,107.0,42.0
1490.0,200.1,1893.0,107.0,42.0
1490.0,200.15,1893.0,107.0,42.0
1490.0,200.2,1893.0,107.0,42.0
1490.0,200.25,1893.0,107.0,42.0
1490.0,200.3,1893.0,107.0,42.0
1490.0,200.35,1893.0,107.0,42.0
1490.0,200.4,1893.0,107.0,42.0
1490.0,200.45,1893.0,107.0,42.0
1490.0,200.5,1893.0,107.0,42.0
1500.0,189.5,1858.0,58.0,13.0
1500.0,189.55,1858.0,58.0,13.0
1500.0,189.6,1858.0,58.0,13.0
1500.0,189.65,1858.0,58.0,13.0
1500.0,189.7,1858.0,58.0,13.0
1500.0,189.75,1858.0,58.0,13.0
1500.0,189.8,1858.0,58.0,13.0
1500.0,189.85,1858.0,58.0,13.0
1500.0,189.9,1858.0,58.0,13.0
1500.0,189.95,1858.0,58.0,13.0
1500.0,190.0,1858.0,58.0,13.0
1500.0,190.05,1858.0,58.0,13.0
1500.0,190.1,1858.0,58.0,13.0
1500.0,190.15,1858.0,58.0,13.0
1500.0,190.2,1858.0,58.0,13.0
1500.0,190.25,1858.0,58.0,13.0
1500.0,190.3,1858.0,58.0,13.0
1500.0,190.35,1858.0,58.0,13.0
1500.0,190.4,1858.0,58.0,13.0
1500.0,190.45,1858.0,58.0,13.0
1500.0,190.5,1858.0,58.0,13.0
1500.0,190.55,1858.0,58.0,13.0
1500.0,190.6,1858.0,58.0,13.0
1500.0,190.65,1858.0,58.0,13.0
1500.0,190.7,1858.0,58.0,13.0
1500.0,190.75,1858.0,58.0,13.0
1500.0,190.8,1858.0,58.0,13.0
1500.0,190.85,1858.0,58.0,13.0
1500.0,190.9,1858.0,58.0,13.0
1500.0,190.95,1858.0,58.0,13.0
1500.0,191.0,1858.0,58.0,13.0
1500.0,191.05,1858.0,58.0,13.0
1500.0,191.1,1858.0,58.0,13.0
1500.0,191.15,1858.0,58.0,13.0
1500.0,191.2,1858.0,58.0,13.0
1500.0,191.25,1858.0,58.0,13.0
1500.0,191.3,1858.0,58.0,13.0
1500.0,191.35,1858.0,58.0,13.0
1500.0,191.4,1858.0,58.0,13.0
1500.0,191.45,1858.0,58.0,13.0
1500.0,191.5,1858.0,58.0,13.0
1500.0,191.55,1857.0,57.0,14.0
1500.0,191.6,1856.0,57.0,14.0
1500.0,191.65,1854.0,56.0,15.0
1500.0,191.7,1853.0,56.0,16.0
1500.0,191.75,1852.0,55.0,16.0
1500.0,191.8,1851.0,55.0,17.0
1500.0,191.85,1849.0,54.0,17.0
1500.0,191.9,1848.0,54.0,18.0
1500.0,191.95,1847.0,53.0,19.0
1500.0,192.0,1846.0,53.0,19.0
1500.0,192.05,1845.0,53.0,20.0
1500.0,192.1,1844.0,53.0,21.0
1500.0,192.15,1844.0,53.0,21.0
1500.0,192.2,1844.0,53.0,22.0
1500.0,192.25,1843.0,53.0,23.0
1500.0,192.3,1843.0,53.0,24.0
1500.0,192.35,1842.0,53.0,25.0
1500.0,192.4,1842.0,53.0,27.0
1500.0,192.45,1842.0,53.0,28.0
1500.0,192.5,1842.0,54.0,29.0
1500.0,192.55,1837.0,53.0,29.0
1500.0,192.6,1832.0,53.0,29.0
1500.0,192.65,1827.0,53.0,28.0
1500.0,192.7,1822.0,52.0,28.0
1500.0,192.75,1817.0,52.0,28.0
1500.0,192.8,1813.0,52.0,28.0
1500.0,192.85,1809.0,51.0,28.0
1500.0,192.9,1804.0,51.0,28.0
1500.0,192.95,1800.0,51.0,28.0
1500.0,193.0,1796.0,50.0,28.0
1500.0,193.05,1795.0,52.0,28.0
1500.0,193.1,1794.0,54.0,28.0
1500.0,193.15,1792.0,56.0,28.0
1500.0,193.2,1791.0,58.0,27.0
1500.0,193.25,1790.0,59.0,27.0
1500.0,193.3,1788.0,61.0,27.0
1500.0,193.35,1786.0,63.0,27.0
1500.0,193.4,1784.0,64.0,26.0
1500.0,193.45,1782.0,66.0,26.0
1500.0,193.5,1780.0,68.0,25.0
1500.0,193.55,1782.0,68.0,25.0
1500.0,193.6,1783.0,69.0,26.0
1500.0,193.65,1784.0,70.0,26.0
1500.0,193.7,1786.0,70.0,26.0
1500.0,193.75,1787.0,71.0,26.0
1500.0,193.8,1788.0,71.0,26.0
1500.0,193.85,1789.0,71.0,27.0
1500.0,193.9,1790.0,72.0,27.0
1500.0,193.95,1791.0,72.0,27.0
1500.0,194.0,1792.0,72.0,28.0
1500.0,194.05,1795.0,72.0,28.0
1500.0,194.1,1798.0,71.0,28.0
1500.0,194.15,1801.0,70.0,29.0
1500.0,194.2,1804.0,70.0,29.0
1500.0,194.25,1806.0,69.0,29.0
1500.0,194.3,1810.0,68.0,30.0
1500.0,194.35,1813.0,67.0,30.0
1500.0,194.4,1817.0,67.0,31.0
1500.0,194.45,1820.0,66.0,32.0
1500.0,194.5,1824.0,65.0,32.0
1500.0,194.55,1827.0,65.0,33.0
1500.0,194.6,1831.0,65.0,34.0
1500.0,194.65,1834.0,65.0,35.0
1500.0,194.7,1838.0,65.0,36.0
1500.0,194.75,1842.0,66.0,37.0
1500.0,194.8,1845.0,65.0,37.0
1500.0,194.85,1847.0,65.0,38.0
1500.0,194.9,1851.0,65.0,38.0
1500.0,194.95,1853.0,65.0,39.0
1500.0,195.0,1856.0,65.0,39.0
1500.0,195.05,1855.0,66.0,39.0
1500.0,195.1,1853.0,66.0,39.0
1500.0,195.15,1852.0,67.0,39.0
1500.0,195.2,1850.0,68.0,39.0
1500.0,195.25,1848.0,69.0,38.0
1500.0,195.3,1846.0,69.0,38.0
1500.0,195.35,1844.0,70.0,37.0
1500.0,195.4,1841.0,71.0,37.0
1500.0,195.45,1839.0,72.0,36.0
1500.0,195.5,1836.0,72.0,36.0
1500.0,195.55,1825.0,73.0,38.0
1500.0,195.6,1814.0,74.0,39.0
1500.0,195.65,1803.0,75.0,41.0
1500.0,195.7,1792.0,76.0,43.0
1500.0,195.75,1780.0,77.0,45.0
1500.0,195.8,1768.0,78.0,46.0
1500.0,195.85,1757.0,79.0,48.0
1500.0,195.9,1744.0,80.0,50.0
1500.0,195.95,1733.0,80.0,51.0
1500.0,196.0,1720.0,81.0,53.0
1500.0,196.05,1733.0,81.0,51.0
1500.0,196.1,1745.0,82.0,49.0
1500.0,196.15,1758.0,82.0,48.0
1500.0,196.2,1770.0,82.0,46.0
1500.0,196.25,1783.0,83.0,44.0
1500.0,196.3,1795.0,82.0,42.0
1500.0,196.35,1808.0,82.0,41.0
1500.0,196.4,1820.0,82.0,39.0
1500.0,196.45,1832.0,82.0,38.0
1500.0,196.5,1844.0,82.0,36.0
1500.0,196.55,1848.0,82.0,36.0
1500.0,196.6,1852.0,81.0,37.0
1500.0,196.65,1856.0,81.0,37.0
1500.0,196.7,1860.0,80.0,37.0
1500.0,196.75,1864.0,80.0,38.0
1500.0,196.8,1868.0,79.0,38.0
1500.0,196.85,1872.0,78.0,39.0
1500.0,196.9,1876.0,77.0,39.0
1500.0,196.95,1880.0,76.0,40.0
1500.0,197.0,1884.0,75.0,40.0
1500.0,197.05,1888.0,76.0,41.0
1500.0,197.1,1892.0,76.0,42.0
1500.0,197.15,1896.0,76.0,43.0
1500.0,197.2,1900.0,76.0,44.0
1500.0,197.25,1904.0,77.0,45.0
1500.0,197.3,1908.0,77.0,45.0
1500.0,197.35,1912.0,78.0,45.0
1500.0,197.4,1915.0,78.0,46.0
1500.0,197.45,1919.0,78.0,46.0
1500.0,197.5,1922.0,79.0,47.0
1500.0,197.55,1924.0,79.0,47.0
1500.0,197.6,1926.0,79.0,47.0
1500.0,197.65,1928.0,80.0,47.0
1500.0,197.7,1929.0,80.0,47.0
1500.0,197.75,1931.0,80.0,47.0
1500.0,197.8,1932.0,82.0,47.0
1500.0,197.85,1934.0,84.0,47.0
1500.0,197.9,1935.0,85.0,47.0
1500.0,197.95,1936.0,87.0,47.0
1500.0,198.0,1938.0,89.0,47.0
1500.0,198.05,1936.0,90.0,46.0
1500.0,198.1,1934.0,92.0,46.0
1500.0,198.15,1932.0,94.0,45.0
1500.0,198.2,1930.0,95.0,44.0
1500.0,198.25,1928.0,97.0,44.0
1500.0,198.3,1928.0,99.0,43.0
1500.0,198.35,1927.0,101.0,43.0
1500.0,198.4,1926.0,104.0,43.0
1500.0,198.45,1925.0,106.0,42.0
1500.0,198.5,1924.0,108.0,42.0
1500.0,198.55,1924.0,108.0,42.0
1500.0,198.6,1924.0,108.0,42.0
1500.0,198.65,1924.0,108.0,42.0
1500.0,198.7,1924.0,108.0,42.0
1500.0,198.75,1924.0,108.0,42.0
1500.0,198.8,1924.0,108.0,42.0
1500.0,198.85,1924.0,108.0,42.0
1500.0,198.9,1924.0,108.0,42.0
1500.0,198.95,1924.0,108.0,42.0
1500.0,199.0,1924.0,108.0,42.0
1500.0,199.05,1924.0,108.0,42.0
1500.0,199.1,1924.0,108.0,42.0
1500.0,199.15,1924.0,108.0,42.0
1500.0,199.2,1924.0,108.0,42.0
1500.0,199.25,1924.0,108.0,42.0
1500.0,199.3,1924.0,108.0,42.0
1500.0,199.35,1924.0,108.0,42.0
1500.0,199.4,1924.0,108.0,42.0
1500.0,199.45,1924.0,108.0,42.0
1500.0,199.5,1924.0,108.0,42.0
1500.0,199.55,1924.0,108.0,42.0
1500.0,199.6,1924.0,108.0,42.0
1500.0,199.65,1924.0,108.0,42.0
1500.0,199.7,1924.0,108.0,42.0
1500.0,199.75,1924.0,108.0,42.0
1500.0,199.8,1924.0,108.0,42.0
1500.0,199.85,1924.0,108.0,42.0
1500.0,199.9,1924.0,108.0,42.0
1500.0,199.95,1924.0,108.0,42.0
1500.0,200.0,1924.0,108.0,42.0
1500.0,200.05,1924.0,108.0,42.0
1500.0,200.1,1924.0,108.0,42.0
1500.0,200.15,1924.0,108.0,42.0
1500.0,200.2,1924.0,108.0,42.0
1500.0,200.25,1924.0,108.0,42.0
1500.0,200.3,1924.0,108.0,42.0
1500.0,200.35,1924.0,108.0,42.0
1500.0,200.4,1924.0,108.0,42.0
1500.0,200.45,1924.0,108.0,42.0
1500.0,200.5,1924.0,108.0,42.0
1510.0,189.5,1891.0,59.0,13.0
1510.0,189.55,1891.0,59.0,13.0
1510.0,189.6,1891.0,59.0,13.0
1510.0,189.65,1891.0,59.0,13.0
1510.0,189.7,1891.0,59.0,13.0
1510.0,189.75,1891.0,59.0,13.0
1510.0,189.8,1891.0,59.0,13.0
1510.0,189.85,1891.0,59.0,13.0
1510.0,189.9,1891.0,59.0,13.0
1510.0,189.95,1891.0,59.0,13.0
1510.0,190.0,1891.0,59.0,13.0
1510.0,190.05,1891.0,59.0,13.0
1510.0,190.1,1891.0,59.0,13.0
1510.0,190.15,1891.0,59.0,13.0
1510.0,190.2,1891.0,59.0,13.0
1510.0,190.25,1891.0,59.0,13.0
1510.0,190.3,1891.0,59.0,13.0
1510.0,190.35,1891.0,59.0,13.0
1510.0,190.4,1891.0,59.0,13.0
1510.0,190.45,1891.0,59.0,13.0
1510.0,190.5,1891.0,59.0,13.0
1510.0,190.55,1891.0,59.0,13.0
1510.0,190.6,1891.0,59.0,13.0
1510.0,190.65,1891.0,59.0,13.0
1510.0,190.7,1891.0,59.0,13.0
1510.0,190.75,1891.0,59.0,13.0
1510.0,190.8,1891.0,59.0,13.0
1510.0,190.85,1891.0,59.0,13.0
1510.0,190.9,1891.0,59.0,13.0
1510.0,190.95,1891.0,59.0,13.0
1510.0,191.0,1891.0,59.0,13.0
1510.0,191.05,1891.0,59.0,13.0
1510.0,191.1,1891.0,59.0,13.0
1510.0,191.15,1891.0,59.0,13.0
1510.0,191.2,1891.0,59.0,13.0
1510.0,191.25,1891.0,59.0,13.0
1510.0,191.3,1891.0,59.0,13.0
1510.0,191.35,1891.0,59.0,13.0
1510.0,191.4,1891.0,59.0,13.0
1510.0,191.45,1891.0,59.0,13.0
1510.0,191.5,1891.0,59.0,13.0
1510.0,191.55,1890.0,58.0,14.0
1510.0,191.6,1889.0,57.0,14.0
1510.0,191.65,1887.0,57.0,15.0
1510.0,191.7,1886.0,56.0,16.0
1510.0,191.75,1885.0,56.0,16.0
1510.0,191.8,1884.0,55.0,17.0
1510.0,191.85,1882.0,55.0,18.0
1510.0,191.9,1881.0,55.0,18.0
1510.0,191.95,1880.0,54.0,19.0
1510.0,192.0,1879.0,54.0,19.0
1510.0,192.05,1878.0,54.0,20.0
1510.0,192.1,1878.0,53.0,21.0
1510.0,192.15,1877.0,53.0,21.0
1510.0,192.2,1877.0,53.0,22.0
1510.0,192.25,1876.0,54.0,23.0
1510.0,192.3,1876.0,54.0,25.0
1510.0,192.35,1876.0,54.0,26.0
1510.0,192.4,1875.0,54.0,27.0
1510.0,192.45,1875.0,54.0,28.0
1510.0,192.5,1875.0,54.0,30.0
1510.0,192.55,1870.0,54.0,29.0
1510.0,192.6,1865.0,54.0,29.0
1510.0,192.65,1860.0,54.0,29.0
1510.0,192.7,1855.0,53.0,29.0
1510.0,192.75,1850.0,53.0,29.0
1510.0,192.8,1845.0,53.0,28.0
1510.0,192.85,1841.0,52.0,28.0
1510.0,192.9,1837.0,52.0,28.0
1510.0,192.95,1833.0,52.0,28.0
1510.0,193.0,1829.0,51.0,29.0
1510.0,193.05,1827.0,53.0,28.0
1510.0,193.1,1826.0,55.0,28.0
1510.0,193.15,1825.0,57.0,28.0
1510.0,193.2,1824.0,59.0,28.0
1510.0,193.25,1822.0,60.0,27.0
1510.0,193.3,1820.0,62.0,27.0
1510.0,193.35,1818.0,63.0,27.0
1510.0,193.4,1816.0,65.0,26.0
1510.0,193.45,1814.0,67.0,26.0
1510.0,193.5,1812.0,68.0,26.0
1510.0,193.55,1814.0,69.0,26.0
1510.0,193.6,1815.0,70.0,26.0
1510.0,193.65,1816.0,70.0,26.0
1510.0,193.7,1818.0,71.0,26.0
1510.0,193.75,1819.0,72.0,26.0
1510.0,193.8,1820.0,72.0,26.0
1510.0,193.85,1821.0,72.0,27.0
1510.0,193.9,1822.0,73.0,27.0
1510.0,193.95,1823.0,73.0,27.0
1510.0,194.0,1824.0,73.0,28.0
1510.0,194.05,1827.0,73.0,28.0
1510.0,194.1,1830.0,72.0,28.0
1510.0,194.15,1833.0,72.0,29.0
1510.0,194.2,1836.0,71.0,29.0
1510.0,194.25,1839.0,70.0,30.0
1510.0,194.3,1843.0,69.0,30.0
1510.0,194.35,1846.0,68.0,31.0
1510.0,194.4,1849.0,67.0,31.0
1510.0,194.45,1853.0,66.0,32.0
1510.0,194.5,1856.0,65.0,32.0
1510.0,194.55,1860.0,66.0,33.0
1510.0,194.6,1863.0,66.0,34.0
1510.0,194.65,1867.0,66.0,35.0
1510.0,194.7,1871.0,66.0,36.0
1510.0,194.75,1874.0,66.0,37.0
1510.0,194.8,1878.0,66.0,38.0
1510.0,194.85,1881.0,66.0,39.0
1510.0,194.9,1884.0,66.0,39.0
1510.0,194.95,1887.0,66.0,40.0
1510.0,195.0,1890.0,66.0,40.0
1510.0,195.05,1888.0,67.0,40.0
1510.0,195.1,1887.0,67.0,40.0
1510.0,195.15,1885.0,68.0,39.0
1510.0,195.2,1883.0,69.0,39.0
1510.0,195.25,1881.0,70.0,39.0
1510.0,195.3,1879.0,70.0,38.0
1510.0,195.35,1876.0,71.0,38.0
1510.0,195.4,1874.0,72.0,37.0
1510.0,195.45,1871.0,73.0,37.0
1510.0,195.5,1869.0,74.0,36.0
1510.0,195.55,1858.0,74.0,38.0
1510.0,195.6,1847.0,75.0,40.0
1510.0,195.65,1835.0,76.0,42.0
1510.0,195.7,1824.0,77.0,43.0
1510.0,195.75,1812.0,78.0,45.0
1510.0,195.8,1800.0,79.0,47.0
1510.0,195.85,1788.0,80.0,48.0
1510.0,195.9,1776.0,80.0,50.0
1510.0,195.95,1764.0,81.0,52.0
1510.0,196.0,1752.0,82.0,53.0
1510.0,196.05,1765.0,82.0,52.0
1510.0,196.1,1777.0,83.0,50.0
1510.0,196.15,1790.0,83.0,48.0
1510.0,196.2,1802.0,83.0,46.0
1510.0,196.25,1815.0,83.0,44.0
1510.0,196.3,1827.0,84.0,43.0
1510.0,196.35,1839.0,84.0,41.0
1510.0,196.4,1852.0,83.0,39.0
1510.0,196.45,1864.0,83.0,38.0
1510.0,196.5,1876.0,83.0,36.0
1510.0,196.55,1880.0,83.0,37.0
1510.0,196.6,1884.0,82.0,37.0
1510.0,196.65,1888.0,82.0,37.0
1510.0,196.7,1892.0,81.0,38.0
1510.0,196.75,1896.0,81.0,38.0
1510.0,196.8,1900.0,80.0,39.0
1510.0,196.85,1904.0,79.0,39.0
1510.0,196.9,1908.0,78.0,39.0
1510.0,196.95,1912.0,77.0,40.0
1510.0,197.0,1916.0,76.0,40.0
1510.0,197.05,1920.0,76.0,41.0
1510.0,197.1,1924.0,77.0,42.0
1510.0,197.15,1929.0,77.0,43.0
1510.0,197.2,1933.0,77.0,44.0
1510.0,197.25,1937.0,77.0,45.0
1510.0,197.3,1941.0,78.0,46.0
1510.0,197.35,1944.0,78.0,46.0
1510.0,197.4,1948.0,79.0,47.0
1510.0,197.45,1952.0,79.0,47.0
1510.0,197.5,1955.0,79.0,47.0
1510.0,197.55,1957.0,80.0,47.0
1510.0,197.6,1959.0,80.0,48.0
1510.0,197.65,1960.0,80.0,48.0
1510.0,197.7,1962.0,80.0,48.0
1510.0,197.75,1963.0,82.0,48.0
1510.0,197.8,1965.0,84.0,48.0
1510.0,197.85,1966.0,86.0,48.0
1510.0,197.9,1967.0,87.0,48.0
1510.0,197.95,1968.0,89.0,48.0
1510.0,198.0,1970.0,91.0,48.0
1510.0,198.05,1968.0,93.0,47.0
1510.0,198.1,1966.0,94.0,46.0
1510.0,198.15,1964.0,96.0,46.0
1510.0,198.2,1963.0,97.0,45.0
1510.0,198.25,1961.0,99.0,44.0
1510.0,198.3,1959.0,100.0,44.0
1510.0,198.35,1958.0,103.0,43.0
1510.0,198.4,1957.0,105.0,43.0
1510.0,198.45,1956.0,107.0,43.0
1510.0,198.5,1955.0,110.0,42.0
1510.0,198.55,1955.0,110.0,42.0
1510.0,198.6,1955.0,110.0,42.0
1510.0,198.65,1955.0,110.0,42.0
1510.0,198.7,1955.0,110.0,42.0
1510.0,198.75,1955.0,110.0,42.0
1510.0,198.8,1955.0,110.0,42.0
1510.0,198.85,1955.0,110.0,42.0
1510.0,198.9,1955.0,110.0,42.0
1510.0,198.95,1955.0,110.0,42.0
1510.0,199.0,1955.0,110.0,42.0
1510.0,199.05,1955.0,110.0,42.0
1510.0,199.1,1955.0,110.0,42.0
1510.0,199.15,1955.0,110.0,42.0
1510.0,199.2,1955.0,110.0,42.0
1510.0,199.25,1955.0,110.0,42.0
1510.0,199.3,1955.0,110.0,42.0
1510.0,199.35,1955.0,110.0,42.0
1510.0,199.4,1955.0,110.0,42.0
1510.0,199.45,1955.0,110.0,42.0
1510.0,199.5,1955.0,110.0,42.0
1510.0,199.55,1955.0,110.0,42.0
1510.0,199.6,1955.0,110.0,42.0
1510.0,199.65,1955.0,110.0,42.0
1510.0,199.7,1955.0,110.0,42.0
1510.0,199.75,1955.0,110.0,42.0
1510.0,199.8,1955.0,110.0,42.0
1510.0,199.85,1955.0,110.0,42.0
1510.0,199.9,1955.0,110.0,42.0
1510.0,199.95,1955.0,110.0,42.0
1510.0,200.0,1955.0,110.0,42.0
1510.0,200.05,1955.0,110.0,42.0
1510.0,200.1,1955.0,110.0,42.0
1510.0,200.15,1955.0,110.0,42.0
1510.0,200.2,1955.0,110.0,42.0
1510.0,200.25,1955.0,110.0,42.0
1510.0,200.3,1955.0,110.0,42.0
1510.0,200.35,1955.0,110.0,42.0
1510.0,200.4,1955.0,110.0,42.0
1510.0,200.45,1955.0,110.0,42.0
1510.0,200.5,1955.0,110.0,42.0
1520.0,189.5,1924.0,59.0,13.0
1520.0,189.55,1924.0,59.0,13.0
1520.0,189.6,1924.0,59.0,13.0
1520.0,189.65,1924.0,59.0,13.0
1520.0,189.7,1924.0,59.0,13.0
1520.0,189.75,1924.0,59.0,13.0
1520.0,189.8,1924.0,59.0,13.0
1520.0,189.85,1924.0,59.0,13.0
1520.0,189.9,1924.0,59.0,13.0
1520.0,189.95,1924.0,59.0,13.0
1520.0,190.0,1924.0,59.0,13.0
1520.0,190.05,1924.0,59.0,13.0
1520.0,190.1,1924.0,59.0,13.0
1520.0,190.15,1924.0,59.0,13.0
1520.0,190.2,1924.0,59.0,13.0
1520.0,190.25,1924.0,59.0,13.0
1520.0,190.3,1924.0,59.0,13.0
1520.0,190.35,1924.0,59.0,13.0
1520.0,190.4,1924.0,59.0,13.0
1520.0,190.45,1924.0,59.0,13.0
1520.0,190.5,1924.0,59.0,13.0
1520.0,190.55,1924.0,59.0,13.0
1520.0,190.6,1924.0,59.0,13.0
1520.0,190.65,1924.0,59.0,13.0
1520.0,190.7,1924.0,59.0,13.0
1520.0,190.75,1924.0,59.0,13.0
1520.0,190.8,1924.0,59.0,13.0
1520.0,190.85,1924.0,59.0,13.0
1520.0,190.9,1924.0,59.0,13.0
1520.0,190.95,1924.0,59.0,13.0
1520.0,191.0,1924.0,59.0,13.0
1520.0,191.05,1924.0,59.0,13.0
1520.0,191.1,1924.0,59.0,13.0
1520.0,191.15,1924.0,59.0,13.0
1520.0,191.2,1924.0,59.0,13.0
1520.0,191.25,1924.0,59.0,13.0
1520.0,191.3,1924.0,59.0,13.0
1520.0,191.35,1924.0,59.0,13.0
1520.0,191.4,1924.0,59.0,13.0
1520.0,191.45,1924.0,59.0,13.0
1520.0,191.5,1924.0,59.0,13.0
1520.0,191.55,1923.0,59.0,14.0
1520.0,191.6,1922.0,58.0,15.0
1520.0,191.65,1920.0,58.0,15.0
1520.0,191.7,1919.0,57.0,16.0
1520.0,191.75,1918.0,57.0,16.0
1520.0,191.8,1917.0,56.0,17.0
1520.0,191.85,1916.0,56.0,18.0
1520.0,191.9,1914.0,55.0,18.0
1520.0,191.95,1913.0,55.0,19.0
1520.0,192.0,1912.0,54.0,19.0
1520.0,192.05,1911.0,54.0,20.0
1520.0,192.1,1911.0,54.0,21.0
1520.0,192.15,1910.0,54.0,22.0
1520.0,192.2,1910.0,54.0,23.0
1520.0,192.25,1910.0,54.0,24.0
1520.0,192.3,1909.0,55.0,25.0
1520.0,192.35,1909.0,55.0,27.0
1520.0,192.4,1909.0,55.0,28.0
1520.0,192.45,1908.0,55.0,29.0
1520.0,192.5,1908.0,55.0,30.0
1520.0,192.55,1903.0,55.0,30.0
1520.0,192.6,1898.0,55.0,30.0
1520.0,192.65,1893.0,54.0,30.0
1520.0,192.7,1889.0,54.0,29.0
1520.0,192.75,1884.0,54.0,29.0
1520.0,192.8,1879.0,53.0,29.0
1520.0,192.85,1874.0,53.0,29.0
1520.0,192.9,1870.0,53.0,29.0
1520.0,192.95,1865.0,53.0,29.0
1520.0,193.0,1861.0,52.0,29.0
1520.0,193.05,1860.0,54.0,29.0
1520.0,193.1,1859.0,56.0,29.0
1520.0,193.15,1858.0,58.0,28.0
1520.0,193.2,1856.0,59.0,28.0
1520.0,193.25,1854.0,61.0,28.0
1520.0,193.3,1852.0,63.0,27.0
1520.0,193.35,1850.0,64.0,27.0
1520.0,193.4,1848.0,66.0,26.0
1520.0,193.45,1846.0,67.0,26.0
1520.0,193.5,1844.0,69.0,26.0
1520.0,193.55,1846.0,70.0,26.0
1520.0,193.6,1847.0,70.0,26.0
1520.0,193.65,1848.0,71.0,26.0
1520.0,193.7,1849.0,72.0,26.0
1520.0,193.75,1851.0,72.0,26.0
1520.0,193.8,1852.0,73.0,26.0
1520.0,193.85,1853.0,74.0,27.0
1520.0,193.9,1854.0,74.0,27.0
1520.0,193.95,1855.0,74.0,27.0
1520.0,194.0,1856.0,74.0,27.0
1520.0,194.05,1859.0,74.0,28.0
1520.0,194.1,1862.0,73.0,28.0
1520.0,194.15,1865.0,73.0,29.0
1520.0,194.2,1868.0,72.0,29.0
1520.0,194.25,1872.0,71.0,30.0
1520.0,194.3,1875.0,70.0,30.0
1520.0,194.35,1879.0,69.0,31.0
1520.0,194.4,1882.0,68.0,31.0
1520.0,194.45,1885.0,67.0,32.0
1520.0,194.5,1889.0,66.0,33.0
1520.0,194.55,1893.0,66.0,34.0
1520.0,194.6,1896.0,66.0,35.0
1520.0,194.65,1900.0,67.0,35.0
1520.0,194.7,1903.0,67.0,36.0
1520.0,194.75,1907.0,67.0,37.0
1520.0,194.8,1911.0,67.0,38.0
1520.0,194.85,1914.0,67.0,39.0
1520.0,194.9,1917.0,67.0,40.0
1520.0,194.95,1920.0,67.0,40.0
1520.0,195.0,1923.0,67.0,41.0
1520.0,195.05,1921.0,68.0,41.0
1520.0,195.1,1920.0,68.0,40.0
1520.0,195.15,1918.0,69.0,40.0
1520.0,195.2,1916.0,70.0,40.0
1520.0,195.25,1914.0,71.0,39.0
1520.0,195.3,1911.0,71.0,39.0
1520.0,195.35,1909.0,72.0,38.0
1520.0,195.4,1906.0,73.0,38.0
1520.0,195.45,1904.0,74.0,37.0
1520.0,195.5,1902.0,75.0,37.0
1520.0,195.55,1890.0,76.0,39.0
1520.0,195.6,1879.0,77.0,40.0
1520.0,195.65,1868.0,78.0,42.0
1520.0,195.7,1856.0,78.0,44.0
1520.0,195.75,1844.0,79.0,45.0
1520.0,195.8,1832.0,80.0,47.0
1520.0,195.85,1820.0,81.0,49.0
1520.0,195.9,1808.0,81.0,50.0
1520.0,195.95,1796.0,82.0,52.0
1520.0,196.0,1784.0,83.0,54.0
1520.0,196.05,1796.0,83.0,52.0
1520.0,196.1,1809.0,83.0,50.0
1520.0,196.15,1821.0,84.0,48.0
1520.0,196.2,1834.0,84.0,47.0
1520.0,196.25,1846.0,84.0,45.0
1520.0,196.3,1859.0,84.0,43.0
1520.0,196.35,1871.0,85.0,41.0
1520.0,196.4,1884.0,85.0,40.0
1520.0,196.45,1896.0,85.0,38.0
1520.0,196.5,1908.0,84.0,36.0
1520.0,196.55,1912.0,84.0,37.0
1520.0,196.6,1916.0,84.0,37.0
1520.0,196.65,1920.0,83.0,37.0
1520.0,196.7,1924.0,82.0,38.0
1520.0,196.75,1928.0,81.0,38.0
1520.0,196.8,1932.0,80.0,39.0
1520.0,196.85,1936.0,80.0,39.0
1520.0,196.9,1940.0,79.0,40.0
1520.0,196.95,1944.0,78.0,40.0
1520.0,197.0,1948.0,77.0,41.0
1520.0,197.05,1953.0,77.0,41.0
1520.0,197.1,1957.0,77.0,42.0
1520.0,197.15,1961.0,78.0,43.0
1520.0,197.2,1965.0,78.0,44.0
1520.0,197.25,1969.0,78.0,45.0
1520.0,197.3,1973.0,78.0,46.0
1520.0,197.35,1977.0,79.0,47.0
1520.0,197.4,1981.0,79.0,47.0
1520.0,197.45,1984.0,80.0,48.0
1520.0,197.5,1988.0,80.0,48.0
1520.0,197.55,1990.0,80.0,48.0
1520.0,197.6,1991.0,80.0,48.0
1520.0,197.65,1993.0,81.0,48.0
1520.0,197.7,1994.0,83.0,48.0
1520.0,197.75,1996.0,84.0,48.0
1520.0,197.8,1997.0,86.0,48.0
1520.0,197.85,1998.0,88.0,48.0
1520.0,197.9,2000.0,90.0,48.0
1520.0,197.95,2001.0,91.0,48.0
1520.0,198.0,2002.0,93.0,48.0
1520.0,198.05,2000.0,95.0,48.0
1520.0,198.1,1999.0,96.0,47.0
1520.0,198.15,1997.0,98.0,46.0
1520.0,198.2,1995.0,99.0,46.0
1520.0,198.25,1993.0,101.0,45.0
1520.0,198.3,1991.0,102.0,44.0
1520.0,198.35,1990.0,104.0,44.0
1520.0,198.4,1989.0,106.0,43.0
1520.0,198.45,1988.0,109.0,43.0
1520.0,198.5,1987.0,111.0,43.0
1520.0,198.55,1987.0,111.0,43.0
1520.0,198.6,1987.0,111.0,43.0
1520.0,198.65,1987.0,111.0,43.0
1520.0,198.7,1987.0,111.0,43.0
1520.0,198.75,1987.0,111.0,43.0
1520.0,198.8,1987.0,111.0,43.0
1520.0,198.85,1987.0,111.0,43.0
1520.0,198.9,1987.0,111.0,43.0
1520.0,198.95,1987.0,111.0,43.0
1520.0,199.0,1987.0,111.0,43.0
1520.0,199.05,1987.0,111.0,43.0
1520.0,199.1,1987.0,111.0,43.0
1520.0,199.15,1987.0,111.0,43.0
1520.0,199.2,1987.0,111.0,43.0
1520.0,199.25,1987.0,111.0,43.0
1520.0,199.3,1987.0,111.0,43.0
1520.0,199.35,1987.0,111.0,43.0
1520.0,199.4,1987.0,111.0,43.0
1520.0,199.45,1987.0,111.0,43.0
1520.0,199.5,1987.0,111.0,43.0
1520.0,199.55,1987.0,111.0,43.0
1520.0,199.6,1987.0,111.0,43.0
1520.0,199.65,1987.0,111.0,43.0
1520.0,199.7,1987.0,111.0,43.0
1520.0,199.75,1987.0,111.0,43.0
1520.0,199.8,1987.0,111.0,43.0
1520.0,199.85,1987.0,111.0,43.0
1520.0,199.9,1987.0,111.0,43.0
1520.0,199.95,1987.0,111.0,43.0
1520.0,200.0,1987.0,111.0,43.0
1520.0,200.05,1987.0,111.0,43.0
1520.0,200.1,1987.0,111.0,43.0
1520.0,200.15,1987.0,111.0,43.0
1520.0,200.2,1987.0,111.0,43.0
1520.0,200.25,1987.0,111.0,43.0
1520.0,200.3,1987.0,111.0,43.0
1520.0,200.35,1987.0,111.0,43.0
1520.0,200.4,1987.0,111.0,43.0
1520.0,200.45,1987.0,111.0,43.0
1520.0,200.5,1987.0,111.0,43.0
1530.0,189.5,1957.0,60.0,13.0
1530.0,189.55,1957.0,60.0,13.0
1530.0,189.6,1957.0,60.0,13.0
1530.0,189.65,1957.0,60.0,13.0
1530.0,189.7,1957.0,60.0,13.0
1530.0,189.75,1957.0,60.0,13.0
1530.0,189.8,1957.0,60.0,13.0
1530.0,189.85,1957.0,60.0,13.0
1530.0,189.9,1957.0,60.0,13.0
1530.0,189.95,1957.0,60.0,13.0
1530.0,190.0,1957.0,60.0,13.0
1530.0,190.05,1957.0,60.0,13.0
1530.0,190.1,1957.0,60.0,13.0
1530.0,190.15,1957.0,60.0,13.0
1530.0,190.2,1957.0,60.0,13.0
1530.0,190.25,1957.0,60.0,13.0
1530.0,190.3,1957.0,60.0,13.0
1530.0,190.35,1957.0,60.0,13.0
1530.0,190.4,1957.0,60.0,13.0
1530.0,190.45,1957.0,60.0,13.0
1530.0,190.5,1957.0,60.0,13.0
1530.0,190.55,1957.0,60.0,13.0
1530.0,190.6,1957.0,60.0,13.0
1530.0,190.65,1957.0,60.0,13.0
1530.0,190.7,1957.0,60.0,13.0
1530.0,190.75,1957.0,60.0,13.0
1530.0,190.8,1957.0,60.0,13.0
1530.0,190.85,1957.0,60.0,13.0
1530.0,190.9,1957.0,60.0,13.0
1530.0,190.95,1957.0,60.0,13.0
1530.0,191.0,1957.0,60.0,13.0
1530.0,191.05,1957.0,60.0,13.0
1530.0,191.1,1957.0,60.0,13.0
1530.0,191.15,1957.0,60.0,13.0
1530.0,191.2,1957.0,60.0,13.0
1530.0,191.25,1957.0,60.0,13.0
1530.0,191.3,1957.0,60.0,13.0
1530.0,191.35,1957.0,60.0,13.0
1530.0,191.4,1957.0,60.0,13.0
1530.0,191.45,1957.0,60.0,13.0
1530.0,191.5,1957.0,60.0,13.0
1530.0,191.55,1956.0,59.0,14.0
1530.0,191.6,1955.0,59.0,15.0
1530.0,191.65,1953.0,58.0,15.0
1530.0,191.7,1952.0,58.0,16.0
1530.0,191.75,1951.0,57.0,16.0
1530.0,191.8,1950.0,57.0,17.0
1530.0,191.85,1949.0,56.0,18.0
1530.0,191.9,1947.0,56.0,18.0
1530.0,191.95,1946.0,55.0,19.0
1530.0,192.0,1945.0,55.0,19.0
1530.0,192.05,1944.0,55.0,20.0
1530.0,192.1,1944.0,55.0,21.0
1530.0,192.15,1944.0,55.0,22.0
1530.0,192.2,1943.0,55.0,23.0
1530.0,192.25,1943.0,55.0,25.0
1530.0,192.3,1943.0,55.0,26.0
1530.0,192.35,1942.0,56.0,27.0
1530.0,192.4,1942.0,56.0,28.0
1530.0,192.45,1942.0,56.0,30.0
1530.0,192.5,1941.0,56.0,31.0
1530.0,192.55,1936.0,56.0,31.0
1530.0,192.6,1932.0,56.0,31.0
1530.0,192.65,1927.0,55.0,30.0
1530.0,192.7,1922.0,55.0,30.0
1530.0,192.75,1917.0,55.0,30.0
1530.0,192.8,1912.0,54.0,30.0
1530.0,192.85,1907.0,54.0,29.0
1530.0,192.9,1902.0,54.0,29.0
1530.0,192.95,1898.0,53.0,29.0
1530.0,193.0,1894.0,53.0,29.0
1530.0,193.05,1893.0,55.0,29.0
1530.0,193.1,1891.0,57.0,29.0
1530.0,193.15,1889.0,58.0,29.0
1530.0,193.2,1888.0,60.0,28.0
1530.0,193.25,1886.0,62.0,28.0
1530.0,193.3,1884.0,63.0,27.0
1530.0,193.35,1882.0,65.0,27.0
1530.0,193.4,1880.0,67.0,27.0
1530.0,193.45,1878.0,68.0,26.0
1530.0,193.5,1876.0,70.0,26.0
1530.0,193.55,1878.0,70.0,26.0
1530.0,193.6,1879.0,71.0,26.0
1530.0,193.65,1880.0,72.0,26.0
1530.0,193.7,1881.0,72.0,26.0
1530.0,193.75,1883.0,73.0,26.0
1530.0,193.8,1884.0,74.0,27.0
1530.0,193.85,1885.0,74.0,27.0
1530.0,193.9,1887.0,75.0,27.0
1530.0,193.95,1888.0,75.0,27.0
1530.0,194.0,1889.0,75.0,27.0
1530.0,194.05,1892.0,75.0,28.0
1530.0,194.1,1894.0,74.0,28.0
1530.0,194.15,1898.0,73.0,29.0
1530.0,194.2,1901.0,72.0,29.0
1530.0,194.25,1905.0,71.0,30.0
1530.0,194.3,1908.0,70.0,30.0
1530.0,194.35,1911.0,70.0,31.0
1530.0,194.4,1915.0,69.0,32.0
1530.0,194.45,1918.0,68.0,32.0
1530.0,194.5,1922.0,67.0,33.0
1530.0,194.55,1925.0,67.0,34.0
1530.0,194.6,1929.0,67.0,35.0
1530.0,194.65,1932.0,67.0,36.0
1530.0,194.7,1936.0,67.0,37.0
1530.0,194.75,1940.0,68.0,38.0
1530.0,194.8,1943.0,68.0,39.0
1530.0,194.85,1947.0,68.0,40.0
1530.0,194.9,1950.0,68.0,40.0
1530.0,194.95,1953.0,68.0,41.0
1530.0,195.0,1956.0,68.0,41.0
1530.0,195.05,1955.0,69.0,41.0
1530.0,195.1,1953.0,69.0,41.0
1530.0,195.15,1951.0,70.0,41.0
1530.0,195.2,1948.0,71.0,40.0
1530.0,195.25,1946.0,72.0,40.0
1530.0,195.3,1944.0,73.0,39.0
1530.0,195.35,1941.0,73.0,39.0
1530.0,195.4,1939.0,74.0,38.0
1530.0,195.45,1936.0,75.0,38.0
1530.0,195.5,1934.0,76.0,37.0
1530.0,195.55,1923.0,77.0,39.0
1530.0,195.6,1912.0,78.0,41.0
1530.0,195.65,1900.0,78.0,42.0
1530.0,195.7,1888.0,79.0,44.0
1530.0,195.75,1876.0,80.0,46.0
1530.0,195.8,1864.0,81.0,48.0
1530.0,195.85,1852.0,81.0,49.0
1530.0,195.9,1840.0,82.0,51.0
1530.0,195.95,1828.0,83.0,53.0
1530.0,196.0,1816.0,84.0,54.0
1530.0,196.05,1828.0,84.0,52.0
1530.0,196.1,1841.0,84.0,51.0
1530.0,196.15,1853.0,84.0,49.0
1530.0,196.2,1866.0,85.0,47.0
1530.0,196.25,1878.0,85.0,45.0
1530.0,196.3,1891.0,85.0,43.0
1530.0,196.35,1903.0,86.0,41.0
1530.0,196.4,1916.0,86.0,40.0
1530.0,196.45,1928.0,86.0,38.0
1530.0,196.5,1940.0,86.0,37.0
1530.0,196.55,1944.0,85.0,37.0
1530.0,196.6,1948.0,85.0,37.0
1530.0,196.65,1952.0,84.0,38.0
1530.0,196.7,1956.0,83.0,38.0
1530.0,196.75,1960.0,82.0,39.0
1530.0,196.8,1964.0,81.0,39.0
1530.0,196.85,1968.0,80.0,39.0
1530.0,196.9,1972.0,79.0,40.0
1530.0,196.95,1976.0,78.0,40.0
1530.0,197.0,1981.0,78.0,41.0
1530.0,197.05,1985.0,78.0,42.0
1530.0,197.1,1989.0,78.0,43.0
1530.0,197.15,1993.0,78.0,44.0
1530.0,197.2,1997.0,79.0,44.0
1530.0,197.25,2001.0,79.0,45.0
1530.0,197.3,2005.0,79.0,46.0
1530.0,197.35,2009.0,79.0,47.0
1530.0,197.4,2013.0,80.0,48.0
1530.0,197.45,2017.0,80.0,48.0
1530.0,197.5,2021.0,81.0,49.0
1530.0,197.55,2022.0,81.0,49.0
1530.0,197.6,2024.0,81.0,49.0
1530.0,197.65,2025.0,83.0,49.0
1530.0,197.7,2027.0,85.0,49.0
1530.0,197.75,2028.0,86.0,49.0
1530.0,197.8,2029.0,88.0,49.0
1530.0,197.85,2030.0,90.0,49.0
1530.0,197.9,2032.0,92.0,49.0
1530.0,197.95,2033.0,93.0,49.0
1530.0,198.0,2034.0,95.0,49.0
1530.0,198.05,2033.0,97.0,48.0
1530.0,198.1,2031.0,98.0,48.0
1530.0,198.15,2029.0,100.0,47.0
1530.0,198.2,2027.0,101.0,46.0
1530.0,198.25,2025.0,103.0,46.0
1530.0,198.3,2024.0,104.0,45.0
1530.0,198.35,2022.0,106.0,44.0
1530.0,198.4,2020.0,108.0,44.0
1530.0,198.45,2019.0,110.0,43.0
1530.0,198.5,2018.0,112.0,43.0
1530.0,198.55,2018.0,112.0,43.0
1530.0,198.6,2018.0,112.0,43.0
1530.0,198.65,2018.0,112.0,43.0
1530.0,198.7,2018.0,112.0,43.0
1530.0,198.75,2018.0,112.0,43.0
1530.0,198.8,2018.0,112.0,43.0
1530.0,198.85,2018.0,112.0,43.0
1530.0,198.9,2018.0,112.0,43.0
1530.0,198.95,2018.0,112.0,43.0
1530.0,199.0,2018.0,112.0,43.0
1530.0,199.05,2018.0,112.0,43.0
1530.0,199.1,2018.0,112.0,43.0
1530.0,199.15,2018.0,112.0,43.0
1530.0,199.2,2018.0,112.0,43.0
1530.0,199.25,2018.0,112.0,43.0
1530.0,199.3,2018.0,112.0,43.0
1530.0,199.35,2018.0,112.0,43.0
1530.0,199.4,2018.0,112.0,43.0
1530.0,199.45,2018.0,112.0,43.0
1530.0,199.5,2018.0,112.0,43.0
1530.0,199.55,2018.0,112.0,43.0
1530.0,199.6,2018.0,112.0,43.0
1530.0,199.65,2018.0,112.0,43.0
1530.0,199.7,2018.0,112.0,43.0
1530.0,199.75,2018.0,112.0,43.0
1530.0,199.8,2018.0,112.0,43.0
1530.0,199.85,2018.0,112.0,43.0
1530.0,199.9,2018.0,112.0,43.0
1530.0,199.95,2018.0,112.0,43.0
1530.0,200.0,2018.0,112.0,43.0
1530.0,200.05,2018.0,112.0,43.0
1530.0,200.1,2018.0,112.0,43.0
1530.0,200.15,2018.0,112.0,43.0
1530.0,200.2,2018.0,112.0,43.0
1530.0,200.25,2018.0,112.0,43.0
1530.0,200.3,2018.0,112.0,43.0
1530.0,200.35,2018.0,112.0,43.0
1530.0,200.4,2018.0,112.0,43.0
1530.0,200.45,2018.0,112.0,43.0
1530.0,200.5,2018.0,112.0,43.0
1540.0,189.5,1990.0,61.0,13.0
1540.0,189.55,1990.0,61.0,13.0
1540.0,189.6,1990.0,61.0,13.0
1540.0,189.65,1990.0,61.0,13.0
1540.0,189.7,1990.0,61.0,13.0
1540.0,189.75,1990.0,61.0,13.0
1540.0,189.8,1990.0,61.0,13.0
1540.0,189.85,1990.0,61.0,13.0
1540.0,189.9,1990.0,61.0,13.0
1540.0,189.95,1990.0,61.0,13.0
1540.0,190.0,1990.0,61.0,13.0
1540.0,190.05,1990.0,61.0,13.0
1540.0,190.1,1990.0,61.0,13.0
1540.0,190.15,1990.0,61.0,13.0
1540.0,190.2,1990.0,61.0,13.0
1540.0,190.25,1990.0,61.0,13.0
1540.0,190.3,1990.0,61.0,13.0
1540.0,190.35,1990.0,61.0,13.0
1540.0,190.4,1990.0,61.0,13.0
1540.0,190.45,1990.0,61.0,13.0
1540.0,190.5,1990.0,61.0,13.0
1540.0,190.55,1990.0,61.0,13.0
1540.0,190.6,1990.0,61.0,13.0
1540.0,190.65,1990.0,61.0,13.0
1540.0,190.7,1990.0,61.0,13.0
1540.0,190.75,1990.0,61.0,13.0
1540.0,190.8,1990.0,61.0,13.0
1540.0,190.85,1990.0,61.0,13.0
1540.0,190.9,1990.0,61.0,13.0
1540.0,190.95,1990.0,61.0,13.0
1540.0,191.0,1990.0,61.0,13.0
1540.0,191.05,1990.0,61.0,13.0
1540.0,191.1,1990.0,61.0,13.0
1540.0,191.15,1990.0,61.0,13.0
1540.0,191.2,1990.0,61.0,13.0
1540.0,191.25,1990.0,61.0,13.0
1540.0,191.3,1990.0,61.0,13.0
1540.0,191.35,1990.0,61.0,13.0
1540.0,191.4,1990.0,61.0,13.0
1540.0,191.45,1990.0,61.0,13.0
1540.0,191.5,1990.0,61.0,13.0
1540.0,191.55,1989.0,60.0,14.0
1540.0,191.6,1988.0,60.0,15.0
1540.0,191.65,1986.0,59.0,15.0
1540.0,191.7,1985.0,59.0,16.0
1540.0,191.75,1984.0,58.0,17.0
1540.0,191.8,1983.0,57.0,17.0
1540.0,191.85,1982.0,57.0,18.0
1540.0,191.9,1980.0,56.0,18.0
1540.0,191.95,1979.0,56.0,19.0
1540.0,192.0,1978.0,55.0,20.0
1540.0,192.05,1977.0,55.0,20.0
1540.0,192.1,1977.0,56.0,22.0
1540.0,192.15,1977.0,56.0,23.0
1540.0,192.2,1977.0,56.0,24.0
1540.0,192.25,1976.0,56.0,25.0
1540.0,192.3,1976.0,56.0,27.0
1540.0,192.35,1976.0,57.0,28.0
1540.0,192.4,1975.0,57.0,29.0
1540.0,192.45,1975.0,57.0,30.0
1540.0,192.5,1975.0,57.0,32.0
1540.0,192.55,1970.0,57.0,31.0
1540.0,192.6,1965.0,56.0,31.0
1540.0,192.65,1960.0,56.0,31.0
1540.0,192.7,1955.0,56.0,31.0
1540.0,192.75,1950.0,56.0,31.0
1540.0,192.8,1945.0,55.0,30.0
1540.0,192.85,1940.0,55.0,30.0
1540.0,192.9,1935.0,55.0,30.0
1540.0,192.95,1931.0,54.0,30.0
1540.0,193.0,1926.0,54.0,30.0
1540.0,193.05,1925.0,56.0,30.0
1540.0,193.1,1923.0,57.0,29.0
1540.0,193.15,1921.0,59.0,29.0
1540.0,193.2,1920.0,61.0,28.0
1540.0,193.25,1918.0,62.0,28.0
1540.0,193.3,1916.0,64.0,28.0
1540.0,193.35,1914.0,66.0,27.0
1540.0,193.4,1912.0,67.0,27.0
1540.0,193.45,1910.0,69.0,26.0
1540.0,193.5,1908.0,71.0,26.0
1540.0,193.55,1909.0,71.0,26.0
1540.0,193.6,1911.0,72.0,26.0
1540.0,193.65,1912.0,72.0,26.0
1540.0,193.7,1913.0,73.0,27.0
1540.0,193.75,1915.0,74.0,27.0
1540.0,193.8,1916.0,74.0,27.0
1540.0,193.85,1917.0,75.0,27.0
1540.0,193.9,1918.0,76.0,27.0
1540.0,193.95,1920.0,76.0,27.0
1540.0,194.0,1921.0,76.0,27.0
1540.0,194.05,1924.0,76.0,28.0
1540.0,194.1,1927.0,75.0,28.0
1540.0,194.15,1931.0,74.0,29.0
1540.0,194.2,1934.0,73.0,30.0
1540.0,194.25,1937.0,72.0,30.0
1540.0,194.3,1941.0,71.0,31.0
1540.0,194.35,1944.0,70.0,31.0
1540.0,194.4,1948.0,69.0,32.0
1540.0,194.45,1951.0,68.0,32.0
1540.0,194.5,1954.0,67.0,33.0
1540.0,194.55,1958.0,68.0,34.0
1540.0,194.6,1961.0,68.0,35.0
1540.0,194.65,1965.0,68.0,36.0
1540.0,194.7,1969.0,68.0,37.0
1540.0,194.75,1972.0,68.0,38.0
1540.0,194.8,1976.0,69.0,39.0
1540.0,194.85,1979.0,69.0,40.0
1540.0,194.9,1983.0,69.0,41.0
1540.0,194.95,1987.0,69.0,42.0
1540.0,195.0,1990.0,69.0,42.0
1540.0,195.05,1988.0,70.0,42.0
1540.0,195.1,1986.0,70.0,41.0
1540.0,195.15,1983.0,71.0,41.0
1540.0,195.2,1981.0,72.0,41.0
1540.0,195.25,1978.0,73.0,40.0
1540.0,195.3,1976.0,74.0,40.0
1540.0,195.35,1974.0,74.0,39.0
1540.0,195.4,1971.0,75.0,39.0
1540.0,195.45,1969.0,76.0,38.0
1540.0,195.5,1966.0,77.0,38.0
1540.0,195.55,1955.0,78.0,39.0
1540.0,195.6,1943.0,78.0,41.0
1540.0,195.65,1931.0,79.0,43.0
1540.0,195.7,1919.0,80.0,45.0
1540.0,195.75,1907.0,81.0,46.0
1540.0,195.8,1895.0,81.0,48.0
1540.0,195.85,1883.0,82.0,50.0
1540.0,195.9,1871.0,83.0,51.0
1540.0,195.95,1859.0,84.0,53.0
1540.0,196.0,1847.0,84.0,55.0
1540.0,196.05,1860.0,85.0,53.0
1540.0,196.1,1872.0,85.0,51.0
1540.0,196.15,1885.0,85.0,49.0
1540.0,196.2,1897.0,86.0,47.0
1540.0,196.25,1910.0,86.0,46.0
1540.0,196.3,1922.0,86.0,44.0
1540.0,196.35,1935.0,86.0,42.0
1540.0,196.4,1947.0,87.0,40.0
1540.0,196.45,1960.0,87.0,38.0
1540.0,196.5,1972.0,87.0,37.0
1540.0,196.55,1976.0,86.0,37.0
1540.0,196.6,1980.0,86.0,37.0
1540.0,196.65,1984.0,85.0,38.0
1540.0,196.7,1988.0,84.0,38.0
1540.0,196.75,1992.0,83.0,39.0
1540.0,196.8,1996.0,82.0,39.0
1540.0,196.85,2000.0,81.0,40.0
1540.0,196.9,2005.0,80.0,40.0
1540.0,196.95,2009.0,79.0,41.0
1540.0,197.0,2013.0,78.0,41.0
1540.0,197.05,2017.0,79.0,42.0
1540.0,197.1,2021.0,79.0,43.0
1540.0,197.15,2025.0,79.0,44.0
1540.0,197.2,2029.0,79.0,45.0
1540.0,197.25,2033.0,80.0,46.0
1540.0,197.3,2037.0,80.0,47.0
1540.0,197.35,2041.0,80.0,47.0
1540.0,197.4,2046.0,80.0,48.0
1540.0,197.45,2050.0,81.0,49.0
1540.0,197.5,2053.0,81.0,50.0
1540.0,197.55,2055.0,81.0,50.0
1540.0,197.6,2056.0,83.0,50.0
1540.0,197.65,2058.0,85.0,50.0
1540.0,197.7,2059.0,87.0,50.0
1540.0,197.75,2060.0,88.0,50.0
1540.0,197.8,2062.0,90.0,50.0
1540.0,197.85,2063.0,92.0,50.0
1540.0,197.9,2064.0,94.0,49.0
1540.0,197.95,2065.0,95.0,49.0
1540.0,198.0,2067.0,97.0,49.0
1540.0,198.05,2065.0,99.0,49.0
1540.0,198.1,2063.0,100.0,48.0
1540.0,198.15,2061.0,102.0,47.0
1540.0,198.2,2060.0,103.0,47.0
1540.0,198.25,2058.0,105.0,46.0
1540.0,198.3,2056.0,107.0,46.0
1540.0,198.35,2054.0,108.0,45.0
1540.0,198.4,2052.0,110.0,44.0
1540.0,198.45,2051.0,111.0,44.0
1540.0,198.5,2050.0,113.0,43.0
1540.0,198.55,2050.0,113.0,43.0
1540.0,198.6,2050.0,113.0,43.0
1540.0,198.65,2050.0,113.0,43.0
1540.0,198.7,2050.0,113.0,43.0
1540.0,198.75,2050.0,113.0,43.0
1540.0,198.8,2050.0,113.0,43.0
1540.0,198.85,2050.0,113.0,43.0
1540.0,198.9,2050.0,113.0,43.0
1540.0,198.95,2050.0,113.0,43.0
1540.0,199.0,2050.0,113.0,43.0
1540.0,199.05,2050.0,113.0,43.0
1540.0,199.1,2050.0,113.0,43.0
1540.0,199.15,2050.0,113.0,43.0
1540.0,199.2,2050.0,113.0,43.0
1540.0,199.25,2050.0,113.0,43.0
1540.0,199.3,2050.0,113.0,43.0
1540.0,199.35,2050.0,113.0,43.0
1540.0,199.4,2050.0,113.0,43.0
1540.0,199.45,2050.0,113.0,43.0
1540.0,199.5,2050.0,113.0,43.0
1540.0,199.55,2050.0,113.0,43.0
1540.0,199.6,2050.0,113.0,43.0
1540.0,199.65,2050.0,113.0,43.0
1540.0,199.7,2050.0,113.0,43.0
1540.0,199.75,2050.0,113.0,43.0
1540.0,199.8,2050.0,113.0,43.0
1540.0,199.85,2050.0,113.0,43.0
1540.0,199.9,2050.0,113.0,43.0
1540.0,199.95,2050.0,113.0,43.0
1540.0,200.0,2050.0,113.0,43.0
1540.0,200.05,2050.0,113.0,43.0
1540.0,200.1,2050.0,113.0,43.0
1540.0,200.15,2050.0,113.0,43.0
1540.0,200.2,2050.0,113.0,43.0
1540.0,200.25,2050.0,113.0,43.0
1540.0,200.3,2050.0,113.0,43.0
1540.0,200.35,2050.0,113.0,43.0
1540.0,200.4,2050.0,113.0,43.0
1540.0,200.45,2050.0,113.0,43.0
1540.0,200.5,2050.0,113.0,43.0
1550.0,189.5,2023.0,61.0,13.0
1550.0,189.55,2023.0,61.0,13.0
1550.0,189.6,2023.0,61.0,13.0
1550.0,189.65,2023.0,61.0,13.0
1550.0,189.7,2023.0,61.0,13.0
1550.0,189.75,2023.0,61.0,13.0
1550.0,189.8,2023.0,61.0,13.0
1550.0,189.85,2023.0,61.0,13.0
1550.0,189.9,2023.0,61.0,13.0
1550.0,189.95,2023.0,61.0,13.0
1550.0,190.0,2023.0,61.0,13.0
1550.0,190.05,2023.0,61.0,13.0
1550.0,190.1,2023.0,61.0,13.0
1550.0,190.15,2023.0,61.0,13.0
1550.0,190.2,2023.0,61.0,13.0
1550.0,190.25,2023.0,61.0,13.0
1550.0,190.3,2023.0,61.0,13.0
1550.0,190.35,2023.0,61.0,13.0
1550.0,190.4,2023.0,61.0,13.0
1550.0,190.45,2023.0,61.0,13.0
1550.0,190.5,2023.0,61.0,13.0
1550.0,190.55,2023.0,61.0,13.0
1550.0,190.6,2023.0,61.0,13.0
1550.0,190.65,2023.0,61.0,13.0
1550.0,190.7,2023.0,61.0,13.0
1550.0,190.75,2023.0,61.0,13.0
1550.0,190.8,2023.0,61.0,13.0
1550.0,190.85,2023.0,61.0,13.0
1550.0,190.9,2023.0,61.0,13.0
1550.0,190.95,2023.0,61.0,13.0
1550.0,191.0,2023.0,61.0,13.0
1550.0,191.05,2023.0,61.0,13.0
1550.0,191.1,2023.0,61.0,13.0
1550.0,191.15,2023.0,61.0,13.0
1550.0,191.2,2023.0,61.0,13.0
1550.0,191.25,2023.0,61.0,13.0
1550.0,191.3,2023.0,61.0,13.0
1550.0,191.35,2023.0,61.0,13.0
1550.0,191.4,2023.0,61.0,13.0
1550.0,191.45,2023.0,61.0,13.0
1550.0,191.5,2023.0,61.0,13.0
1550.0,191.55,2022.0,61.0,14.0
1550.0,191.6,2021.0,60.0,15.0
1550.0,191.65,2019.0,60.0,15.0
1550.0,191.7,2018.0,59.0,16.0
1550.0,191.75,2017.0,59.0,17.0
1550.0,191.8,2016.0,58.0,17.0
1550.0,191.85,2015.0,58.0,18.0
1550.0,191.9,2013.0,57.0,18.0
1550.0,191.95,2012.0,57.0,19.0
1550.0,192.0,2011.0,56.0,20.0
1550.0,192.05,2011.0,56.0,21.0
1550.0,192.1,2010.0,56.0,22.0
1550.0,192.15,2010.0,57.0,23.0
1550.0,192.2,2010.0,57.0,25.0
1550.0,192.25,2010.0,57.0,26.0
1550.0,192.3,2009.0,57.0,27.0
1550.0,192.35,2009.0,57.0,28.0
1550.0,192.4,2009.0,58.0,30.0
1550.0,192.45,2008.0,58.0,31.0
1550.0,192.5,2008.0,58.0,32.0
1550.0,192.55,2003.0,58.0,32.0
1550.0,192.6,1998.0,57.0,32.0
1550.0,192.65,1993.0,57.0,32.0
1550.0,192.7,1988.0,57.0,31.0
1550.0,192.75,1984.0,56.0,31.0
1550.0,192.8,1979.0,56.0,31.0
1550.0,192.85,1974.0,56.0,31.0
1550.0,192.9,1969.0,55.0,31.0
1550.0,192.95,1964.0,55.0,30.0
1550.0,193.0,1959.0,55.0,30.0
1550.0,193.05,1957.0,56.0,30.0
1550.0,193.1,1955.0,58.0,29.0
1550.0,193.15,1953.0,60.0,29.0
1550.0,193.2,1951.0,61.0,29.0
1550.0,193.25,1950.0,63.0,28.0
1550.0,193.3,1948.0,65.0,28.0
1550.0,193.35,1946.0,66.0,27.0
1550.0,193.4,1944.0,68.0,27.0
1550.0,193.45,1942.0,70.0,27.0
1550.0,193.5,1940.0,71.0,26.0
1550.0,193.55,1941.0,72.0,26.0
1550.0,193.6,1943.0,73.0,26.0
1550.0,193.65,1944.0,73.0,27.0
1550.0,193.7,1945.0,74.0,27.0
1550.0,193.75,1946.0,74.0,27.0
1550.0,193.8,1948.0,75.0,27.0
1550.0,193.85,1949.0,76.0,27.0
1550.0,193.9,1950.0,76.0,27.0
1550.0,193.95,1952.0,77.0,27.0
1550.0,194.0,1953.0,78.0,27.0
1550.0,194.05,1956.0,77.0,28.0
1550.0,194.1,1960.0,76.0,29.0
1550.0,194.15,1963.0,75.0,29.0
1550.0,194.2,1967.0,74.0,30.0
1550.0,194.25,1970.0,73.0,30.0
1550.0,194.3,1973.0,72.0,31.0
1550.0,194.35,1977.0,71.0,31.0
1550.0,194.4,1980.0,70.0,32.0
1550.0,194.45,1984.0,69.0,33.0
1550.0,194.5,1987.0,68.0,33.0
1550.0,194.55,1991.0,68.0,34.0
1550.0,194.6,1994.0,69.0,35.0
1550.0,194.65,1998.0,69.0,36.0
1550.0,194.7,2001.0,69.0,37.0
1550.0,194.75,2005.0,69.0,38.0
1550.0,194.8,2009.0,69.0,39.0
1550.0,194.85,2012.0,69.0,40.0
1550.0,194.9,2016.0,70.0,41.0
1550.0,194.95,2019.0,70.0,42.0
1550.0,195.0,2023.0,70.0,43.0
1550.0,195.05,2021.0,71.0,42.0
1550.0,195.1,2018.0,72.0,42.0
1550.0,195.15,2016.0,72.0,41.0
1550.0,195.2,2013.0,73.0,41.0
1550.0,195.25,2011.0,74.0,40.0
1550.0,195.3,2009.0,75.0,40.0
1550.0,195.35,2006.0,75.0,40.0
1550.0,195.4,2004.0,76.0,39.0
1550.0,195.45,2001.0,77.0,39.0
1550.0,195.5,1999.0,78.0,38.0
1550.0,195.55,1987.0,79.0,40.0
1550.0,195.6,1975.0,79.0,42.0
1550.0,195.65,1963.0,80.0,43.0
1550.0,195.7,1951.0,81.0,45.0
1550.0,195.75,1939.0,82.0,47.0
1550.0,195.8,1927.0,82.0,48.0
1550.0,195.85,1915.0,83.0,50.0
1550.0,195.9,1903.0,84.0,52.0
1550.0,195.95,1891.0,85.0,53.0
1550.0,196.0,1879.0,85.0,55.0
1550.0,196.05,1892.0,86.0,53.0
1550.0,196.1,1904.0,86.0,51.0
1550.0,196.15,1917.0,86.0,50.0
1550.0,196.2,1929.0,86.0,48.0
1550.0,196.25,1942.0,87.0,46.0
1550.0,196.3,1954.0,87.0,44.0
1550.0,196.35,1966.0,87.0,42.0
1550.0,196.4,1979.0,87.0,40.0
1550.0,196.45,1991.0,88.0,39.0
1550.0,196.5,2004.0,88.0,37.0
1550.0,196.55,2008.0,87.0,37.0
1550.0,196.6,2012.0,86.0,38.0
1550.0,196.65,2016.0,85.0,38.0
1550.0,196.7,2020.0,84.0,39.0
1550.0,196.75,2024.0,84.0,39.0
1550.0,196.8,2029.0,83.0,39.0
1550.0,196.85,2033.0,82.0,40.0
1550.0,196.9,2037.0,81.0,40.0
1550.0,196.95,2041.0,80.0,41.0
1550.0,197.0,2045.0,79.0,41.0
1550.0,197.05,2049.0,79.0,42.0
1550.0,197.1,2053.0,80.0,43.0
1550.0,197.15,2057.0,80.0,44.0
1550.0,197.2,2061.0,80.0,45.0
1550.0,197.25,2066.0,80.0,46.0
1550.0,197.3,2070.0,81.0,47.0
1550.0,197.35,2074.0,81.0,48.0
1550.0,197.4,2078.0,81.0,49.0
1550.0,197.45,2082.0,81.0,49.0
1550.0,197.5,2086.0,82.0,50.0
1550.0,197.55,2087.0,83.0,50.0
1550.0,197.6,2089.0,85.0,50.0
1550.0,197.65,2090.0,87.0,50.0
1550.0,197.7,2091.0,89.0,50.0
1550.0,197.75,2092.0,90.0,50.0
1550.0,197.8,2094.0,92.0,50.0
1550.0,197.85,2095.0,94.0,50.0
1550.0,197.9,2096.0,96.0,50.0
1550.0,197.95,2098.0,98.0,50.0
1550.0,198.0,2099.0,99.0,50.0
1550.0,198.05,2097.0,101.0,49.0
1550.0,198.1,2095.0,102.0,49.0
1550.0,198.15,2094.0,104.0,48.0
1550.0,198.2,2092.0,105.0,47.0
1550.0,198.25,2090.0,107.0,47.0
1550.0,198.3,2088.0,109.0,46.0
1550.0,198.35,2086.0,110.0,46.0
1550.0,198.4,2085.0,112.0,45.0
1550.0,198.45,2083.0,113.0,44.0
1550.0,198.5,2081.0,115.0,44.0
1550.0,198.55,2081.0,115.0,44.0
1550.0,198.6,2081.0,115.0,44.0
1550.0,198.65,2081.0,115.0,44.0
1550.0,198.7,2081.0,115.0,44.0
1550.0,198.75,2081.0,115.0,44.0
1550.0,198.8,2081.0,115.0,44.0
1550.0,198.85,2081.0,115.0,44.0
1550.0,198.9,2081.0,115.0,44.0
1550.0,198.95,2081.0,115.0,44.0
1550.0,199.0,2081.0,115.0,44.0
1550.0,199.05,2081.0,115.0,44.0
1550.0,199.1,2081.0,115.0,44.0
1550.0,199.15,2081.0,115.0,44.0
1550.0,199.2,2081.0,115.0,44.0
1550.0,199.25,2081.0,115.0,44.0
1550.0,199.3,2081.0,115.0,44.0
1550.0,199.35,2081.0,115.0,44.0
1550.0,199.4,2081.0,115.0,44.0
1550.0,199.45,2081.0,115.0,44.0
1550.0,199.5,2081.0,115.0,44.0
1550.0,199.55,2081.0,115.0,44.0
1550.0,199.6,2081.0,115.0,44.0
1550.0,199.65,2081.0,115.0,44.0
1550.0,199.7,2081.0,115.0,44.0
1550.0,199.75,2081.0,115.0,44.0
1550.0,199.8,2081.0,115.0,44.0
1550.0,199.85,2081.0,115.0,44.0
1550.0,199.9,2081.0,115.0,44.0
1550.0,199.95,2081.0,115.0,44.0
1550.0,200.0,2081.0,115.0,44.0
1550.0,200.05,2081.0,115.0,44.0
1550.0,200.1,2081.0,115.0,44.0
1550.0,200.15,2081.0,115.0,44.0
1550.0,200.2,2081.0,115.0,44.0
1550.0,200.25,2081.0,115.0,44.0
1550.0,200.3,2081.0,115.0,44.0
1550.0,200.35,2081.0,115.0,44.0
1550.0,200.4,2081.0,115.0,44.0
1550.0,200.45,2081.0,115.0,44.0
1550.0,200.5,2081.0,115.0,44.0
1560.0,189.5,2062.0,62.0,14.0
1560.0,189.55,2062.0,62.0,14.0
1560.0,189.6,2062.0,62.0,14.0
1560.0,189.65,2062.0,62.0,14.0
1560.0,189.7,2062.0,62.0,14.0
1560.0,189.75,2062.0,62.0,14.0
1560.0,189.8,2062.0,62.0,14.0
1560.0,189.85,2062.0,62.0,14.0
1560.0,189.9,2062.0,62.0,14.0
1560.0,189.95,2062.0,62.0,14.0
1560.0,190.0,2062.0,62.0,14.0
1560.0,190.05,2062.0,62.0,14.0
1560.0,190.1,2062.0,62.0,14.0
1560.0,190.15,2062.0,62.0,14.0
1560.0,190.2,2062.0,62.0,14.0
1560.0,190.25,2062.0,62.0,14.0
1560.0,190.3,2062.0,62.0,14.0
1560.0,190.35,2062.0,62.0,14.0
1560.0,190.4,2062.0,62.0,14.0
1560.0,190.45,2062.0,62.0,14.0
1560.0,190.5,2062.0,62.0,14.0
1560.0,190.55,2062.0,62.0,14.0
1560.0,190.6,2062.0,62.0,14.0
1560.0,190.65,2062.0,62.0,14.0
1560.0,190.7,2062.0,62.0,14.0
1560.0,190.75,2062.0,62.0,14.0
1560.0,190.8,2062.0,62.0,14.0
1560.0,190.85,2062.0,62.0,14.0
1560.0,190.9,2062.0,62.0,14.0
1560.0,190.95,2062.0,62.0,14.0
1560.0,191.0,2062.0,62.0,14.0
1560.0,191.05,2062.0,62.0,14.0
1560.0,191.1,2062.0,62.0,14.0
1560.0,191.15,2062.0,62.0,14.0
1560.0,191.2,2062.0,62.0,14.0
1560.0,191.25,2062.0,62.0,14.0
1560.0,191.3,2062.0,62.0,14.0
1560.0,191.35,2062.0,62.0,14.0
1560.0,191.4,2062.0,62.0,14.0
1560.0,191.45,2062.0,62.0,14.0
1560.0,191.5,2062.0,62.0,14.0
1560.0,191.55,2061.0,62.0,15.0
1560.0,191.6,2060.0,61.0,15.0
1560.0,191.65,2059.0,61.0,16.0
1560.0,191.7,2058.0,60.0,16.0
1560.0,191.75,2056.0,60.0,17.0
1560.0,191.8,2055.0,59.0,18.0
1560.0,191.85,2054.0,58.0,18.0
1560.0,191.9,2053.0,58.0,19.0
1560.0,191.95,2052.0,58.0,20.0
1560.0,192.0,2051.0,57.0,21.0
1560.0,192.05,2051.0,57.0,22.0
1560.0,192.1,2051.0,57.0,23.0
1560.0,192.15,2050.0,57.0,24.0
1560.0,192.2,2050.0,57.0,25.0
1560.0,192.25,2050.0,57.0,26.0
1560.0,192.3,2049.0,58.0,28.0
1560.0,192.35,2049.0,58.0,29.0
1560.0,192.4,2049.0,58.0,30.0
1560.0,192.45,2048.0,58.0,31.0
1560.0,192.5,2048.0,58.0,33.0
1560.0,192.55,2043.0,58.0,32.0
1560.0,192.6,2038.0,58.0,32.0
1560.0,192.65,2033.0,57.0,32.0
1560.0,192.7,2029.0,57.0,32.0
1560.0,192.75,2024.0,57.0,32.0
1560.0,192.8,2019.0,57.0,31.0
1560.0,192.85,2014.0,56.0,31.0
1560.0,192.9,2009.0,56.0,31.0
1560.0,192.95,2004.0,56.0,31.0
1560.0,193.0,1998.0,55.0,31.0
1560.0,193.05,1996.0,57.0,30.0
1560.0,193.1,1994.0,59.0,30.0
1560.0,193.15,1992.0,61.0,29.0
1560.0,193.2,1990.0,62.0,29.0
1560.0,193.25,1988.0,64.0,28.0
1560.0,193.3,1986.0,65.0,28.0
1560.0,193.35,1984.0,67.0,28.0
1560.0,193.4,1982.0,69.0,27.0
1560.0,193.45,1981.0,70.0,27.0
1560.0,193.5,1979.0,72.0,26.0
1560.0,193.55,1980.0,73.0,27.0
1560.0,193.6,1981.0,73.0,27.0
1560.0,193.65,1982.0,74.0,27.0
1560.0,193.7,1984.0,75.0,27.0
1560.0,193.75,1985.0,75.0,27.0
1560.0,193.8,1986.0,76.0,27.0
1560.0,193.85,1988.0,76.0,27.0
1560.0,193.9,1989.0,77.0,27.0
1560.0,193.95,1990.0,78.0,28.0
1560.0,194.0,1992.0,79.0,28.0
1560.0,194.05,1996.0,78.0,29.0
1560.0,194.1,1999.0,77.0,29.0
1560.0,194.15,2003.0,76.0,30.0
1560.0,194.2,2006.0,75.0,31.0
1560.0,194.25,2010.0,74.0,31.0
1560.0,194.3,2013.0,73.0,32.0
1560.0,194.35,2016.0,73.0,32.0
1560.0,194.4,2020.0,72.0,33.0
1560.0,194.45,2023.0,71.0,33.0
1560.0,194.5,2027.0,70.0,34.0
1560.0,194.55,2030.0,70.0,35.0
1560.0,194.6,2034.0,70.0,36.0
1560.0,194.65,2037.0,70.0,37.0
1560.0,194.7,2041.0,70.0,38.0
1560.0,194.75,2045.0,71.0,39.0
1560.0,194.8,2048.0,71.0,40.0
1560.0,194.85,2052.0,71.0,41.0
1560.0,194.9,2055.0,71.0,42.0
1560.0,194.95,2060.0,71.0,42.0
1560.0,195.0,2064.0,70.0,43.0
1560.0,195.05,2061.0,71.0,43.0
1560.0,195.1,2058.0,72.0,42.0
1560.0,195.15,2055.0,73.0,42.0
1560.0,195.2,2053.0,74.0,41.0
1560.0,195.25,2051.0,74.0,41.0
1560.0,195.3,2048.0,75.0,40.0
1560.0,195.35,2046.0,76.0,40.0
1560.0,195.4,2043.0,77.0,39.0
1560.0,195.45,2041.0,78.0,39.0
1560.0,195.5,2039.0,78.0,38.0
1560.0,195.55,2026.0,79.0,40.0
1560.0,195.6,2014.0,80.0,42.0
1560.0,195.65,2002.0,81.0,44.0
1560.0,195.7,1990.0,82.0,45.0
1560.0,195.75,1978.0,83.0,47.0
1560.0,195.8,1966.0,83.0,49.0
1560.0,195.85,1954.0,84.0,50.0
1560.0,195.9,1942.0,85.0,52.0
1560.0,195.95,1930.0,86.0,54.0
1560.0,196.0,1918.0,86.0,55.0
1560.0,196.05,1931.0,87.0,54.0
1560.0,196.1,1943.0,87.0,52.0
1560.0,196.15,1956.0,87.0,50.0
1560.0,196.2,1968.0,87.0,48.0
1560.0,196.25,1981.0,88.0,46.0
1560.0,196.3,1993.0,88.0,44.0
1560.0,196.35,2006.0,88.0,43.0
1560.0,196.4,2018.0,88.0,41.0
1560.0,196.45,2030.0,89.0,39.0
1560.0,196.5,2043.0,89.0,38.0
1560.0,196.55,2047.0,89.0,38.0
1560.0,196.6,2052.0,88.0,39.0
1560.0,196.65,2056.0,88.0,39.0
1560.0,196.7,2060.0,87.0,40.0
1560.0,196.75,2064.0,86.0,40.0
1560.0,196.8,2068.0,85.0,41.0
1560.0,196.85,2072.0,84.0,41.0
1560.0,196.9,2076.0,83.0,41.0
1560.0,196.95,2080.0,82.0,42.0
1560.0,197.0,2084.0,81.0,42.0
1560.0,197.05,2089.0,82.0,43.0
1560.0,197.1,2093.0,82.0,44.0
1560.0,197.15,2097.0,82.0,45.0
1560.0,197.2,2101.0,82.0,45.0
1560.0,197.25,2105.0,83.0,46.0
1560.0,197.3,2109.0,83.0,47.0
1560.0,197.35,2113.0,83.0,48.0
1560.0,197.4,2117.0,83.0,49.0
1560.0,197.45,2121.0,84.0,50.0
1560.0,197.5,2126.0,84.0,51.0
1560.0,197.55,2127.0,86.0,51.0
1560.0,197.6,2128.0,87.0,51.0
1560.0,197.65,2130.0,89.0,51.0
1560.0,197.7,2131.0,91.0,51.0
1560.0,197.75,2132.0,93.0,51.0
1560.0,197.8,2133.0,94.0,51.0
1560.0,197.85,2135.0,96.0,51.0
1560.0,197.9,2136.0,98.0,51.0
1560.0,197.95,2137.0,99.0,51.0
1560.0,198.0,2138.0,100.0,51.0
1560.0,198.05,2136.0,100.0,50.0
1560.0,198.1,2133.0,101.0,49.0
1560.0,198.15,2131.0,102.0,49.0
1560.0,198.2,2130.0,104.0,48.0
1560.0,198.25,2128.0,105.0,47.0
1560.0,198.3,2126.0,107.0,47.0
1560.0,198.35,2124.0,108.0,46.0
1560.0,198.4,2122.0,110.0,46.0
1560.0,198.45,2121.0,112.0,45.0
1560.0,198.5,2119.0,113.0,44.0
1560.0,198.55,2119.0,113.0,44.0
1560.0,198.6,2119.0,113.0,44.0
1560.0,198.65,2119.0,113.0,44.0
1560.0,198.7,2119.0,113.0,44.0
1560.0,198.75,2119.0,113.0,44.0
1560.0,198.8,2119.0,113.0,44.0
1560.0,198.85,2119.0,113.0,44.0
1560.0,198.9,2119.0,113.0,44.0
1560.0,198.95,2119.0,113.0,44.0
1560.0,199.0,2119.0,113.0,44.0
1560.0,199.05,2119.0,113.0,44.0
1560.0,199.1,2119.0,113.0,44.0
1560.0,199.15,2119.0,113.0,44.0
1560.0,199.2,2119.0,113.0,44.0
1560.0,199.25,2119.0,113.0,44.0
1560.0,199.3,2119.0,113.0,44.0
1560.0,199.35,2119.0,113.0,44.0
1560.0,199.4,2119.0,113.0,44.0
1560.0,199.45,2119.0,113.0,44.0
1560.0,199.5,2119.0,113.0,44.0
1560.0,199.55,2119.0,113.0,44.0
1560.0,199.6,2119.0,113.0,44.0
1560.0,199.65,2119.0,113.0,44.0
1560.0,199.7,2119.0,113.0,44.0
1560.0,199.75,2119.0,113.0,44.0
1560.0,199.8,2119.0,113.0,44.0
1560.0,199.85,2119.0,113.0,44.0
1560.0,199.9,2119.0,113.0,44.0
1560.0,199.95,2119.0,113.0,44.0
1560.0,200.0,2119.0,113.0,44.0
1560.0,200.05,2119.0,113.0,44.0
1560.0,200.1,2119.0,113.0,44.0
1560.0,200.15,2119.0,113.0,44.0
1560.0,200.2,2119.0,113.0,44.0
1560.0,200.25,2119.0,113.0,44.0
1560.0,200.3,2119.0,113.0,44.0
1560.0,200.35,2119.0,113.0,44.0
1560.0,200.4,2119.0,113.0,44.0
1560.0,200.45,2119.0,113.0,44.0
1560.0,200.5,2119.0,113.0,44.0
1570.0,189.5,2102.0,63.0,15.0
1570.0,189.55,2102.0,63.0,15.0
1570.0,189.6,2102.0,63.0,15.0
1570.0,189.65,2102.0,63.0,15.0
1570.0,189.7,2102.0,63.0,15.0
1570.0,189.75,2102.0,63.0,15.0
1570.0,189.8,2102.0,63.0,15.0
1570.0,189.85,2102.0,63.0,15.0
1570.0,189.9,2102.0,63.0,15.0
1570.0,189.95,2102.0,63.0,15.0
1570.0,190.0,2102.0,63.0,15.0
1570.0,190.05,2102.0,63.0,15.0
1570.0,190.1,2102.0,63.0,15.0
1570.0,190.15,2102.0,63.0,15.0
1570.0,190.2,2102.0,63.0,15.0
1570.0,190.25,2102.0,63.0,15.0
1570.0,190.3,2102.0,63.0,15.0
1570.0,190.35,2102.0,63.0,15.0
1570.0,190.4,2102.0,63.0,15.0
1570.0,190.45,2102.0,63.0,15.0
1570.0,190.5,2102.0,63.0,15.0
1570.0,190.55,2102.0,63.0,15.0
1570.0,190.6,2102.0,63.0,15.0
1570.0,190.65,2102.0,63.0,15.0
1570.0,190.7,2102.0,63.0,15.0
1570.0,190.75,2102.0,63.0,15.0
1570.0,190.8,2102.0,63.0,15.0
1570.0,190.85,2102.0,63.0,15.0
1570.0,190.9,2102.0,63.0,15.0
1570.0,190.95,2102.0,63.0,15.0
1570.0,191.0,2102.0,63.0,15.0
1570.0,191.05,2102.0,63.0,15.0
1570.0,191.1,2102.0,63.0,15.0
1570.0,191.15,2102.0,63.0,15.0
1570.0,191.2,2102.0,63.0,15.0
1570.0,191.25,2102.0,63.0,15.0
1570.0,191.3,2102.0,63.0,15.0
1570.0,191.35,2102.0,63.0,15.0
1570.0,191.4,2102.0,63.0,15.0
1570.0,191.45,2102.0,63.0,15.0
1570.0,191.5,2102.0,63.0,15.0
1570.0,191.55,2101.0,62.0,15.0
1570.0,191.6,2099.0,62.0,16.0
1570.0,191.65,2098.0,61.0,16.0
1570.0,191.7,2097.0,61.0,17.0
1570.0,191.75,2096.0,60.0,18.0
1570.0,191.8,2095.0,60.0,18.0
1570.0,191.85,2094.0,59.0,19.0
1570.0,191.9,2092.0,59.0,20.0
1570.0,191.95,2091.0,59.0,21.0
1570.0,192.0,2090.0,58.0,22.0
1570.0,192.05,2090.0,58.0,23.0
1570.0,192.1,2090.0,58.0,24.0
1570.0,192.15,2090.0,58.0,25.0
1570.0,192.2,2090.0,58.0,25.0
1570.0,192.25,2090.0,58.0,27.0
1570.0,192.3,2090.0,58.0,28.0
1570.0,192.35,2089.0,58.0,29.0
1570.0,192.4,2089.0,59.0,30.0
1570.0,192.45,2089.0,59.0,32.0
1570.0,192.5,2088.0,59.0,33.0
1570.0,192.55,2083.0,59.0,33.0
1570.0,192.6,2079.0,58.0,33.0
1570.0,192.65,2074.0,58.0,32.0
1570.0,192.7,2069.0,58.0,32.0
1570.0,192.75,2064.0,57.0,32.0
1570.0,192.8,2059.0,57.0,32.0
1570.0,192.85,2054.0,57.0,32.0
1570.0,192.9,2048.0,56.0,31.0
1570.0,192.95,2043.0,56.0,31.0
1570.0,193.0,2038.0,55.0,31.0
1570.0,193.05,2035.0,57.0,31.0
1570.0,193.1,2033.0,59.0,30.0
1570.0,193.15,2031.0,61.0,29.0
1570.0,193.2,2029.0,63.0,29.0
1570.0,193.25,2027.0,65.0,29.0
1570.0,193.3,2025.0,66.0,28.0
1570.0,193.35,2023.0,68.0,28.0
1570.0,193.4,2021.0,70.0,27.0
1570.0,193.45,2019.0,71.0,27.0
1570.0,193.5,2017.0,73.0,27.0
1570.0,193.55,2019.0,73.0,27.0
1570.0,193.6,2020.0,74.0,27.0
1570.0,193.65,2021.0,75.0,27.0
1570.0,193.7,2022.0,75.0,27.0
1570.0,193.75,2024.0,76.0,27.0
1570.0,193.8,2025.0,77.0,27.0
1570.0,193.85,2026.0,77.0,28.0
1570.0,193.9,2028.0,78.0,28.0
1570.0,193.95,2029.0,79.0,28.0
1570.0,194.0,2031.0,80.0,29.0
1570.0,194.05,2034.0,79.0,29.0
1570.0,194.1,2038.0,78.0,30.0
1570.0,194.15,2042.0,78.0,31.0
1570.0,194.2,2046.0,77.0,31.0
1570.0,194.25,2049.0,76.0,32.0
1570.0,194.3,2053.0,75.0,33.0
1570.0,194.35,2056.0,74.0,33.0
1570.0,194.4,2059.0,73.0,34.0
1570.0,194.45,2063.0,72.0,34.0
1570.0,194.5,2066.0,71.0,35.0
1570.0,194.55,2070.0,71.0,36.0
1570.0,194.6,2073.0,72.0,37.0
1570.0,194.65,2077.0,72.0,38.0
1570.0,194.7,2081.0,72.0,39.0
1570.0,194.75,2084.0,72.0,40.0
1570.0,194.8,2088.0,72.0,41.0
1570.0,194.85,2092.0,72.0,41.0
1570.0,194.9,2096.0,72.0,42.0
1570.0,194.95,2100.0,71.0,43.0
1570.0,195.0,2105.0,71.0,44.0
1570.0,195.05,2102.0,72.0,43.0
1570.0,195.1,2099.0,73.0,43.0
1570.0,195.15,2096.0,73.0,42.0
1570.0,195.2,2093.0,74.0,42.0
1570.0,195.25,2090.0,75.0,41.0
1570.0,195.3,2088.0,76.0,41.0
1570.0,195.35,2085.0,77.0,40.0
1570.0,195.4,2083.0,77.0,40.0
1570.0,195.45,2081.0,78.0,39.0
1570.0,195.5,2078.0,79.0,39.0
1570.0,195.55,2066.0,80.0,41.0
1570.0,195.6,2054.0,81.0,42.0
1570.0,195.65,2042.0,82.0,44.0
1570.0,195.7,2029.0,83.0,46.0
1570.0,195.75,2017.0,84.0,47.0
1570.0,195.8,2005.0,84.0,49.0
1570.0,195.85,1993.0,85.0,51.0
1570.0,195.9,1981.0,86.0,52.0
1570.0,195.95,1969.0,87.0,54.0
1570.0,196.0,1957.0,87.0,56.0
1570.0,196.05,1970.0,88.0,54.0
1570.0,196.1,1982.0,88.0,52.0
1570.0,196.15,1995.0,88.0,50.0
1570.0,196.2,2007.0,88.0,48.0
1570.0,196.25,2020.0,89.0,47.0
1570.0,196.3,2032.0,89.0,45.0
1570.0,196.35,2045.0,89.0,43.0
1570.0,196.4,2057.0,90.0,42.0
1570.0,196.45,2069.0,90.0,41.0
1570.0,196.5,2081.0,90.0,39.0
1570.0,196.55,2086.0,90.0,40.0
1570.0,196.6,2090.0,90.0,40.0
1570.0,196.65,2095.0,89.0,40.0
1570.0,196.7,2099.0,89.0,41.0
1570.0,196.75,2103.0,88.0,41.0
1570.0,196.8,2107.0,87.0,42.0
1570.0,196.85,2111.0,86.0,42.0
1570.0,196.9,2116.0,85.0,42.0
1570.0,196.95,2120.0,84.0,43.0
1570.0,197.0,2124.0,83.0,43.0
1570.0,197.05,2128.0,84.0,44.0
1570.0,197.1,2132.0,84.0,45.0
1570.0,197.15,2136.0,84.0,45.0
1570.0,197.2,2141.0,84.0,46.0
1570.0,197.25,2145.0,85.0,47.0
1570.0,197.3,2149.0,85.0,48.0
1570.0,197.35,2153.0,85.0,49.0
1570.0,197.4,2157.0,85.0,50.0
1570.0,197.45,2161.0,86.0,51.0
1570.0,197.5,2165.0,86.0,52.0
1570.0,197.55,2167.0,88.0,51.0
1570.0,197.6,2168.0,89.0,51.0
1570.0,197.65,2169.0,91.0,51.0
1570.0,197.7,2170.0,93.0,51.0
1570.0,197.75,2172.0,95.0,51.0
1570.0,197.8,2173.0,96.0,51.0
1570.0,197.85,2174.0,98.0,51.0
1570.0,197.9,2175.0,99.0,51.0
1570.0,197.95,2176.0,100.0,51.0
1570.0,198.0,2177.0,101.0,51.0
1570.0,198.05,2175.0,101.0,50.0
1570.0,198.1,2172.0,101.0,50.0
1570.0,198.15,2170.0,102.0,49.0
1570.0,198.2,2167.0,102.0,49.0
1570.0,198.25,2166.0,104.0,48.0
1570.0,198.3,2164.0,105.0,47.0
1570.0,198.35,2162.0,107.0,47.0
1570.0,198.4,2160.0,108.0,46.0
1570.0,198.45,2158.0,110.0,46.0
1570.0,198.5,2157.0,112.0,45.0
1570.0,198.55,2157.0,112.0,45.0
1570.0,198.6,2157.0,112.0,45.0
1570.0,198.65,2157.0,112.0,45.0
1570.0,198.7,2157.0,112.0,45.0
1570.0,198.75,2157.0,112.0,45.0
1570.0,198.8,2157.0,112.0,45.0
1570.0,198.85,2157.0,112.0,45.0
1570.0,198.9,2157.0,112.0,45.0
1570.0,198.95,2157.0,112.0,45.0
1570.0,199.0,2157.0,112.0,45.0
1570.0,199.05,2157.0,112.0,45.0
1570.0,199.1,2157.0,112.0,45.0
1570.0,199.15,2157.0,112.0,45.0
1570.0,199.2,2157.0,112.0,45.0
1570.0,199.25,2157.0,112.0,45.0
1570.0,199.3,2157.0,112.0,45.0
1570.0,199.35,2157.0,112.0,45.0
1570.0,199.4,2157.0,112.0,45.0
1570.0,199.45,2157.0,112.0,45.0
1570.0,199.5,2157.0,112.0,45.0
1570.0,199.55,2157.0,112.0,45.0
1570.0,199.6,2157.0,112.0,45.0
1570.0,199.65,2157.0,112.0,45.0
1570.0,199.7,2157.0,112.0,45.0
1570.0,199.75,2157.0,112.0,45.0
1570.0,199.8,2157.0,112.0,45.0
1570.0,199.85,2157.0,112.0,45.0
1570.0,199.9,2157.0,112.0,45.0
1570.0,199.95,2157.0,112.0,45.0
1570.0,200.0,2157.0,112.0,45.0
1570.0,200.05,2157.0,112.0,45.0
1570.0,200.1,2157.0,112.0,45.0
1570.0,200.15,2157.0,112.0,45.0
1570.0,200.2,2157.0,112.0,45.0
1570.0,200.25,2157.0,112.0,45.0
1570.0,200.3,2157.0,112.0,45.0
1570.0,200.35,2157.0,112.0,45.0
1570.0,200.4,2157.0,112.0,45.0
1570.0,200.45,2157.0,112.0,45.0
1570.0,200.5,2157.0,112.0,45.0
1580.0,189.5,2141.0,64.0,15.0
1580.0,189.55,2141.0,64.0,15.0
1580.0,189.6,2141.0,64.0,15.0
1580.0,189.65,2141.0,64.0,15.0
1580.0,189.7,2141.0,64.0,15.0
1580.0,189.75,2141.0,64.0,15.0
1580.0,189.8,2141.0,64.0,15.0
1580.0,189.85,2141.0,64.0,15.0
1580.0,189.9,2141.0,64.0,15.0
1580.0,189.95,2141.0,64.0,15.0
1580.0,190.0,2141.0,64.0,15.0
1580.0,190.05,2141.0,64.0,15.0
1580.0,190.1,2141.0,64.0,15.0
1580.0,190.15,2141.0,64.0,15.0
1580.0,190.2,2141.0,64.0,15.0
1580.0,190.25,2141.0,64.0,15.0
1580.0,190.3,2141.0,64.0,15.0
1580.0,190.35,2141.0,64.0,15.0
1580.0,190.4,2141.0,64.0,15.0
1580.0,190.45,2141.0,64.0,15.0
1580.0,190.5,2141.0,64.0,15.0
1580.0,190.55,2141.0,64.0,15.0
1580.0,190.6,2141.0,64.0,15.0
1580.0,190.65,2141.0,64.0,15.0
1580.0,190.7,2141.0,64.0,15.0
1580.0,190.75,2141.0,64.0,15.0
1580.0,190.8,2141.0,64.0,15.0
1580.0,190.85,2141.0,64.0,15.0
1580.0,190.9,2141.0,64.0,15.0
1580.0,190.95,2141.0,64.0,15.0
1580.0,191.0,2141.0,64.0,15.0
1580.0,191.05,2141.0,64.0,15.0
1580.0,191.1,2141.0,64.0,15.0
1580.0,191.15,2141.0,64.0,15.0
1580.0,191.2,2141.0,64.0,15.0
1580.0,191.25,2141.0,64.0,15.0
1580.0,191.3,2141.0,64.0,15.0
1580.0,191.35,2141.0,64.0,15.0
1580.0,191.4,2141.0,64.0,15.0
1580.0,191.45,2141.0,64.0,15.0
1580.0,191.5,2141.0,64.0,15.0
1580.0,191.55,2140.0,63.0,16.0
1580.0,191.6,2139.0,63.0,16.0
1580.0,191.65,2138.0,62.0,17.0
1580.0,191.7,2136.0,62.0,18.0
1580.0,191.75,2135.0,61.0,18.0
1580.0,191.8,2134.0,61.0,19.0
1580.0,191.85,2133.0,61.0,20.0
1580.0,191.9,2132.0,60.0,21.0
1580.0,191.95,2131.0,60.0,22.0
1580.0,192.0,2130.0,60.0,23.0
1580.0,192.05,2130.0,59.0,24.0
1580.0,192.1,2130.0,59.0,25.0
1580.0,192.15,2130.0,59.0,26.0
1580.0,192.2,2130.0,59.0,27.0
1580.0,192.25,2130.0,59.0,27.0
1580.0,192.3,2130.0,59.0,28.0
1580.0,192.35,2130.0,59.0,30.0
1580.0,192.4,2129.0,59.0,31.0
1580.0,192.45,2129.0,59.0,32.0
1580.0,192.5,2129.0,59.0,33.0
1580.0,192.55,2124.0,59.0,33.0
1580.0,192.6,2119.0,59.0,33.0
1580.0,192.65,2114.0,58.0,33.0
1580.0,192.7,2109.0,58.0,32.0
1580.0,192.75,2104.0,58.0,32.0
1580.0,192.8,2098.0,57.0,32.0
1580.0,192.85,2093.0,57.0,32.0
1580.0,192.9,2088.0,56.0,32.0
1580.0,192.95,2083.0,56.0,32.0
1580.0,193.0,2077.0,56.0,32.0
1580.0,193.05,2075.0,58.0,31.0
1580.0,193.1,2073.0,59.0,30.0
1580.0,193.15,2070.0,61.0,30.0
1580.0,193.2,2068.0,63.0,29.0
1580.0,193.25,2066.0,65.0,29.0
1580.0,193.3,2063.0,67.0,28.0
1580.0,193.35,2062.0,69.0,28.0
1580.0,193.4,2060.0,70.0,28.0
1580.0,193.45,2058.0,72.0,27.0
1580.0,193.5,2056.0,74.0,27.0
1580.0,193.55,2057.0,74.0,27.0
1580.0,193.6,2058.0,75.0,27.0
1580.0,193.65,2060.0,76.0,27.0
1580.0,193.7,2061.0,76.0,27.0
1580.0,193.75,2062.0,77.0,28.0
1580.0,193.8,2064.0,78.0,28.0
1580.0,193.85,2065.0,79.0,28.0
1580.0,193.9,2067.0,80.0,29.0
1580.0,193.95,2068.0,80.0,29.0
1580.0,194.0,2069.0,81.0,29.0
1580.0,194.05,2073.0,80.0,30.0
1580.0,194.1,2077.0,80.0,31.0
1580.0,194.15,2081.0,79.0,31.0
1580.0,194.2,2085.0,78.0,32.0
1580.0,194.25,2088.0,77.0,33.0
1580.0,194.3,2092.0,77.0,33.0
1580.0,194.35,2096.0,76.0,34.0
1580.0,194.4,2099.0,75.0,35.0
1580.0,194.45,2102.0,74.0,35.0
1580.0,194.5,2106.0,73.0,36.0
1580.0,194.55,2109.0,73.0,37.0
1580.0,194.6,2113.0,73.0,38.0
1580.0,194.65,2117.0,73.0,39.0
1580.0,194.7,2120.0,74.0,40.0
1580.0,194.75,2124.0,73.0,40.0
1580.0,194.8,2129.0,73.0,41.0
1580.0,194.85,2133.0,72.0,42.0
1580.0,194.9,2137.0,72.0,43.0
1580.0,194.95,2141.0,72.0,43.0
1580.0,195.0,2145.0,71.0,44.0
1580.0,195.05,2142.0,72.0,44.0
1580.0,195.1,2139.0,73.0,43.0
1580.0,195.15,2136.0,74.0,43.0
1580.0,195.2,2133.0,75.0,42.0
1580.0,195.25,2130.0,75.0,42.0
1580.0,195.3,2127.0,76.0,41.0
1580.0,195.35,2125.0,77.0,41.0
1580.0,195.4,2123.0,78.0,40.0
1580.0,195.45,2120.0,79.0,40.0
1580.0,195.5,2118.0,79.0,39.0
1580.0,195.55,2106.0,80.0,41.0
1580.0,195.6,2093.0,81.0,43.0
1580.0,195.65,2081.0,82.0,44.0
1580.0,195.7,2069.0,83.0,46.0
1580.0,195.75,2057.0,84.0,48.0
1580.0,195.8,2045.0,85.0,49.0
1580.0,195.85,2033.0,86.0,51.0
1580.0,195.9,2021.0,87.0,53.0
1580.0,195.95,2009.0,88.0,54.0
1580.0,196.0,1997.0,88.0,56.0
1580.0,196.05,2009.0,89.0,54.0
1580.0,196.1,2022.0,89.0,52.0
1580.0,196.15,2034.0,89.0,51.0
1580.0,196.2,2047.0,89.0,49.0
1580.0,196.25,2059.0,90.0,47.0
1580.0,196.3,2071.0,90.0,46.0
1580.0,196.35,2083.0,90.0,45.0
1580.0,196.4,2095.0,91.0,43.0
1580.0,196.45,2108.0,91.0,42.0
1580.0,196.5,2120.0,91.0,41.0
1580.0,196.55,2124.0,91.0,41.0
1580.0,196.6,2129.0,91.0,41.0
1580.0,196.65,2133.0,90.0,42.0
1580.0,196.7,2138.0,90.0,42.0
1580.0,196.75,2142.0,90.0,42.0
1580.0,196.8,2147.0,89.0,43.0
1580.0,196.85,2151.0,88.0,43.0
1580.0,196.9,2155.0,87.0,43.0
1580.0,196.95,2159.0,86.0,44.0
1580.0,197.0,2163.0,86.0,44.0
1580.0,197.05,2167.0,86.0,45.0
1580.0,197.1,2172.0,86.0,46.0
1580.0,197.15,2176.0,86.0,46.0
1580.0,197.2,2180.0,87.0,47.0
1580.0,197.25,2184.0,87.0,48.0
1580.0,197.3,2188.0,87.0,48.0
1580.0,197.35,2192.0,87.0,49.0
1580.0,197.4,2197.0,87.0,50.0
1580.0,197.45,2201.0,88.0,51.0
1580.0,197.5,2205.0,88.0,52.0
1580.0,197.55,2206.0,90.0,52.0
1580.0,197.6,2207.0,92.0,52.0
1580.0,197.65,2209.0,93.0,52.0
1580.0,197.7,2210.0,95.0,52.0
1580.0,197.75,2211.0,96.0,52.0
1580.0,197.8,2212.0,97.0,52.0
1580.0,197.85,2213.0,98.0,52.0
1580.0,197.9,2214.0,99.0,52.0
1580.0,197.95,2215.0,100.0,52.0
1580.0,198.0,2217.0,101.0,52.0
1580.0,198.05,2214.0,102.0,51.0
1580.0,198.1,2212.0,102.0,50.0
1580.0,198.15,2209.0,103.0,50.0
1580.0,198.2,2207.0,103.0,49.0
1580.0,198.25,2204.0,103.0,49.0
1580.0,198.3,2202.0,104.0,48.0
1580.0,198.35,2200.0,105.0,48.0
1580.0,198.4,2198.0,107.0,47.0
1580.0,198.45,2196.0,108.0,46.0
1580.0,198.5,2194.0,110.0,46.0
1580.0,198.55,2194.0,110.0,46.0
1580.0,198.6,2194.0,110.0,46.0
1580.0,198.65,2194.0,110.0,46.0
1580.0,198.7,2194.0,110.0,46.0
1580.0,198.75,2194.0,110.0,46.0
1580.0,198.8,2194.0,110.0,46.0
1580.0,198.85,2194.0,110.0,46.0
1580.0,198.9,2194.0,110.0,46.0
1580.0,198.95,2194.0,110.0,46.0
1580.0,199.0,2194.0,110.0,46.0
1580.0,199.05,2194.0,110.0,46.0
1580.0,199.1,2194.0,110.0,46.0
1580.0,199.15,2194.0,110.0,46.0
1580.0,199.2,2194.0,110.0,46.0
1580.0,199.25,2194.0,110.0,46.0
1580.0,199.3,2194.0,110.0,46.0
1580.0,199.35,2194.0,110.0,46.0
1580.0,199.4,2194.0,110.0,46.0
1580.0,199.45,2194.0,110.0,46.0
1580.0,199.5,2194.0,110.0,46.0
1580.0,199.55,2194.0,110.0,46.0
1580.0,199.6,2194.0,110.0,46.0
1580.0,199.65,2194.0,110.0,46.0
1580.0,199.7,2194.0,110.0,46.0
1580.0,199.75,2194.0,110.0,46.0
1580.0,199.8,2194.0,110.0,46.0
1580.0,199.85,2194.0,110.0,46.0
1580.0,199.9,2194.0,110.0,46.0
1580.0,199.95,2194.0,110.0,46.0
1580.0,200.0,2194.0,110.0,46.0
1580.0,200.05,2194.0,110.0,46.0
1580.0,200.1,2194.0,110.0,46.0
1580.0,200.15,2194.0,110.0,46.0
1580.0,200.2,2194.0,110.0,46.0
1580.0,200.25,2194.0,110.0,46.0
1580.0,200.3,2194.0,110.0,46.0
1580.0,200.35,2194.0,110.0,46.0
1580.0,200.4,2194.0,110.0,46.0
1580.0,200.45,2194.0,110.0,46.0
1580.0,200.5,2194.0,110.0,46.0
1590.0,189.5,2181.0,65.0,16.0
1590.0,189.55,2181.0,65.0,16.0
1590.0,189.6,2181.0,65.0,16.0
1590.0,189.65,2181.0,65.0,16.0
1590.0,189.7,2181.0,65.0,16.0
1590.0,189.75,2181.0,65.0,16.0
1590.0,189.8,2181.0,65.0,16.0
1590.0,189.85,2181.0,65.0,16.0
1590.0,189.9,2181.0,65.0,16.0
1590.0,189.95,2181.0,65.0,16.0
1590.0,190.0,2181.0,65.0,16.0
1590.0,190.05,2181.0,65.0,16.0
1590.0,190.1,2181.0,65.0,16.0
1590.0,190.15,2181.0,65.0,16.0
1590.0,190.2,2181.0,65.0,16.0
1590.0,190.25,2181.0,65.0,16.0
1590.0,190.3,2181.0,65.0,16.0
1590.0,190.35,2181.0,65.0,16.0
1590.0,190.4,2181.0,65.0,16.0
1590.0,190.45,2181.0,65.0,16.0
1590.0,190.5,2181.0,65.0,16.0
1590.0,190.55,2181.0,65.0,16.0
1590.0,190.6,2181.0,65.0,16.0
1590.0,190.65,2181.0,65.0,16.0
1590.0,190.7,2181.0,65.0,16.0
1590.0,190.75,2181.0,65.0,16.0
1590.0,190.8,2181.0,65.0,16.0
1590.0,190.85,2181.0,65.0,16.0
1590.0,190.9,2181.0,65.0,16.0
1590.0,190.95,2181.0,65.0,16.0
1590.0,191.0,2181.0,65.0,16.0
1590.0,191.05,2181.0,65.0,16.0
1590.0,191.1,2181.0,65.0,16.0
1590.0,191.15,2181.0,65.0,16.0
1590.0,191.2,2181.0,65.0,16.0
1590.0,191.25,2181.0,65.0,16.0
1590.0,191.3,2181.0,65.0,16.0
1590.0,191.35,2181.0,65.0,16.0
1590.0,191.4,2181.0,65.0,16.0
1590.0,191.45,2181.0,65.0,16.0
1590.0,191.5,2181.0,65.0,16.0
1590.0,191.55,2179.0,64.0,16.0
1590.0,191.6,2178.0,64.0,17.0
1590.0,191.65,2177.0,63.0,18.0
1590.0,191.7,2176.0,63.0,19.0
1590.0,191.75,2175.0,63.0,20.0
1590.0,191.8,2174.0,62.0,21.0
1590.0,191.85,2173.0,62.0,21.0
1590.0,191.9,2172.0,61.0,22.0
1590.0,191.95,2171.0,61.0,23.0
1590.0,192.0,2169.0,61.0,24.0
1590.0,192.05,2169.0,61.0,25.0
1590.0,192.1,2169.0,60.0,26.0
1590.0,192.15,2169.0,60.0,27.0
1590.0,192.2,2169.0,60.0,28.0
1590.0,192.25,2169.0,60.0,29.0
1590.0,192.3,2169.0,60.0,29.0
1590.0,192.35,2169.0,60.0,30.0
1590.0,192.4,2169.0,59.0,31.0
1590.0,192.45,2169.0,60.0,32.0
1590.0,192.5,2169.0,60.0,34.0
1590.0,192.55,2164.0,60.0,34.0
1590.0,192.6,2159.0,59.0,33.0
1590.0,192.65,2154.0,59.0,33.0
1590.0,192.7,2148.0,58.0,33.0
1590.0,192.75,2143.0,58.0,33.0
1590.0,192.8,2138.0,58.0,33.0
1590.0,192.85,2133.0,57.0,32.0
1590.0,192.9,2127.0,57.0,32.0
1590.0,192.95,2122.0,56.0,32.0
1590.0,193.0,2117.0,56.0,32.0
1590.0,193.05,2114.0,58.0,31.0
1590.0,193.1,2112.0,60.0,31.0
1590.0,193.15,2110.0,62.0,30.0
1590.0,193.2,2107.0,64.0,30.0
1590.0,193.25,2105.0,65.0,29.0
1590.0,193.3,2103.0,67.0,29.0
1590.0,193.35,2101.0,69.0,28.0
1590.0,193.4,2098.0,71.0,28.0
1590.0,193.45,2096.0,73.0,27.0
1590.0,193.5,2094.0,74.0,27.0
1590.0,193.55,2096.0,75.0,27.0
1590.0,193.6,2097.0,76.0,27.0
1590.0,193.65,2098.0,77.0,28.0
1590.0,193.7,2100.0,77.0,28.0
1590.0,193.75,2101.0,78.0,28.0
1590.0,193.8,2103.0,79.0,29.0
1590.0,193.85,2104.0,80.0,29.0
1590.0,193.9,2105.0,81.0,29.0
1590.0,193.95,2107.0,82.0,30.0
1590.0,194.0,2108.0,82.0,30.0
1590.0,194.05,2112.0,82.0,31.0
1590.0,194.1,2116.0,81.0,31.0
1590.0,194.15,2120.0,80.0,32.0
1590.0,194.2,2123.0,79.0,33.0
1590.0,194.25,2127.0,79.0,33.0
1590.0,194.3,2131.0,78.0,34.0
1590.0,194.35,2135.0,77.0,35.0
1590.0,194.4,2139.0,76.0,35.0
1590.0,194.45,2142.0,75.0,36.0
1590.0,194.5,2145.0,74.0,37.0
1590.0,194.55,2149.0,75.0,38.0
1590.0,194.6,2153.0,75.0,39.0
1590.0,194.65,2157.0,74.0,39.0
1590.0,194.7,2161.0,74.0,40.0
1590.0,194.75,2165.0,74.0,41.0
1590.0,194.8,2169.0,73.0,42.0
1590.0,194.85,2174.0,73.0,42.0
1590.0,194.9,2178.0,73.0,43.0
1590.0,194.95,2182.0,72.0,44.0
1590.0,195.0,2186.0,72.0,45.0
1590.0,195.05,2183.0,73.0,44.0
1590.0,195.1,2180.0,73.0,44.0
1590.0,195.15,2177.0,74.0,43.0
1590.0,195.2,2174.0,75.0,43.0
1590.0,195.25,2171.0,76.0,42.0
1590.0,195.3,2168.0,77.0,41.0
1590.0,195.35,2165.0,78.0,41.0
1590.0,195.4,2162.0,78.0,40.0
1590.0,195.45,2160.0,79.0,40.0
1590.0,195.5,2157.0,80.0,39.0
1590.0,195.55,2145.0,81.0,41.0
1590.0,195.6,2133.0,82.0,43.0
1590.0,195.65,2121.0,83.0,45.0
1590.0,195.7,2109.0,84.0,46.0
1590.0,195.75,2096.0,85.0,48.0
1590.0,195.8,2084.0,86.0,50.0
1590.0,195.85,2072.0,87.0,51.0
1590.0,195.9,2060.0,88.0,53.0
1590.0,195.95,2048.0,89.0,55.0
1590.0,196.0,2036.0,89.0,57.0
1590.0,196.05,2048.0,90.0,55.0
1590.0,196.1,2061.0,90.0,53.0
1590.0,196.15,2073.0,90.0,52.0
1590.0,196.2,2085.0,91.0,50.0
1590.0,196.25,2097.0,91.0,49.0
1590.0,196.3,2110.0,91.0,47.0
1590.0,196.35,2122.0,92.0,46.0
1590.0,196.4,2134.0,92.0,45.0
1590.0,196.45,2146.0,92.0,43.0
1590.0,196.5,2158.0,93.0,42.0
1590.0,196.55,2163.0,92.0,42.0
1590.0,196.6,2167.0,92.0,43.0
1590.0,196.65,2172.0,91.0,43.0
1590.0,196.7,2176.0,91.0,43.0
1590.0,196.75,2181.0,91.0,44.0
1590.0,196.8,2185.0,90.0,44.0
1590.0,196.85,2190.0,90.0,44.0
1590.0,196.9,2194.0,90.0,45.0
1590.0,196.95,2198.0,89.0,45.0
1590.0,197.0,2203.0,88.0,45.0
1590.0,197.05,2207.0,88.0,46.0
1590.0,197.1,2211.0,88.0,47.0
1590.0,197.15,2215.0,88.0,47.0
1590.0,197.2,2219.0,89.0,48.0
1590.0,197.25,2224.0,89.0,49.0
1590.0,197.3,2228.0,89.0,49.0
1590.0,197.35,2232.0,89.0,50.0
1590.0,197.4,2236.0,90.0,51.0
1590.0,197.45,2240.0,90.0,52.0
1590.0,197.5,2244.0,90.0,53.0
1590.0,197.55,2246.0,92.0,53.0
1590.0,197.6,2247.0,94.0,53.0
1590.0,197.65,2248.0,95.0,53.0
1590.0,197.7,2249.0,96.0,52.0
1590.0,197.75,2250.0,97.0,52.0
1590.0,197.8,2251.0,98.0,52.0
1590.0,197.85,2252.0,99.0,52.0
1590.0,197.9,2254.0,100.0,52.0
1590.0,197.95,2255.0,101.0,52.0
1590.0,198.0,2256.0,102.0,52.0
1590.0,198.05,2253.0,103.0,52.0
1590.0,198.1,2251.0,103.0,51.0
1590.0,198.15,2248.0,103.0,50.0
1590.0,198.2,2246.0,104.0,50.0
1590.0,198.25,2243.0,104.0,49.0
1590.0,198.3,2241.0,104.0,49.0
1590.0,198.35,2238.0,105.0,48.0
1590.0,198.4,2236.0,105.0,48.0
1590.0,198.45,2234.0,107.0,47.0
1590.0,198.5,2232.0,108.0,46.0
1590.0,198.55,2232.0,108.0,46.0
1590.0,198.6,2232.0,108.0,46.0
1590.0,198.65,2232.0,108.0,46.0
1590.0,198.7,2232.0,108.0,46.0
1590.0,198.75,2232.0,108.0,46.0
1590.0,198.8,2232.0,108.0,46.0
1590.0,198.85,2232.0,108.0,46.0
1590.0,198.9,2232.0,108.0,46.0
1590.0,198.95,2232.0,108.0,46.0
1590.0,199.0,2232.0,108.0,46.0
1590.0,199.05,2232.0,108.0,46.0
1590.0,199.1,2232.0,108.0,46.0
1590.0,199.15,2232.0,108.0,46.0
1590.0,199.2,2232.0,108.0,46.0
1590.0,199.25,2232.0,108.0,46.0
1590.0,199.3,2232.0,108.0,46.0
1590.0,199.35,2232.0,108.0,46.0
1590.0,199.4,2232.0,108.0,46.0
1590.0,199.45,2232.0,108.0,46.0
1590.0,199.5,2232.0,108.0,46.0
1590.0,199.55,2232.0,108.0,46.0
1590.0,199.6,2232.0,108.0,46.0
1590.0,199.65,2232.0,108.0,46.0
1590.0,199.7,2232.0,108.0,46.0
1590.0,199.75,2232.0,108.0,46.0
1590.0,199.8,2232.0,108.0,46.0
1590.0,199.85,2232.0,108.0,46.0
1590.0,199.9,2232.0,108.0,46.0
1590.0,199.95,2232.0,108.0,46.0
1590.0,200.0,2232.0,108.0,46.0
1590.0,200.05,2232.0,108.0,46.0
1590.0,200.1,2232.0,108.0,46.0
1590.0,200.15,2232.0,108.0,46.0
1590.0,200.2,2232.0,108.0,46.0
1590.0,200.25,2232.0,108.0,46.0
1590.0,200.3,2232.0,108.0,46.0
1590.0,200.35,2232.0,108.0,46.0
1590.0,200.4,2232.0,108.0,46.0
1590.0,200.45,2232.0,108.0,46.0
1590.0,200.5,2232.0,108.0,46.0
1600.0,189.5,2220.0,65.0,16.0
1600.0,189.55,2220.0,65.0,16.0
1600.0,189.6,2220.0,65.0,16.0
1600.0,189.65,2220.0,65.0,16.0
1600.0,189.7,2220.0,65.0,16.0
1600.0,189.75,2220.0,65.0,16.0
1600.0,189.8,2220.0,65.0,16.0
1600.0,189.85,2220.0,65.0,16.0
1600.0,189.9,2220.0,65.0,16.0
1600.0,189.95,2220.0,65.0,16.0
1600.0,190.0,2220.0,65.0,16.0
1600.0,190.05,2220.0,65.0,16.0
1600.0,190.1,2220.0,65.0,16.0
1600.0,190.15,2220.0,65.0,16.0
1600.0,190.2,2220.0,65.0,16.0
1600.0,190.25,2220.0,65.0,16.0
1600.0,190.3,2220.0,65.0,16.0
1600.0,190.35,2220.0,65.0,16.0
1600.0,190.4,2220.0,65.0,16.0
1600.0,190.45,2220.0,65.0,16.0
1600.0,190.5,2220.0,65.0,16.0
1600.0,190.55,2220.0,65.0,16.0
1600.0,190.6,2220.0,65.0,16.0
1600.0,190.65,2220.0,65.0,16.0
1600.0,190.7,2220.0,65.0,16.0
1600.0,190.75,2220.0,65.0,16.0
1600.0,190.8,2220.0,65.0,16.0
1600.0,190.85,2220.0,65.0,16.0
1600.0,190.9,2220.0,65.0,16.0
1600.0,190.95,2220.0,65.0,16.0
1600.0,191.0,2220.0,65.0,16.0
1600.0,191.05,2220.0,65.0,16.0
1600.0,191.1,2220.0,65.0,16.0
1600.0,191.15,2220.0,65.0,16.0
1600.0,191.2,2220.0,65.0,16.0
1600.0,191.25,2220.0,65.0,16.0
1600.0,191.3,2220.0,65.0,16.0
1600.0,191.35,2220.0,65.0,16.0
1600.0,191.4,2220.0,65.0,16.0
1600.0,191.45,2220.0,65.0,16.0
1600.0,191.5,2220.0,65.0,16.0
1600.0,191.55,2219.0,65.0,17.0
1600.0,191.6,2218.0,65.0,18.0
1600.0,191.65,2217.0,64.0,19.0
1600.0,191.7,2216.0,64.0,20.0
1600.0,191.75,2214.0,64.0,21.0
1600.0,191.8,2213.0,63.0,22.0
1600.0,191.85,2212.0,63.0,23.0
1600.0,191.9,2211.0,63.0,24.0
1600.0,191.95,2210.0,62.0,25.0
1600.0,192.0,2209.0,62.0,25.0
1600.0,192.05,2209.0,62.0,26.0
1600.0,192.1,2209.0,62.0,27.0
1600.0,192.15,2209.0,61.0,28.0
1600.0,192.2,2209.0,61.0,29.0
1600.0,192.25,2209.0,61.0,30.0
1600.0,192.3,2209.0,61.0,31.0
1600.0,192.35,2209.0,61.0,31.0
1600.0,192.4,2209.0,61.0,32.0
1600.0,192.45,2209.0,60.0,33.0
1600.0,192.5,2209.0,60.0,34.0
1600.0,192.55,2204.0,60.0,34.0
1600.0,192.6,2198.0,59.0,34.0
1600.0,192.65,2193.0,59.0,34.0
1600.0,192.7,2188.0,59.0,33.0
1600.0,192.75,2182.0,58.0,33.0
1600.0,192.8,2177.0,58.0,33.0
1600.0,192.85,2172.0,57.0,33.0
1600.0,192.9,2167.0,57.0,33.0
1600.0,192.95,2161.0,57.0,33.0
1600.0,193.0,2156.0,56.0,32.0
1600.0,193.05,2154.0,58.0,32.0
1600.0,193.1,2151.0,60.0,31.0
1600.0,193.15,2149.0,62.0,31.0
1600.0,193.2,2147.0,64.0,30.0
1600.0,193.25,2144.0,66.0,30.0
1600.0,193.3,2142.0,68.0,29.0
1600.0,193.35,2140.0,70.0,29.0
1600.0,193.4,2138.0,71.0,28.0
1600.0,193.45,2135.0,73.0,28.0
1600.0,193.5,2133.0,75.0,27.0
1600.0,193.55,2134.0,76.0,27.0
1600.0,193.6,2136.0,77.0,28.0
1600.0,193.65,2137.0,78.0,28.0
1600.0,193.7,2139.0,79.0,28.0
1600.0,193.75,2140.0,79.0,29.0
1600.0,193.8,2141.0,80.0,29.0
1600.0,193.85,2143.0,81.0,30.0
1600.0,193.9,2144.0,82.0,30.0
1600.0,193.95,2146.0,83.0,30.0
1600.0,194.0,2147.0,84.0,31.0
1600.0,194.05,2151.0,83.0,31.0
1600.0,194.1,2155.0,82.0,32.0
1600.0,194.15,2158.0,81.0,33.0
1600.0,194.2,2162.0,81.0,33.0
1600.0,194.25,2166.0,80.0,34.0
1600.0,194.3,2170.0,79.0,35.0
1600.0,194.35,2174.0,78.0,35.0
1600.0,194.4,2177.0,78.0,36.0
1600.0,194.45,2181.0,77.0,37.0
1600.0,194.5,2185.0,76.0,37.0
1600.0,194.55,2189.0,76.0,38.0
1600.0,194.6,2193.0,75.0,39.0
1600.0,194.65,2198.0,75.0,40.0
1600.0,194.7,2202.0,75.0,41.0
1600.0,194.75,2206.0,74.0,41.0
1600.0,194.8,2210.0,74.0,42.0
1600.0,194.85,2214.0,73.0,43.0
1600.0,194.9,2219.0,73.0,44.0
1600.0,194.95,2223.0,73.0,44.0
1600.0,195.0,2227.0,72.0,45.0
1600.0,195.05,2224.0,73.0,45.0
1600.0,195.1,2221.0,74.0,44.0
1600.0,195.15,2218.0,75.0,44.0
1600.0,195.2,2215.0,76.0,43.0
1600.0,195.25,2212.0,76.0,42.0
1600.0,195.3,2209.0,77.0,42.0
1600.0,195.35,2206.0,78.0,41.0
1600.0,195.4,2203.0,79.0,41.0
1600.0,195.45,2200.0,80.0,40.0
1600.0,195.5,2197.0,81.0,40.0
1600.0,195.55,2185.0,81.0,42.0
1600.0,195.6,2173.0,82.0,43.0
1600.0,195.65,2160.0,83.0,45.0
1600.0,195.7,2148.0,84.0,47.0
1600.0,195.75,2136.0,85.0,48.0
1600.0,195.8,2124.0,86.0,50.0
1600.0,195.85,2112.0,87.0,52.0
1600.0,195.9,2099.0,88.0,53.0
1600.0,195.95,2087.0,89.0,55.0
1600.0,196.0,2075.0,90.0,57.0
1600.0,196.05,2087.0,91.0,56.0
1600.0,196.1,2099.0,91.0,54.0
1600.0,196.15,2112.0,91.0,53.0
1600.0,196.2,2124.0,92.0,51.0
1600.0,196.25,2136.0,92.0,50.0
1600.0,196.3,2148.0,92.0,49.0
1600.0,196.35,2160.0,93.0,47.0
1600.0,196.4,2173.0,93.0,46.0
1600.0,196.45,2185.0,93.0,45.0
1600.0,196.5,2197.0,94.0,43.0
1600.0,196.55,2202.0,93.0,44.0
1600.0,196.6,2206.0,93.0,44.0
1600.0,196.65,2211.0,93.0,44.0
1600.0,196.7,2215.0,92.0,45.0
1600.0,196.75,2220.0,92.0,45.0
1600.0,196.8,2224.0,91.0,45.0
1600.0,196.85,2228.0,91.0,45.0
1600.0,196.9,2233.0,91.0,46.0
1600.0,196.95,2237.0,90.0,46.0
1600.0,197.0,2242.0,90.0,46.0
1600.0,197.05,2246.0,90.0,47.0
1600.0,197.1,2250.0,90.0,48.0
1600.0,197.15,2255.0,91.0,48.0
1600.0,197.2,2259.0,91.0,49.0
1600.0,197.25,2263.0,91.0,50.0
1600.0,197.3,2267.0,91.0,51.0
1600.0,197.35,2271.0,92.0,51.0
1600.0,197.4,2276.0,92.0,52.0
1600.0,197.45,2280.0,92.0,53.0
1600.0,197.5,2284.0,92.0,53.0
1600.0,197.55,2285.0,93.0,53.0
1600.0,197.6,2286.0,94.0,53.0
1600.0,197.65,2287.0,95.0,53.0
1600.0,197.7,2288.0,97.0,53.0
1600.0,197.75,2290.0,98.0,53.0
1600.0,197.8,2291.0,99.0,53.0
1600.0,197.85,2292.0,100.0,53.0
1600.0,197.9,2293.0,101.0,53.0
1600.0,197.95,2294.0,102.0,53.0
1600.0,198.0,2295.0,103.0,53.0
1600.0,198.05,2292.0,103.0,52.0
1600.0,198.1,2290.0,104.0,52.0
1600.0,198.15,2287.0,104.0,51.0
1600.0,198.2,2285.0,104.0,50.0
1600.0,198.25,2282.0,105.0,50.0
1600.0,198.3,2280.0,105.0,49.0
1600.0,198.35,2278.0,106.0,49.0
1600.0,198.4,2275.0,106.0,48.0
1600.0,198.45,2273.0,106.0,48.0
1600.0,198.5,2270.0,107.0,47.0
1600.0,198.55,2270.0,107.0,47.0
1600.0,198.6,2270.0,107.0,47.0
1600.0,198.65,2270.0,107.0,47.0
1600.0,198.7,2270.0,107.0,47.0
1600.0,198.75,2270.0,107.0,47.0
1600.0,198.8,2270.0,107.0,47.0
1600.0,198.85,2270.0,107.0,47.0
1600.0,198.9,2270.0,107.0,47.0
1600.0,198.95,2270.0,107.0,47.0
1600.0,199.0,2270.0,107.0,47.0
1600.0,199.05,2270.0,107.0,47.0
1600.0,199.1,2270.0,107.0,47.0
1600.0,199.15,2270.0,107.0,47.0
1600.0,199.2,2270.0,107.0,47.0
1600.0,199.25,2270.0,107.0,47.0
1600.0,199.3,2270.0,107.0,47.0
1600.0,199.35,2270.0,107.0,47.0
1600.0,199.4,2270.0,107.0,47.0
1600.0,199.45,2270.0,107.0,47.0
1600.0,199.5,2270.0,107.0,47.0
1600.0,199.55,2270.0,107.0,47.0
1600.0,199.6,2270.0,107.0,47.0
1600.0,199.65,2270.0,107.0,47.0
1600.0,199.7,2270.0,107.0,47.0
1600.0,199.75,2270.0,107.0,47.0
1600.0,199.8,2270.0,107.0,47.0
1600.0,199.85,2270.0,107.0,47.0
1600.0,199.9,2270.0,107.0,47.0
1600.0,199.95,2270.0,107.0,47.0
1600.0,200.0,2270.0,107.0,47.0
1600.0,200.05,2270.0,107.0,47.0
1600.0,200.1,2270.0,107.0,47.0
1600.0,200.15,2270.0,107.0,47.0
1600.0,200.2,2270.0,107.0,47.0
1600.0,200.25,2270.0,107.0,47.0
1600.0,200.3,2270.0,107.0,47.0
1600.0,200.35,2270.0,107.0,47.0
1600.0,200.4,2270.0,107.0,47.0
1600.0,200.45,2270.0,107.0,47.0
1600.0,200.5,2270.0,107.0,47.0
1610.0,189.5,2268.0,67.0,17.0
1610.0,189.55,2268.0,67.0,17.0
1610.0,189.6,2268.0,67.0,17.0
1610.0,189.65,2268.0,67.0,17.0
1610.0,189.7,2268.0,67.0,17.0
1610.0,189.75,2268.0,67.0,17.0
1610.0,189.8,2268.0,67.0,17.0
1610.0,189.85,2268.0,67.0,17.0
1610.0,189.9,2268.0,67.0,17.0
1610.0,189.95,2268.0,67.0,17.0
1610.0,190.0,2268.0,67.0,17.0
1610.0,190.05,2268.0,67.0,17.0
1610.0,190.1,2268.0,67.0,17.0
1610.0,190.15,2268.0,67.0,17.0
1610.0,190.2,2268.0,67.0,17.0
1610.0,190.25,2268.0,67.0,17.0
1610.0,190.3,2268.0,67.0,17.0
1610.0,190.35,2268.0,67.0,17.0
1610.0,190.4,2268.0,67.0,17.0
1610.0,190.45,2268.0,67.0,17.0
1610.0,190.5,2268.0,67.0,17.0
1610.0,190.55,2268.0,67.0,17.0
1610.0,190.6,2268.0,67.0,17.0
1610.0,190.65,2268.0,67.0,17.0
1610.0,190.7,2268.0,67.0,17.0
1610.0,190.75,2268.0,67.0,17.0
1610.0,190.8,2268.0,67.0,17.0
1610.0,190.85,2268.0,67.0,17.0
1610.0,190.9,2268.0,67.0,17.0
1610.0,190.95,2268.0,67.0,17.0
1610.0,191.0,2268.0,67.0,17.0
1610.0,191.05,2268.0,67.0,17.0
1610.0,191.1,2268.0,67.0,17.0
1610.0,191.15,2268.0,67.0,17.0
1610.0,191.2,2268.0,67.0,17.0
1610.0,191.25,2268.0,67.0,17.0
1610.0,191.3,2268.0,67.0,17.0
1610.0,191.35,2268.0,67.0,17.0
1610.0,191.4,2268.0,67.0,17.0
1610.0,191.45,2268.0,67.0,17.0
1610.0,191.5,2268.0,67.0,17.0
1610.0,191.55,2267.0,66.0,18.0
1610.0,191.6,2266.0,66.0,19.0
1610.0,191.65,2265.0,66.0,19.0
1610.0,191.7,2264.0,65.0,20.0
1610.0,191.75,2263.0,65.0,21.0
1610.0,191.8,2262.0,65.0,22.0
1610.0,191.85,2260.0,64.0,23.0
1610.0,191.9,2259.0,64.0,24.0
1610.0,191.95,2258.0,64.0,25.0
1610.0,192.0,2257.0,63.0,26.0
1610.0,192.05,2257.0,63.0,27.0
1610.0,192.1,2257.0,63.0,28.0
1610.0,192.15,2257.0,63.0,29.0
1610.0,192.2,2257.0,63.0,30.0
1610.0,192.25,2257.0,62.0,30.0
1610.0,192.3,2257.0,62.0,31.0
1610.0,192.35,2257.0,62.0,32.0
1610.0,192.4,2257.0,62.0,33.0
1610.0,192.45,2257.0,62.0,34.0
1610.0,192.5,2258.0,61.0,35.0
1610.0,192.55,2251.0,60.0,35.0
1610.0,192.6,2246.0,60.0,34.0
1610.0,192.65,2241.0,59.0,34.0
1610.0,192.7,2236.0,59.0,34.0
1610.0,192.75,2230.0,58.0,34.0
1610.0,192.8,2225.0,58.0,34.0
1610.0,192.85,2220.0,58.0,34.0
1610.0,192.9,2214.0,57.0,33.0
1610.0,192.95,2209.0,57.0,33.0
1610.0,193.0,2204.0,56.0,33.0
1610.0,193.05,2201.0,58.0,33.0
1610.0,193.1,2199.0,60.0,32.0
1610.0,193.15,2197.0,62.0,32.0
1610.0,193.2,2195.0,64.0,31.0
1610.0,193.25,2192.0,66.0,30.0
1610.0,193.3,2190.0,68.0,30.0
1610.0,193.35,2188.0,70.0,29.0
1610.0,193.4,2185.0,72.0,29.0
1610.0,193.45,2183.0,74.0,28.0
1610.0,193.5,2180.0,77.0,28.0
1610.0,193.55,2181.0,78.0,27.0
1610.0,193.6,2182.0,79.0,28.0
1610.0,193.65,2184.0,80.0,28.0
1610.0,193.7,2185.0,81.0,28.0
1610.0,193.75,2187.0,81.0,29.0
1610.0,193.8,2188.0,82.0,29.0
1610.0,193.85,2190.0,83.0,29.0
1610.0,193.9,2191.0,84.0,30.0
1610.0,193.95,2192.0,85.0,30.0
1610.0,194.0,2194.0,86.0,30.0
1610.0,194.05,2198.0,85.0,31.0
1610.0,194.1,2201.0,84.0,32.0
1610.0,194.15,2205.0,83.0,33.0
1610.0,194.2,2209.0,83.0,33.0
1610.0,194.25,2213.0,82.0,34.0
1610.0,194.3,2217.0,81.0,35.0
1610.0,194.35,2220.0,80.0,35.0
1610.0,194.4,2224.0,79.0,36.0
1610.0,194.45,2228.0,79.0,37.0
1610.0,194.5,2234.0,77.0,38.0
1610.0,194.55,2238.0,77.0,39.0
1610.0,194.6,2242.0,76.0,39.0
1610.0,194.65,2246.0,76.0,40.0
1610.0,194.7,2251.0,76.0,41.0
1610.0,194.75,2255.0,75.0,42.0
1610.0,194.8,2259.0,75.0,42.0
1610.0,194.85,2263.0,75.0,43.0
1610.0,194.9,2267.0,74.0,44.0
1610.0,194.95,2272.0,74.0,45.0
1610.0,195.0,2278.0,74.0,46.0
1610.0,195.05,2275.0,75.0,45.0
1610.0,195.1,2272.0,75.0,45.0
1610.0,195.15,2269.0,76.0,44.0
1610.0,195.2,2266.0,77.0,44.0
1610.0,195.25,2263.0,78.0,43.0
1610.0,195.3,2260.0,79.0,43.0
1610.0,195.35,2257.0,80.0,42.0
1610.0,195.4,2254.0,80.0,42.0
1610.0,195.45,2251.0,81.0,41.0
1610.0,195.5,2246.0,81.0,40.0
1610.0,195.55,2223.0,83.0,42.0
1610.0,195.6,2211.0,84.0,44.0
1610.0,195.65,2199.0,85.0,46.0
1610.0,195.7,2187.0,86.0,47.0
1610.0,195.75,2174.0,87.0,49.0
1610.0,195.8,2162.0,88.0,51.0
1610.0,195.85,2150.0,89.0,52.0
1610.0,195.9,2138.0,90.0,54.0
1610.0,195.95,2126.0,91.0,56.0
1610.0,196.0,2114.0,92.0,57.0
1610.0,196.05,2126.0,93.0,56.0
1610.0,196.1,2138.0,93.0,55.0
1610.0,196.15,2150.0,93.0,53.0
1610.0,196.2,2162.0,94.0,52.0
1610.0,196.25,2174.0,94.0,51.0
1610.0,196.3,2187.0,94.0,49.0
1610.0,196.35,2199.0,95.0,48.0
1610.0,196.4,2211.0,95.0,47.0
1610.0,196.45,2223.0,95.0,45.0
1610.0,196.5,2244.0,96.0,43.0
1610.0,196.55,2249.0,96.0,43.0
1610.0,196.6,2253.0,95.0,44.0
1610.0,196.65,2258.0,95.0,44.0
1610.0,196.7,2262.0,95.0,44.0
1610.0,196.75,2267.0,94.0,44.0
1610.0,196.8,2271.0,94.0,45.0
1610.0,196.85,2276.0,94.0,45.0
1610.0,196.9,2280.0,93.0,45.0
1610.0,196.95,2285.0,93.0,46.0
1610.0,197.0,2291.0,92.0,46.0
1610.0,197.05,2296.0,92.0,46.0
1610.0,197.1,2300.0,92.0,47.0
1610.0,197.15,2304.0,92.0,48.0
1610.0,197.2,2308.0,92.0,48.0
1610.0,197.25,2312.0,93.0,49.0
1610.0,197.3,2317.0,93.0,50.0
1610.0,197.35,2321.0,93.0,50.0
1610.0,197.4,2325.0,93.0,51.0
1610.0,197.45,2329.0,94.0,52.0
1610.0,197.5,2334.0,94.0,54.0
1610.0,197.55,2334.0,94.0,54.0
1610.0,197.6,2335.0,95.0,54.0
1610.0,197.65,2336.0,96.0,54.0
1610.0,197.7,2337.0,97.0,54.0
1610.0,197.75,2338.0,98.0,53.0
1610.0,197.8,2339.0,99.0,53.0
1610.0,197.85,2340.0,100.0,53.0
1610.0,197.9,2341.0,101.0,53.0
1610.0,197.95,2342.0,103.0,53.0
1610.0,198.0,2344.0,104.0,53.0
1610.0,198.05,2341.0,104.0,53.0
1610.0,198.1,2339.0,104.0,52.0
1610.0,198.15,2336.0,105.0,52.0
1610.0,198.2,2334.0,105.0,51.0
1610.0,198.25,2331.0,105.0,50.0
1610.0,198.3,2328.0,106.0,50.0
1610.0,198.35,2326.0,106.0,49.0
1610.0,198.4,2324.0,107.0,49.0
1610.0,198.45,2321.0,107.0,48.0
1610.0,198.5,2317.0,118.0,47.0
1610.0,198.55,2317.0,118.0,47.0
1610.0,198.6,2317.0,118.0,47.0
1610.0,198.65,2317.0,118.0,47.0
1610.0,198.7,2317.0,118.0,47.0
1610.0,198.75,2317.0,118.0,47.0
1610.0,198.8,2317.0,118.0,47.0
1610.0,198.85,2317.0,118.0,47.0
1610.0,198.9,2317.0,118.0,47.0
1610.0,198.95,2317.0,118.0,47.0
1610.0,199.0,2317.0,118.0,47.0
1610.0,199.05,2317.0,118.0,47.0
1610.0,199.1,2317.0,118.0,47.0
1610.0,199.15,2317.0,118.0,47.0
1610.0,199.2,2317.0,118.0,47.0
1610.0,199.25,2317.0,118.0,47.0
1610.0,199.3,2317.0,118.0,47.0
1610.0,199.35,2317.0,118.0,47.0
1610.0,199.4,2317.0,118.0,47.0
1610.0,199.45,2317.0,118.0,47.0
1610.0,199.5,2317.0,118.0,47.0
1610.0,199.55,2317.0,118.0,47.0
1610.0,199.6,2317.0,118.0,47.0
1610.0,199.65,2317.0,118.0,47.0
1610.0,199.7,2317.0,118.0,47.0
1610.0,199.75,2317.0,118.0,47.0
1610.0,199.8,2317.0,118.0,47.0
1610.0,199.85,2317.0,118.0,47.0
1610.0,199.9,2317.0,118.0,47.0
1610.0,199.95,2317.0,118.0,47.0
1610.0,200.0,2317.0,118.0,47.0
1610.0,200.05,2317.0,118.0,47.0
1610.0,200.1,2317.0,118.0,47.0
1610.0,200.15,2317.0,118.0,47.0
1610.0,200.2,2317.0,118.0,47.0
1610.0,200.25,2317.0,118.0,47.0
1610.0,200.3,2317.0,118.0,47.0
1610.0,200.35,2317.0,118.0,47.0
1610.0,200.4,2317.0,118.0,47.0
1610.0,200.45,2317.0,118.0,47.0
1610.0,200.5,2317.0,118.0,47.0
1620.0,189.5,2315.0,68.0,17.0
1620.0,189.55,2315.0,68.0,17.0
1620.0,189.6,2315.0,68.0,17.0
1620.0,189.65,2315.0,68.0,17.0
1620.0,189.7,2315.0,68.0,17.0
1620.0,189.75,2315.0,68.0,17.0
1620.0,189.8,2315.0,68.0,17.0
1620.0,189.85,2315.0,68.0,17.0
1620.0,189.9,2315.0,68.0,17.0
1620.0,189.95,2315.0,68.0,17.0
1620.0,190.0,2315.0,68.0,17.0
1620.0,190.05,2315.0,68.0,17.0
1620.0,190.1,2315.0,68.0,17.0
1620.0,190.15,2315.0,68.0,17.0
1620.0,190.2,2315.0,68.0,17.0
1620.0,190.25,2315.0,68.0,17.0
1620.0,190.3,2315.0,68.0,17.0
1620.0,190.35,2315.0,68.0,17.0
1620.0,190.4,2315.0,68.0,17.0
1620.0,190.45,2315.0,68.0,17.0
1620.0,190.5,2315.0,68.0,17.0
1620.0,190.55,2315.0,68.0,17.0
1620.0,190.6,2315.0,68.0,17.0
1620.0,190.65,2315.0,68.0,17.0
1620.0,190.7,2315.0,68.0,17.0
1620.0,190.75,2315.0,68.0,17.0
1620.0,190.8,2315.0,68.0,17.0
1620.0,190.85,2315.0,68.0,17.0
1620.0,190.9,2315.0,68.0,17.0
1620.0,190.95,2315.0,68.0,17.0
1620.0,191.0,2315.0,68.0,17.0
1620.0,191.05,2315.0,68.0,17.0
1620.0,191.1,2315.0,68.0,17.0
1620.0,191.15,2315.0,68.0,17.0
1620.0,191.2,2315.0,68.0,17.0
1620.0,191.25,2315.0,68.0,17.0
1620.0,191.3,2315.0,68.0,17.0
1620.0,191.35,2315.0,68.0,17.0
1620.0,191.4,2315.0,68.0,17.0
1620.0,191.45,2315.0,68.0,17.0
1620.0,191.5,2315.0,68.0,17.0
1620.0,191.55,2314.0,68.0,18.0
1620.0,191.6,2314.0,67.0,19.0
1620.0,191.65,2313.0,67.0,20.0
1620.0,191.7,2312.0,66.0,21.0
1620.0,191.75,2311.0,66.0,22.0
1620.0,191.8,2310.0,66.0,23.0
1620.0,191.85,2308.0,65.0,24.0
1620.0,191.9,2307.0,65.0,25.0
1620.0,191.95,2306.0,65.0,26.0
1620.0,192.0,2305.0,64.0,27.0
1620.0,192.05,2305.0,64.0,28.0
1620.0,192.1,2305.0,64.0,28.0
1620.0,192.15,2305.0,64.0,29.0
1620.0,192.2,2305.0,64.0,30.0
1620.0,192.25,2305.0,64.0,31.0
1620.0,192.3,2305.0,63.0,32.0
1620.0,192.35,2305.0,63.0,33.0
1620.0,192.4,2305.0,63.0,34.0
1620.0,192.45,2306.0,62.0,35.0
1620.0,192.5,2306.0,62.0,36.0
1620.0,192.55,2300.0,61.0,35.0
1620.0,192.6,2294.0,60.0,35.0
1620.0,192.65,2288.0,60.0,35.0
1620.0,192.7,2283.0,59.0,35.0
1620.0,192.75,2278.0,59.0,35.0
1620.0,192.8,2273.0,58.0,34.0
1620.0,192.85,2267.0,58.0,34.0
1620.0,192.9,2262.0,57.0,34.0
1620.0,192.95,2257.0,57.0,34.0
1620.0,193.0,2251.0,57.0,34.0
1620.0,193.05,2249.0,59.0,33.0
1620.0,193.1,2247.0,60.0,33.0
1620.0,193.15,2244.0,62.0,32.0
1620.0,193.2,2242.0,64.0,32.0
1620.0,193.25,2240.0,66.0,31.0
1620.0,193.3,2238.0,68.0,31.0
1620.0,193.35,2235.0,70.0,30.0
1620.0,193.4,2233.0,72.0,29.0
1620.0,193.45,2230.0,75.0,29.0
1620.0,193.5,2227.0,78.0,28.0
1620.0,193.55,2228.0,80.0,28.0
1620.0,193.6,2229.0,81.0,28.0
1620.0,193.65,2231.0,82.0,28.0
1620.0,193.7,2232.0,82.0,28.0
1620.0,193.75,2233.0,83.0,29.0
1620.0,193.8,2235.0,84.0,29.0
1620.0,193.85,2236.0,85.0,29.0
1620.0,193.9,2238.0,86.0,30.0
1620.0,193.95,2239.0,87.0,30.0
1620.0,194.0,2240.0,88.0,30.0
1620.0,194.05,2244.0,87.0,31.0
1620.0,194.1,2248.0,86.0,32.0
1620.0,194.15,2252.0,85.0,32.0
1620.0,194.2,2256.0,84.0,33.0
1620.0,194.25,2259.0,84.0,34.0
1620.0,194.3,2263.0,83.0,34.0
1620.0,194.35,2267.0,82.0,35.0
1620.0,194.4,2271.0,81.0,36.0
1620.0,194.45,2277.0,80.0,37.0
1620.0,194.5,2283.0,78.0,38.0
1620.0,194.55,2287.0,78.0,39.0
1620.0,194.6,2291.0,78.0,40.0
1620.0,194.65,2295.0,77.0,40.0
1620.0,194.7,2299.0,77.0,41.0
1620.0,194.75,2304.0,77.0,42.0
1620.0,194.8,2308.0,76.0,43.0
1620.0,194.85,2312.0,76.0,43.0
1620.0,194.9,2316.0,75.0,44.0
1620.0,194.95,2322.0,75.0,46.0
1620.0,195.0,2328.0,75.0,47.0
1620.0,195.05,2325.0,76.0,46.0
1620.0,195.1,2322.0,77.0,46.0
1620.0,195.15,2319.0,78.0,45.0
1620.0,195.2,2316.0,79.0,45.0
1620.0,195.25,2313.0,79.0,44.0
1620.0,195.3,2310.0,80.0,44.0
1620.0,195.35,2307.0,81.0,43.0
1620.0,195.4,2304.0,82.0,43.0
1620.0,195.45,2300.0,82.0,41.0
1620.0,195.5,2295.0,81.0,40.0
1620.0,195.55,2272.0,84.0,42.0
1620.0,195.6,2250.0,86.0,44.0
1620.0,195.65,2237.0,87.0,46.0
1620.0,195.7,2225.0,88.0,48.0
1620.0,195.75,2213.0,89.0,50.0
1620.0,195.8,2201.0,90.0,51.0
1620.0,195.85,2189.0,91.0,53.0
1620.0,195.9,2176.0,92.0,55.0
1620.0,195.95,2164.0,93.0,56.0
1620.0,196.0,2152.0,94.0,58.0
1620.0,196.05,2164.0,95.0,57.0
1620.0,196.1,2176.0,95.0,55.0
1620.0,196.15,2189.0,95.0,54.0
1620.0,196.2,2201.0,96.0,53.0
1620.0,196.25,2213.0,96.0,51.0
1620.0,196.3,2225.0,96.0,50.0
1620.0,196.35,2237.0,97.0,49.0
1620.0,196.4,2250.0,97.0,47.0
1620.0,196.45,2270.0,98.0,45.0
1620.0,196.5,2291.0,99.0,43.0
1620.0,196.55,2296.0,98.0,43.0
1620.0,196.6,2300.0,98.0,43.0
1620.0,196.65,2305.0,98.0,43.0
1620.0,196.7,2309.0,97.0,44.0
1620.0,196.75,2314.0,97.0,44.0
1620.0,196.8,2318.0,96.0,44.0
1620.0,196.85,2323.0,96.0,45.0
1620.0,196.9,2327.0,96.0,45.0
1620.0,196.95,2334.0,94.0,45.0
1620.0,197.0,2341.0,93.0,45.0
1620.0,197.05,2345.0,93.0,46.0
1620.0,197.1,2349.0,94.0,46.0
1620.0,197.15,2353.0,94.0,47.0
1620.0,197.2,2358.0,94.0,48.0
1620.0,197.25,2362.0,94.0,48.0
1620.0,197.3,2366.0,95.0,49.0
1620.0,197.35,2370.0,95.0,50.0
1620.0,197.4,2374.0,95.0,50.0
1620.0,197.45,2379.0,96.0,53.0
1620.0,197.5,2384.0,97.0,55.0
1620.0,197.55,2384.0,96.0,54.0
1620.0,197.6,2383.0,96.0,54.0
1620.0,197.65,2384.0,97.0,54.0
1620.0,197.7,2385.0,98.0,54.0
1620.0,197.75,2386.0,99.0,54.0
1620.0,197.8,2388.0,100.0,54.0
1620.0,197.85,2389.0,101.0,54.0
1620.0,197.9,2390.0,102.0,54.0
1620.0,197.95,2391.0,103.0,54.0
1620.0,198.0,2392.0,104.0,54.0
1620.0,198.05,2389.0,105.0,53.0
1620.0,198.1,2387.0,105.0,53.0
1620.0,198.15,2384.0,105.0,52.0
1620.0,198.2,2382.0,106.0,51.0
1620.0,198.25,2380.0,106.0,51.0
1620.0,198.3,2377.0,106.0,50.0
1620.0,198.35,2375.0,107.0,50.0
1620.0,198.4,2372.0,107.0,49.0
1620.0,198.45,2368.0,118.0,48.0
1620.0,198.5,2363.0,130.0,46.0
1620.0,198.55,2363.0,130.0,46.0
1620.0,198.6,2363.0,130.0,46.0
1620.0,198.65,2363.0,130.0,46.0
1620.0,198.7,2363.0,130.0,46.0
1620.0,198.75,2363.0,130.0,46.0
1620.0,198.8,2363.0,130.0,46.0
1620.0,198.85,2363.0,130.0,46.0
1620.0,198.9,2363.0,130.0,46.0
1620.0,198.95,2363.0,130.0,46.0
1620.0,199.0,2363.0,130.0,46.0
1620.0,199.05,2363.0,130.0,46.0
1620.0,199.1,2363.0,130.0,46.0
1620.0,199.15,2363.0,130.0,46.0
1620.0,199.2,2363.0,130.0,46.0
1620.0,199.25,2363.0,130.0,46.0
1620.0,199.3,2363.0,130.0,46.0
1620.0,199.35,2363.0,130.0,46.0
1620.0,199.4,2363.0,130.0,46.0
1620.0,199.45,2363.0,130.0,46.0
1620.0,199.5,2363.0,130.0,46.0
1620.0,199.55,2363.0,130.0,46.0
1620.0,199.6,2363.0,130.0,46.0
1620.0,199.65,2363.0,130.0,46.0
1620.0,199.7,2363.0,130.0,46.0
1620.0,199.75,2363.0,130.0,46.0
1620.0,199.8,2363.0,130.0,46.0
1620.0,199.85,2363.0,130.0,46.0
1620.0,199.9,2363.0,130.0,46.0
1620.0,199.95,2363.0,130.0,46.0
1620.0,200.0,2363.0,130.0,46.0
1620.0,200.05,2363.0,130.0,46.0
1620.0,200.1,2363.0,130.0,46.0
1620.0,200.15,2363.0,130.0,46.0
1620.0,200.2,2363.0,130.0,46.0
1620.0,200.25,2363.0,130.0,46.0
1620.0,200.3,2363.0,130.0,46.0
1620.0,200.35,2363.0,130.0,46.0
1620.0,200.4,2363.0,130.0,46.0
1620.0,200.45,2363.0,130.0,46.0
1620.0,200.5,2363.0,130.0,46.0
1630.0,189.5,2362.0,70.0,18.0
1630.0,189.55,2362.0,70.0,18.0
1630.0,189.6,2362.0,70.0,18.0
1630.0,189.65,2362.0,70.0,18.0
1630.0,189.7,2362.0,70.0,18.0
1630.0,189.75,2362.0,70.0,18.0
1630.0,189.8,2362.0,70.0,18.0
1630.0,189.85,2362.0,70.0,18.0
1630.0,189.9,2362.0,70.0,18.0
1630.0,189.95,2362.0,70.0,18.0
1630.0,190.0,2362.0,70.0,18.0
1630.0,190.05,2362.0,70.0,18.0
1630.0,190.1,2362.0,70.0,18.0
1630.0,190.15,2362.0,70.0,18.0
1630.0,190.2,2362.0,70.0,18.0
1630.0,190.25,2362.0,70.0,18.0
1630.0,190.3,2362.0,70.0,18.0
1630.0,190.35,2362.0,70.0,18.0
1630.0,190.4,2362.0,70.0,18.0
1630.0,190.45,2362.0,70.0,18.0
1630.0,190.5,2362.0,70.0,18.0
1630.0,190.55,2362.0,70.0,18.0
1630.0,190.6,2362.0,70.0,18.0
1630.0,190.65,2362.0,70.0,18.0
1630.0,190.7,2362.0,70.0,18.0
1630.0,190.75,2362.0,70.0,18.0
1630.0,190.8,2362.0,70.0,18.0
1630.0,190.85,2362.0,70.0,18.0
1630.0,190.9,2362.0,70.0,18.0
1630.0,190.95,2362.0,70.0,18.0
1630.0,191.0,2362.0,70.0,18.0
1630.0,191.05,2362.0,70.0,18.0
1630.0,191.1,2362.0,70.0,18.0
1630.0,191.15,2362.0,70.0,18.0
1630.0,191.2,2362.0,70.0,18.0
1630.0,191.25,2362.0,70.0,18.0
1630.0,191.3,2362.0,70.0,18.0
1630.0,191.35,2362.0,70.0,18.0
1630.0,191.4,2362.0,70.0,18.0
1630.0,191.45,2362.0,70.0,18.0
1630.0,191.5,2362.0,70.0,18.0
1630.0,191.55,2362.0,69.0,19.0
1630.0,191.6,2362.0,69.0,20.0
1630.0,191.65,2361.0,68.0,21.0
1630.0,191.7,2360.0,68.0,22.0
1630.0,191.75,2359.0,67.0,23.0
1630.0,191.8,2358.0,67.0,24.0
1630.0,191.85,2357.0,67.0,24.0
1630.0,191.9,2356.0,66.0,25.0
1630.0,191.95,2354.0,66.0,26.0
1630.0,192.0,2353.0,66.0,27.0
1630.0,192.05,2353.0,65.0,28.0
1630.0,192.1,2353.0,65.0,29.0
1630.0,192.15,2353.0,65.0,30.0
1630.0,192.2,2353.0,65.0,31.0
1630.0,192.25,2353.0,65.0,32.0
1630.0,192.3,2353.0,65.0,32.0
1630.0,192.35,2353.0,64.0,33.0
1630.0,192.4,2354.0,64.0,34.0
1630.0,192.45,2354.0,63.0,35.0
1630.0,192.5,2355.0,63.0,36.0
1630.0,192.55,2349.0,62.0,36.0
1630.0,192.6,2343.0,61.0,36.0
1630.0,192.65,2336.0,60.0,36.0
1630.0,192.7,2331.0,59.0,35.0
1630.0,192.75,2326.0,59.0,35.0
1630.0,192.8,2320.0,59.0,35.0
1630.0,192.85,2315.0,58.0,35.0
1630.0,192.9,2310.0,58.0,35.0
1630.0,192.95,2304.0,57.0,35.0
1630.0,193.0,2299.0,57.0,34.0
1630.0,193.05,2297.0,59.0,34.0
1630.0,193.1,2294.0,61.0,33.0
1630.0,193.15,2292.0,63.0,33.0
1630.0,193.2,2290.0,65.0,32.0
1630.0,193.25,2288.0,66.0,32.0
1630.0,193.3,2285.0,68.0,31.0
1630.0,193.35,2283.0,70.0,31.0
1630.0,193.4,2280.0,73.0,30.0
1630.0,193.45,2277.0,77.0,29.0
1630.0,193.5,2275.0,80.0,28.0
1630.0,193.55,2276.0,81.0,28.0
1630.0,193.6,2276.0,82.0,28.0
1630.0,193.65,2277.0,84.0,28.0
1630.0,193.7,2279.0,84.0,28.0
1630.0,193.75,2280.0,85.0,28.0
1630.0,193.8,2282.0,86.0,29.0
1630.0,193.85,2283.0,87.0,29.0
1630.0,193.9,2284.0,88.0,30.0
1630.0,193.95,2286.0,89.0,30.0
1630.0,194.0,2287.0,89.0,30.0
1630.0,194.05,2291.0,89.0,31.0
1630.0,194.1,2295.0,88.0,32.0
1630.0,194.15,2299.0,87.0,32.0
1630.0,194.2,2302.0,86.0,33.0
1630.0,194.25,2306.0,86.0,34.0
1630.0,194.3,2310.0,85.0,34.0
1630.0,194.35,2314.0,84.0,35.0
1630.0,194.4,2320.0,83.0,36.0
1630.0,194.45,2325.0,81.0,37.0
1630.0,194.5,2331.0,80.0,38.0
1630.0,194.55,2336.0,79.0,39.0
1630.0,194.6,2340.0,79.0,40.0
1630.0,194.65,2344.0,78.0,41.0
1630.0,194.7,2348.0,78.0,41.0
1630.0,194.75,2352.0,78.0,42.0
1630.0,194.8,2357.0,77.0,43.0
1630.0,194.85,2361.0,77.0,44.0
1630.0,194.9,2367.0,77.0,45.0
1630.0,194.95,2373.0,77.0,46.0
1630.0,195.0,2379.0,77.0,48.0
1630.0,195.05,2376.0,78.0,47.0
1630.0,195.1,2373.0,79.0,47.0
1630.0,195.15,2370.0,79.0,46.0
1630.0,195.2,2367.0,80.0,46.0
1630.0,195.25,2364.0,81.0,45.0
1630.0,195.3,2361.0,82.0,45.0
1630.0,195.35,2358.0,83.0,44.0
1630.0,195.4,2353.0,82.0,43.0
1630.0,195.45,2349.0,82.0,42.0
1630.0,195.5,2344.0,82.0,41.0
1630.0,195.55,2321.0,84.0,43.0
1630.0,195.6,2299.0,87.0,45.0
1630.0,195.65,2276.0,89.0,47.0
1630.0,195.7,2264.0,90.0,48.0
1630.0,195.75,2252.0,91.0,50.0
1630.0,195.8,2239.0,92.0,52.0
1630.0,195.85,2227.0,93.0,54.0
1630.0,195.9,2215.0,94.0,55.0
1630.0,195.95,2203.0,95.0,57.0
1630.0,196.0,2190.0,96.0,59.0
1630.0,196.05,2203.0,97.0,57.0
1630.0,196.1,2215.0,97.0,56.0
1630.0,196.15,2227.0,97.0,55.0
1630.0,196.2,2239.0,98.0,53.0
1630.0,196.25,2252.0,98.0,52.0
1630.0,196.3,2264.0,98.0,51.0
1630.0,196.35,2276.0,99.0,49.0
1630.0,196.4,2297.0,99.0,47.0
1630.0,196.45,2318.0,100.0,44.0
1630.0,196.5,2339.0,101.0,42.0
1630.0,196.55,2343.0,101.0,42.0
1630.0,196.6,2348.0,100.0,43.0
1630.0,196.65,2352.0,100.0,43.0
1630.0,196.7,2357.0,100.0,43.0
1630.0,196.75,2361.0,99.0,44.0
1630.0,196.8,2366.0,99.0,44.0
1630.0,196.85,2370.0,98.0,44.0
1630.0,196.9,2377.0,97.0,44.0
1630.0,196.95,2383.0,96.0,44.0
1630.0,197.0,2390.0,95.0,44.0
1630.0,197.05,2394.0,95.0,45.0
1630.0,197.1,2399.0,95.0,46.0
1630.0,197.15,2403.0,95.0,46.0
1630.0,197.2,2407.0,96.0,47.0
1630.0,197.25,2411.0,96.0,48.0
1630.0,197.3,2415.0,96.0,48.0
1630.0,197.35,2420.0,96.0,49.0
1630.0,197.4,2425.0,97.0,51.0
1630.0,197.45,2430.0,98.0,53.0
1630.0,197.5,2435.0,99.0,55.0
1630.0,197.55,2434.0,98.0,55.0
1630.0,197.6,2433.0,98.0,55.0
1630.0,197.65,2433.0,97.0,55.0
1630.0,197.7,2434.0,98.0,55.0
1630.0,197.75,2435.0,100.0,55.0
1630.0,197.8,2436.0,101.0,55.0
1630.0,197.85,2437.0,102.0,54.0
1630.0,197.9,2438.0,103.0,54.0
1630.0,197.95,2439.0,104.0,54.0
1630.0,198.0,2440.0,105.0,54.0
1630.0,198.05,2438.0,105.0,54.0
1630.0,198.1,2436.0,106.0,53.0
1630.0,198.15,2433.0,106.0,53.0
1630.0,198.2,2431.0,106.0,52.0
1630.0,198.25,2428.0,107.0,51.0
1630.0,198.3,2425.0,107.0,51.0
1630.0,198.35,2423.0,107.0,50.0
1630.0,198.4,2419.0,119.0,49.0
1630.0,198.45,2414.0,130.0,47.0
1630.0,198.5,2410.0,141.0,46.0
1630.0,198.55,2410.0,141.0,46.0
1630.0,198.6,2410.0,141.0,46.0
1630.0,198.65,2410.0,141.0,46.0
1630.0,198.7,2410.0,141.0,46.0
1630.0,198.75,2410.0,141.0,46.0
1630.0,198.8,2410.0,141.0,46.0
1630.0,198.85,2410.0,141.0,46.0
1630.0,198.9,2410.0,141.0,46.0
1630.0,198.95,2410.0,141.0,46.0
1630.0,199.0,2410.0,141.0,46.0
1630.0,199.05,2410.0,141.0,46.0
1630.0,199.1,2410.0,141.0,46.0
1630.0,199.15,2410.0,141.0,46.0
1630.0,199.2,2410.0,141.0,46.0
1630.0,199.25,2410.0,141.0,46.0
1630.0,199.3,2410.0,141.0,46.0
1630.0,199.35,2410.0,141.0,46.0
1630.0,199.4,2410.0,141.0,46.0
1630.0,199.45,2410.0,141.0,46.0
1630.0,199.5,2410.0,141.0,46.0
1630.0,199.55,2410.0,141.0,46.0
1630.0,199.6,2410.0,141.0,46.0
1630.0,199.65,2410.0,141.0,46.0
1630.0,199.7,2410.0,141.0,46.0
1630.0,199.75,2410.0,141.0,46.0
1630.0,199.8,2410.0,141.0,46.0
1630.0,199.85,2410.0,141.0,46.0
1630.0,199.9,2410.0,141.0,46.0
1630.0,199.95,2410.0,141.0,46.0
1630.0,200.0,2410.0,141.0,46.0
1630.0,200.05,2410.0,141.0,46.0
1630.0,200.1,2410.0,141.0,46.0
1630.0,200.15,2410.0,141.0,46.0
1630.0,200.2,2410.0,141.0,46.0
1630.0,200.25,2410.0,141.0,46.0
1630.0,200.3,2410.0,141.0,46.0
1630.0,200.35,2410.0,141.0,46.0
1630.0,200.4,2410.0,141.0,46.0
1630.0,200.45,2410.0,141.0,46.0
1630.0,200.5,2410.0,141.0,46.0
1640.0,189.5,2410.0,71.0,18.0
1640.0,189.55,2410.0,71.0,18.0
1640.0,189.6,2410.0,71.0,18.0
1640.0,189.65,2410.0,71.0,18.0
1640.0,189.7,2410.0,71.0,18.0
1640.0,189.75,2410.0,71.0,18.0
1640.0,189.8,2410.0,71.0,18.0
1640.0,189.85,2410.0,71.0,18.0
1640.0,189.9,2410.0,71.0,18.0
1640.0,189.95,2410.0,71.0,18.0
1640.0,190.0,2410.0,71.0,18.0
1640.0,190.05,2410.0,71.0,18.0
1640.0,190.1,2410.0,71.0,18.0
1640.0,190.15,2410.0,71.0,18.0
1640.0,190.2,2410.0,71.0,18.0
1640.0,190.25,2410.0,71.0,18.0
1640.0,190.3,2410.0,71.0,18.0
1640.0,190.35,2410.0,71.0,18.0
1640.0,190.4,2410.0,71.0,18.0
1640.0,190.45,2410.0,71.0,18.0
1640.0,190.5,2410.0,71.0,18.0
1640.0,190.55,2410.0,71.0,18.0
1640.0,190.6,2410.0,71.0,18.0
1640.0,190.65,2410.0,71.0,18.0
1640.0,190.7,2410.0,71.0,18.0
1640.0,190.75,2410.0,71.0,18.0
1640.0,190.8,2410.0,71.0,18.0
1640.0,190.85,2410.0,71.0,18.0
1640.0,190.9,2410.0,71.0,18.0
1640.0,190.95,2410.0,71.0,18.0
1640.0,191.0,2410.0,71.0,18.0
1640.0,191.05,2410.0,71.0,18.0
1640.0,191.1,2410.0,71.0,18.0
1640.0,191.15,2410.0,71.0,18.0
1640.0,191.2,2410.0,71.0,18.0
1640.0,191.25,2410.0,71.0,18.0
1640.0,191.3,2410.0,71.0,18.0
1640.0,191.35,2410.0,71.0,18.0
1640.0,191.4,2410.0,71.0,18.0
1640.0,191.45,2410.0,71.0,18.0
1640.0,191.5,2410.0,71.0,18.0
1640.0,191.55,2410.0,71.0,19.0
1640.0,191.6,2409.0,70.0,20.0
1640.0,191.65,2408.0,69.0,21.0
1640.0,191.7,2408.0,69.0,22.0
1640.0,191.75,2407.0,69.0,23.0
1640.0,191.8,2406.0,68.0,24.0
1640.0,191.85,2405.0,68.0,25.0
1640.0,191.9,2404.0,68.0,26.0
1640.0,191.95,2403.0,67.0,27.0
1640.0,192.0,2401.0,67.0,28.0
1640.0,192.05,2401.0,67.0,29.0
1640.0,192.1,2401.0,67.0,30.0
1640.0,192.15,2401.0,66.0,30.0
1640.0,192.2,2401.0,66.0,31.0
1640.0,192.25,2401.0,66.0,32.0
1640.0,192.3,2401.0,66.0,33.0
1640.0,192.35,2402.0,65.0,34.0
1640.0,192.4,2403.0,65.0,35.0
1640.0,192.45,2403.0,64.0,36.0
1640.0,192.5,2404.0,63.0,37.0
1640.0,192.55,2397.0,63.0,37.0
1640.0,192.6,2391.0,62.0,37.0
1640.0,192.65,2385.0,61.0,36.0
1640.0,192.7,2379.0,60.0,36.0
1640.0,192.75,2373.0,59.0,36.0
1640.0,192.8,2368.0,59.0,36.0
1640.0,192.85,2363.0,58.0,36.0
1640.0,192.9,2357.0,58.0,35.0
1640.0,192.95,2352.0,58.0,35.0
1640.0,193.0,2347.0,57.0,35.0
1640.0,193.05,2344.0,59.0,35.0
1640.0,193.1,2342.0,61.0,34.0
1640.0,193.15,2340.0,63.0,33.0
1640.0,193.2,2338.0,65.0,33.0
1640.0,193.25,2335.0,67.0,32.0
1640.0,193.3,2333.0,69.0,32.0
1640.0,193.35,2330.0,72.0,31.0
1640.0,193.4,2327.0,75.0,30.0
1640.0,193.45,2325.0,78.0,30.0
1640.0,193.5,2322.0,81.0,29.0
1640.0,193.55,2323.0,83.0,29.0
1640.0,193.6,2324.0,84.0,28.0
1640.0,193.65,2324.0,85.0,28.0
1640.0,193.7,2325.0,86.0,28.0
1640.0,193.75,2327.0,87.0,28.0
1640.0,193.8,2328.0,88.0,29.0
1640.0,193.85,2330.0,89.0,29.0
1640.0,193.9,2331.0,90.0,29.0
1640.0,193.95,2332.0,91.0,30.0
1640.0,194.0,2334.0,91.0,30.0
1640.0,194.05,2338.0,91.0,31.0
1640.0,194.1,2341.0,90.0,31.0
1640.0,194.15,2345.0,89.0,32.0
1640.0,194.2,2349.0,88.0,33.0
1640.0,194.25,2353.0,88.0,34.0
1640.0,194.3,2357.0,87.0,34.0
1640.0,194.35,2362.0,85.0,35.0
1640.0,194.4,2368.0,84.0,36.0
1640.0,194.45,2374.0,82.0,38.0
1640.0,194.5,2380.0,81.0,39.0
1640.0,194.55,2384.0,80.0,39.0
1640.0,194.6,2389.0,80.0,40.0
1640.0,194.65,2393.0,80.0,41.0
1640.0,194.7,2397.0,79.0,42.0
1640.0,194.75,2401.0,79.0,43.0
1640.0,194.8,2405.0,78.0,43.0
1640.0,194.85,2411.0,78.0,45.0
1640.0,194.9,2418.0,78.0,46.0
1640.0,194.95,2424.0,78.0,47.0
1640.0,195.0,2430.0,78.0,49.0
1640.0,195.05,2427.0,79.0,48.0
1640.0,195.1,2424.0,80.0,48.0
1640.0,195.15,2421.0,81.0,47.0
1640.0,195.2,2418.0,82.0,47.0
1640.0,195.25,2415.0,83.0,46.0
1640.0,195.3,2412.0,83.0,45.0
1640.0,195.35,2407.0,83.0,44.0
1640.0,195.4,2403.0,83.0,43.0
1640.0,195.45,2398.0,82.0,42.0
1640.0,195.5,2393.0,82.0,41.0
1640.0,195.55,2371.0,85.0,43.0
1640.0,195.6,2348.0,87.0,45.0
1640.0,195.65,2325.0,90.0,47.0
1640.0,195.7,2302.0,92.0,49.0
1640.0,195.75,2290.0,93.0,51.0
1640.0,195.8,2278.0,94.0,52.0
1640.0,195.85,2266.0,95.0,54.0
1640.0,195.9,2253.0,96.0,56.0
1640.0,195.95,2241.0,97.0,58.0
1640.0,196.0,2229.0,98.0,59.0
1640.0,196.05,2241.0,98.0,58.0
1640.0,196.1,2253.0,99.0,57.0
1640.0,196.15,2266.0,99.0,55.0
1640.0,196.2,2278.0,100.0,54.0
1640.0,196.25,2290.0,100.0,53.0
1640.0,196.3,2302.0,100.0,51.0
1640.0,196.35,2323.0,101.0,49.0
1640.0,196.4,2344.0,102.0,46.0
1640.0,196.45,2365.0,103.0,44.0
1640.0,196.5,2386.0,104.0,42.0
1640.0,196.55,2390.0,103.0,42.0
1640.0,196.6,2395.0,103.0,42.0
1640.0,196.65,2399.0,103.0,43.0
1640.0,196.7,2404.0,102.0,43.0
1640.0,196.75,2408.0,102.0,43.0
1640.0,196.8,2413.0,101.0,44.0
1640.0,196.85,2419.0,100.0,44.0
1640.0,196.9,2426.0,99.0,44.0
1640.0,196.95,2433.0,98.0,44.0
1640.0,197.0,2440.0,96.0,44.0
1640.0,197.05,2444.0,97.0,44.0
1640.0,197.1,2448.0,97.0,45.0
1640.0,197.15,2452.0,97.0,46.0
1640.0,197.2,2456.0,97.0,46.0
1640.0,197.25,2461.0,98.0,47.0
1640.0,197.3,2465.0,98.0,48.0
1640.0,197.35,2470.0,99.0,50.0
1640.0,197.4,2475.0,99.0,52.0
1640.0,197.45,2480.0,100.0,54.0
1640.0,197.5,2485.0,101.0,56.0
1640.0,197.55,2484.0,101.0,56.0
1640.0,197.6,2484.0,100.0,56.0
1640.0,197.65,2483.0,100.0,55.0
1640.0,197.7,2482.0,99.0,55.0
1640.0,197.75,2484.0,100.0,55.0
1640.0,197.8,2485.0,101.0,55.0
1640.0,197.85,2486.0,102.0,55.0
1640.0,197.9,2487.0,103.0,55.0
1640.0,197.95,2488.0,104.0,55.0
1640.0,198.0,2489.0,106.0,55.0
1640.0,198.05,2486.0,106.0,54.0
1640.0,198.1,2484.0,106.0,54.0
1640.0,198.15,2482.0,107.0,53.0
1640.0,198.2,2479.0,107.0,53.0
1640.0,198.25,2476.0,107.0,52.0
1640.0,198.3,2474.0,108.0,51.0
1640.0,198.35,2470.0,119.0,50.0
1640.0,198.4,2465.0,130.0,48.0
1640.0,198.45,2461.0,142.0,47.0
1640.0,198.5,2456.0,153.0,46.0
1640.0,198.55,2456.0,153.0,46.0
1640.0,198.6,2456.0,153.0,46.0
1640.0,198.65,2456.0,153.0,46.0
1640.0,198.7,2456.0,153.0,46.0
1640.0,198.75,2456.0,153.0,46.0
1640.0,198.8,2456.0,153.0,46.0
1640.0,198.85,2456.0,153.0,46.0
1640.0,198.9,2456.0,153.0,46.0
1640.0,198.95,2456.0,153.0,46.0
1640.0,199.0,2456.0,153.0,46.0
1640.0,199.05,2456.0,153.0,46.0
1640.0,199.1,2456.0,153.0,46.0
1640.0,199.15,2456.0,153.0,46.0
1640.0,199.2,2456.0,153.0,46.0
1640.0,199.25,2456.0,153.0,46.0
1640.0,199.3,2456.0,153.0,46.0
1640.0,199.35,2456.0,153.0,46.0
1640.0,199.4,2456.0,153.0,46.0
1640.0,199.45,2456.0,153.0,46.0
1640.0,199.5,2456.0,153.0,46.0
1640.0,199.55,2456.0,153.0,46.0
1640.0,199.6,2456.0,153.0,46.0
1640.0,199.65,2456.0,153.0,46.0
1640.0,199.7,2456.0,153.0,46.0
1640.0,199.75,2456.0,153.0,46.0
1640.0,199.8,2456.0,153.0,46.0
1640.0,199.85,2456.0,153.0,46.0
1640.0,199.9,2456.0,153.0,46.0
1640.0,199.95,2456.0,153.0,46.0
1640.0,200.0,2456.0,153.0,46.0
1640.0,200.05,2456.0,153.0,46.0
1640.0,200.1,2456.0,153.0,46.0
1640.0,200.15,2456.0,153.0,46.0
1640.0,200.2,2456.0,153.0,46.0
1640.0,200.25,2456.0,153.0,46.0
1640.0,200.3,2456.0,153.0,46.0
1640.0,200.35,2456.0,153.0,46.0
1640.0,200.4,2456.0,153.0,46.0
1640.0,200.45,2456.0,153.0,46.0
1640.0,200.5,2456.0,153.0,46.0
1650.0,189.5,2458.0,73.0,19.0
1650.0,189.55,2458.0,73.0,19.0
1650.0,189.6,2458.0,73.0,19.0
1650.0,189.65,2458.0,73.0,19.0
1650.0,189.7,2458.0,73.0,19.0
1650.0,189.75,2458.0,73.0,19.0
1650.0,189.8,2458.0,73.0,19.0
1650.0,189.85,2458.0,73.0,19.0
1650.0,189.9,2458.0,73.0,19.0
1650.0,189.95,2458.0,73.0,19.0
1650.0,190.0,2458.0,73.0,19.0
1650.0,190.05,2458.0,73.0,19.0
1650.0,190.1,2458.0,73.0,19.0
1650.0,190.15,2458.0,73.0,19.0
1650.0,190.2,2458.0,73.0,19.0
1650.0,190.25,2458.0,73.0,19.0
1650.0,190.3,2458.0,73.0,19.0
1650.0,190.35,2458.0,73.0,19.0
1650.0,190.4,2458.0,73.0,19.0
1650.0,190.45,2458.0,73.0,19.0
1650.0,190.5,2458.0,73.0,19.0
1650.0,190.55,2458.0,73.0,19.0
1650.0,190.6,2458.0,73.0,19.0
1650.0,190.65,2458.0,73.0,19.0
1650.0,190.7,2458.0,73.0,19.0
1650.0,190.75,2458.0,73.0,19.0
1650.0,190.8,2458.0,73.0,19.0
1650.0,190.85,2458.0,73.0,19.0
1650.0,190.9,2458.0,73.0,19.0
1650.0,190.95,2458.0,73.0,19.0
1650.0,191.0,2458.0,73.0,19.0
1650.0,191.05,2458.0,73.0,19.0
1650.0,191.1,2458.0,73.0,19.0
1650.0,191.15,2458.0,73.0,19.0
1650.0,191.2,2458.0,73.0,19.0
1650.0,191.25,2458.0,73.0,19.0
1650.0,191.3,2458.0,73.0,19.0
1650.0,191.35,2458.0,73.0,19.0
1650.0,191.4,2458.0,73.0,19.0
1650.0,191.45,2458.0,73.0,19.0
1650.0,191.5,2458.0,73.0,19.0
1650.0,191.55,2457.0,72.0,20.0
1650.0,191.6,2456.0,72.0,21.0
1650.0,191.65,2456.0,71.0,22.0
1650.0,191.7,2456.0,70.0,23.0
1650.0,191.75,2455.0,70.0,24.0
1650.0,191.8,2454.0,69.0,25.0
1650.0,191.85,2453.0,69.0,26.0
1650.0,191.9,2452.0,69.0,27.0
1650.0,191.95,2451.0,68.0,28.0
1650.0,192.0,2450.0,68.0,28.0
1650.0,192.05,2450.0,68.0,29.0
1650.0,192.1,2450.0,68.0,30.0
1650.0,192.15,2450.0,68.0,31.0
1650.0,192.2,2450.0,67.0,32.0
1650.0,192.25,2450.0,67.0,33.0
1650.0,192.3,2450.0,67.0,34.0
1650.0,192.35,2451.0,66.0,35.0
1650.0,192.4,2451.0,65.0,36.0
1650.0,192.45,2452.0,65.0,37.0
1650.0,192.5,2452.0,64.0,38.0
1650.0,192.55,2446.0,63.0,38.0
1650.0,192.6,2440.0,62.0,37.0
1650.0,192.65,2434.0,61.0,37.0
1650.0,192.7,2427.0,60.0,37.0
1650.0,192.75,2421.0,59.0,37.0
1650.0,192.8,2416.0,59.0,36.0
1650.0,192.85,2410.0,59.0,36.0
1650.0,192.9,2405.0,58.0,36.0
1650.0,192.95,2400.0,58.0,36.0
1650.0,193.0,2394.0,57.0,36.0
1650.0,193.05,2392.0,59.0,35.0
1650.0,193.1,2390.0,61.0,35.0
1650.0,193.15,2388.0,63.0,34.0
1650.0,193.2,2385.0,65.0,34.0
1650.0,193.25,2383.0,67.0,33.0
1650.0,193.3,2380.0,70.0,32.0
1650.0,193.35,2377.0,73.0,32.0
1650.0,193.4,2375.0,77.0,31.0
1650.0,193.45,2372.0,80.0,30.0
1650.0,193.5,2369.0,83.0,29.0
1650.0,193.55,2370.0,84.0,29.0
1650.0,193.6,2371.0,85.0,29.0
1650.0,193.65,2372.0,87.0,29.0
1650.0,193.7,2373.0,88.0,28.0
1650.0,193.75,2374.0,89.0,28.0
1650.0,193.8,2375.0,90.0,29.0
1650.0,193.85,2376.0,91.0,29.0
1650.0,193.9,2378.0,92.0,29.0
1650.0,193.95,2379.0,92.0,30.0
1650.0,194.0,2380.0,93.0,30.0
1650.0,194.05,2384.0,93.0,31.0
1650.0,194.1,2388.0,92.0,31.0
1650.0,194.15,2392.0,91.0,32.0
1650.0,194.2,2396.0,90.0,33.0
1650.0,194.25,2400.0,89.0,33.0
1650.0,194.3,2405.0,88.0,35.0
1650.0,194.35,2411.0,86.0,36.0
1650.0,194.4,2417.0,85.0,37.0
1650.0,194.45,2423.0,83.0,38.0
1650.0,194.5,2429.0,82.0,39.0
1650.0,194.55,2433.0,82.0,40.0
1650.0,194.6,2437.0,81.0,41.0
1650.0,194.65,2442.0,81.0,41.0
1650.0,194.7,2446.0,80.0,42.0
1650.0,194.75,2450.0,80.0,43.0
1650.0,194.8,2456.0,80.0,44.0
1650.0,194.85,2462.0,80.0,46.0
1650.0,194.9,2468.0,80.0,47.0
1650.0,194.95,2474.0,80.0,48.0
1650.0,195.0,2480.0,80.0,50.0
1650.0,195.05,2477.0,81.0,49.0
1650.0,195.1,2475.0,82.0,48.0
1650.0,195.15,2471.0,82.0,48.0
1650.0,195.2,2469.0,83.0,47.0
1650.0,195.25,2466.0,84.0,47.0
1650.0,195.3,2461.0,84.0,46.0
1650.0,195.35,2456.0,83.0,45.0
1650.0,195.4,2452.0,83.0,43.0
1650.0,195.45,2447.0,83.0,42.0
1650.0,195.5,2442.0,82.0,41.0
1650.0,195.55,2420.0,85.0,43.0
1650.0,195.6,2397.0,87.0,45.0
1650.0,195.65,2374.0,90.0,47.0
1650.0,195.7,2351.0,93.0,49.0
1650.0,195.75,2328.0,95.0,51.0
1650.0,195.8,2316.0,96.0,53.0
1650.0,195.85,2304.0,97.0,55.0
1650.0,195.9,2292.0,98.0,57.0
1650.0,195.95,2280.0,99.0,58.0
1650.0,196.0,2268.0,100.0,60.0
1650.0,196.05,2280.0,100.0,59.0
1650.0,196.1,2292.0,101.0,57.0
1650.0,196.15,2304.0,101.0,56.0
1650.0,196.2,2316.0,101.0,55.0
1650.0,196.25,2328.0,102.0,53.0
1650.0,196.3,2349.0,103.0,51.0
1650.0,196.35,2370.0,104.0,48.0
1650.0,196.4,2391.0,104.0,46.0
1650.0,196.45,2412.0,105.0,44.0
1650.0,196.5,2433.0,106.0,41.0
1650.0,196.55,2438.0,106.0,42.0
1650.0,196.6,2442.0,105.0,42.0
1650.0,196.65,2447.0,105.0,42.0
1650.0,196.7,2451.0,105.0,43.0
1650.0,196.75,2456.0,104.0,43.0
1650.0,196.8,2462.0,103.0,43.0
1650.0,196.85,2469.0,102.0,43.0
1650.0,196.9,2476.0,100.0,43.0
1650.0,196.95,2482.0,99.0,43.0
1650.0,197.0,2489.0,98.0,43.0
1650.0,197.05,2493.0,98.0,44.0
1650.0,197.1,2497.0,98.0,44.0
1650.0,197.15,2502.0,99.0,45.0
1650.0,197.2,2506.0,99.0,46.0
1650.0,197.25,2510.0,99.0,46.0
1650.0,197.3,2515.0,100.0,48.0
1650.0,197.35,2520.0,101.0,50.0
1650.0,197.4,2525.0,102.0,53.0
1650.0,197.45,2530.0,103.0,55.0
1650.0,197.5,2535.0,103.0,57.0
1650.0,197.55,2534.0,103.0,57.0
1650.0,197.6,2534.0,102.0,56.0
1650.0,197.65,2533.0,102.0,56.0
1650.0,197.7,2533.0,101.0,56.0
1650.0,197.75,2532.0,101.0,56.0
1650.0,197.8,2533.0,102.0,56.0
1650.0,197.85,2534.0,103.0,56.0
1650.0,197.9,2535.0,104.0,56.0
1650.0,197.95,2536.0,105.0,55.0
1650.0,198.0,2538.0,106.0,55.0
1650.0,198.05,2535.0,107.0,55.0
1650.0,198.1,2532.0,107.0,54.0
1650.0,198.15,2530.0,107.0,54.0
1650.0,198.2,2528.0,108.0,53.0
1650.0,198.25,2525.0,108.0,53.0
1650.0,198.3,2521.0,119.0,51.0
1650.0,198.35,2516.0,131.0,50.0
1650.0,198.4,2512.0,142.0,48.0
1650.0,198.45,2507.0,153.0,47.0
1650.0,198.5,2503.0,165.0,45.0
1650.0,198.55,2503.0,165.0,45.0
1650.0,198.6,2503.0,165.0,45.0
1650.0,198.65,2503.0,165.0,45.0
1650.0,198.7,2503.0,165.0,45.0
1650.0,198.75,2503.0,165.0,45.0
1650.0,198.8,2503.0,165.0,45.0
1650.0,198.85,2503.0,165.0,45.0
1650.0,198.9,2503.0,165.0,45.0
1650.0,198.95,2503.0,165.0,45.0
1650.0,199.0,2503.0,165.0,45.0
1650.0,199.05,2503.0,165.0,45.0
1650.0,199.1,2503.0,165.0,45.0
1650.0,199.15,2503.0,165.0,45.0
1650.0,199.2,2503.0,165.0,45.0
1650.0,199.25,2503.0,165.0,45.0
1650.0,199.3,2503.0,165.0,45.0
1650.0,199.35,2503.0,165.0,45.0
1650.0,199.4,2503.0,165.0,45.0
1650.0,199.45,2503.0,165.0,45.0
1650.0,199.5,2503.0,165.0,45.0
1650.0,199.55,2503.0,165.0,45.0
1650.0,199.6,2503.0,165.0,45.0
1650.0,199.65,2503.0,165.0,45.0
1650.0,199.7,2503.0,165.0,45.0
1650.0,199.75,2503.0,165.0,45.0
1650.0,199.8,2503.0,165.0,45.0
1650.0,199.85,2503.0,165.0,45.0
1650.0,199.9,2503.0,165.0,45.0
1650.0,199.95,2503.0,165.0,45.0
1650.0,200.0,2503.0,165.0,45.0
1650.0,200.05,2503.0,165.0,45.0
1650.0,200.1,2503.0,165.0,45.0
1650.0,200.15,2503.0,165.0,45.0
1650.0,200.2,2503.0,165.0,45.0
1650.0,200.25,2503.0,165.0,45.0
1650.0,200.3,2503.0,165.0,45.0
1650.0,200.35,2503.0,165.0,45.0
1650.0,200.4,2503.0,165.0,45.0
1650.0,200.45,2503.0,165.0,45.0
1650.0,200.5,2503.0,165.0,45.0
1660.0,189.5,2505.0,74.0,19.0
1660.0,189.55,2505.0,74.0,19.0
1660.0,189.6,2505.0,74.0,19.0
1660.0,189.65,2505.0,74.0,19.0
1660.0,189.7,2505.0,74.0,19.0
1660.0,189.75,2505.0,74.0,19.0
1660.0,189.8,2505.0,74.0,19.0
1660.0,189.85,2505.0,74.0,19.0
1660.0,189.9,2505.0,74.0,19.0
1660.0,189.95,2505.0,74.0,19.0
1660.0,190.0,2505.0,74.0,19.0
1660.0,190.05,2505.0,74.0,19.0
1660.0,190.1,2505.0,74.0,19.0
1660.0,190.15,2505.0,74.0,19.0
1660.0,190.2,2505.0,74.0,19.0
1660.0,190.25,2505.0,74.0,19.0
1660.0,190.3,2505.0,74.0,19.0
1660.0,190.35,2505.0,74.0,19.0
1660.0,190.4,2505.0,74.0,19.0
1660.0,190.45,2505.0,74.0,19.0
1660.0,190.5,2505.0,74.0,19.0
1660.0,190.55,2505.0,74.0,19.0
1660.0,190.6,2505.0,74.0,19.0
1660.0,190.65,2505.0,74.0,19.0
1660.0,190.7,2505.0,74.0,19.0
1660.0,190.75,2505.0,74.0,19.0
1660.0,190.8,2505.0,74.0,19.0
1660.0,190.85,2505.0,74.0,19.0
1660.0,190.9,2505.0,74.0,19.0
1660.0,190.95,2505.0,74.0,19.0
1660.0,191.0,2505.0,74.0,19.0
1660.0,191.05,2505.0,74.0,19.0
1660.0,191.1,2505.0,74.0,19.0
1660.0,191.15,2505.0,74.0,19.0
1660.0,191.2,2505.0,74.0,19.0
1660.0,191.25,2505.0,74.0,19.0
1660.0,191.3,2505.0,74.0,19.0
1660.0,191.35,2505.0,74.0,19.0
1660.0,191.4,2505.0,74.0,19.0
1660.0,191.45,2505.0,74.0,19.0
1660.0,191.5,2505.0,74.0,19.0
1660.0,191.55,2504.0,74.0,20.0
1660.0,191.6,2504.0,73.0,21.0
1660.0,191.65,2504.0,72.0,22.0
1660.0,191.7,2503.0,72.0,23.0
1660.0,191.75,2502.0,71.0,24.0
1660.0,191.8,2502.0,71.0,25.0
1660.0,191.85,2501.0,70.0,26.0
1660.0,191.9,2500.0,70.0,27.0
1660.0,191.95,2499.0,70.0,28.0
1660.0,192.0,2498.0,69.0,29.0
1660.0,192.05,2498.0,69.0,30.0
1660.0,192.1,2498.0,69.0,31.0
1660.0,192.15,2498.0,69.0,32.0
1660.0,192.2,2498.0,69.0,33.0
1660.0,192.25,2498.0,68.0,34.0
1660.0,192.3,2499.0,67.0,35.0
1660.0,192.35,2499.0,67.0,36.0
1660.0,192.4,2500.0,66.0,37.0
1660.0,192.45,2501.0,66.0,38.0
1660.0,192.5,2501.0,65.0,39.0
1660.0,192.55,2495.0,64.0,38.0
1660.0,192.6,2489.0,63.0,38.0
1660.0,192.65,2482.0,62.0,38.0
1660.0,192.7,2476.0,61.0,38.0
1660.0,192.75,2470.0,60.0,37.0
1660.0,192.8,2463.0,59.0,37.0
1660.0,192.85,2458.0,59.0,37.0
1660.0,192.9,2453.0,58.0,37.0
1660.0,192.95,2448.0,58.0,37.0
1660.0,193.0,2442.0,58.0,36.0
1660.0,193.05,2440.0,60.0,36.0
1660.0,193.1,2438.0,61.0,35.0
1660.0,193.15,2435.0,63.0,35.0
1660.0,193.2,2433.0,65.0,34.0
1660.0,193.25,2430.0,68.0,33.0
1660.0,193.3,2427.0,72.0,33.0
1660.0,193.35,2425.0,75.0,32.0
1660.0,193.4,2422.0,78.0,31.0
1660.0,193.45,2419.0,81.0,31.0
1660.0,193.5,2416.0,84.0,30.0
1660.0,193.55,2417.0,86.0,30.0
1660.0,193.6,2418.0,87.0,29.0
1660.0,193.65,2419.0,88.0,29.0
1660.0,193.7,2420.0,89.0,29.0
1660.0,193.75,2421.0,91.0,29.0
1660.0,193.8,2422.0,92.0,28.0
1660.0,193.85,2423.0,93.0,29.0
1660.0,193.9,2424.0,93.0,29.0
1660.0,193.95,2426.0,94.0,29.0
1660.0,194.0,2427.0,95.0,30.0
1660.0,194.05,2431.0,94.0,31.0
1660.0,194.1,2435.0,94.0,31.0
1660.0,194.15,2439.0,93.0,32.0
1660.0,194.2,2442.0,92.0,33.0
1660.0,194.25,2448.0,91.0,34.0
1660.0,194.3,2454.0,89.0,35.0
1660.0,194.35,2460.0,88.0,36.0
1660.0,194.4,2466.0,86.0,37.0
1660.0,194.45,2472.0,85.0,38.0
1660.0,194.5,2478.0,83.0,39.0
1660.0,194.55,2482.0,83.0,40.0
1660.0,194.6,2486.0,82.0,41.0
1660.0,194.65,2490.0,82.0,42.0
1660.0,194.7,2495.0,82.0,42.0
1660.0,194.75,2501.0,82.0,44.0
1660.0,194.8,2507.0,82.0,45.0
1660.0,194.85,2513.0,82.0,46.0
1660.0,194.9,2519.0,81.0,48.0
1660.0,194.95,2525.0,81.0,49.0
1660.0,195.0,2531.0,81.0,50.0
1660.0,195.05,2528.0,82.0,50.0
1660.0,195.1,2525.0,83.0,49.0
1660.0,195.15,2522.0,84.0,49.0
1660.0,195.2,2519.0,85.0,48.0
1660.0,195.25,2515.0,84.0,47.0
1660.0,195.3,2510.0,84.0,46.0
1660.0,195.35,2505.0,84.0,45.0
1660.0,195.4,2501.0,83.0,44.0
1660.0,195.45,2496.0,83.0,43.0
1660.0,195.5,2492.0,83.0,41.0
1660.0,195.55,2469.0,85.0,43.0
1660.0,195.6,2446.0,88.0,45.0
1660.0,195.65,2423.0,90.0,48.0
1660.0,195.7,2400.0,93.0,50.0
1660.0,195.75,2378.0,96.0,52.0
1660.0,195.8,2355.0,98.0,54.0
1660.0,195.85,2343.0,99.0,55.0
1660.0,195.9,2330.0,100.0,57.0
1660.0,195.95,2318.0,101.0,59.0
1660.0,196.0,2306.0,102.0,61.0
1660.0,196.05,2318.0,102.0,59.0
1660.0,196.1,2330.0,103.0,58.0
1660.0,196.15,2343.0,103.0,56.0
1660.0,196.2,2355.0,103.0,55.0
1660.0,196.25,2376.0,104.0,53.0
1660.0,196.3,2397.0,105.0,50.0
1660.0,196.35,2417.0,106.0,48.0
1660.0,196.4,2438.0,107.0,46.0
1660.0,196.45,2459.0,108.0,43.0
1660.0,196.5,2480.0,109.0,41.0
1660.0,196.55,2485.0,108.0,41.0
1660.0,196.6,2489.0,108.0,42.0
1660.0,196.65,2494.0,107.0,42.0
1660.0,196.7,2498.0,107.0,42.0
1660.0,196.75,2505.0,106.0,42.0
1660.0,196.8,2512.0,105.0,42.0
1660.0,196.85,2518.0,103.0,42.0
1660.0,196.9,2525.0,102.0,42.0
1660.0,196.95,2532.0,101.0,42.0
1660.0,197.0,2538.0,100.0,42.0
1660.0,197.05,2543.0,100.0,43.0
1660.0,197.1,2547.0,100.0,44.0
1660.0,197.15,2551.0,100.0,44.0
1660.0,197.2,2555.0,101.0,45.0
1660.0,197.25,2560.0,101.0,47.0
1660.0,197.3,2565.0,102.0,49.0
1660.0,197.35,2570.0,103.0,51.0
1660.0,197.4,2575.0,104.0,53.0
1660.0,197.45,2580.0,105.0,55.0
1660.0,197.5,2585.0,106.0,57.0
1660.0,197.55,2585.0,105.0,57.0
1660.0,197.6,2584.0,105.0,57.0
1660.0,197.65,2583.0,104.0,57.0
1660.0,197.7,2583.0,104.0,57.0
1660.0,197.75,2582.0,103.0,56.0
1660.0,197.8,2582.0,102.0,56.0
1660.0,197.85,2583.0,104.0,56.0
1660.0,197.9,2584.0,105.0,56.0
1660.0,197.95,2585.0,106.0,56.0
1660.0,198.0,2586.0,107.0,56.0
1660.0,198.05,2583.0,107.0,55.0
1660.0,198.1,2581.0,108.0,55.0
1660.0,198.15,2578.0,108.0,54.0
1660.0,198.2,2576.0,108.0,54.0
1660.0,198.25,2572.0,120.0,52.0
1660.0,198.3,2567.0,131.0,51.0
1660.0,198.35,2563.0,142.0,49.0
1660.0,198.4,2558.0,154.0,48.0
1660.0,198.45,2554.0,165.0,46.0
1660.0,198.5,2550.0,176.0,45.0
1660.0,198.55,2550.0,176.0,45.0
1660.0,198.6,2550.0,176.0,45.0
1660.0,198.65,2550.0,176.0,45.0
1660.0,198.7,2550.0,176.0,45.0
1660.0,198.75,2550.0,176.0,45.0
1660.0,198.8,2550.0,176.0,45.0
1660.0,198.85,2550.0,176.0,45.0
1660.0,198.9,2550.0,176.0,45.0
1660.0,198.95,2550.0,176.0,45.0
1660.0,199.0,2550.0,176.0,45.0
1660.0,199.05,2550.0,176.0,45.0
1660.0,199.1,2550.0,176.0,45.0
1660.0,199.15,2550.0,176.0,45.0
1660.0,199.2,2550.0,176.0,45.0
1660.0,199.25,2550.0,176.0,45.0
1660.0,199.3,2550.0,176.0,45.0
1660.0,199.35,2550.0,176.0,45.0
1660.0,199.4,2550.0,176.0,45.0
1660.0,199.45,2550.0,176.0,45.0
1660.0,199.5,2550.0,176.0,45.0
1660.0,199.55,2550.0,176.0,45.0
1660.0,199.6,2550.0,176.0,45.0
1660.0,199.65,2550.0,176.0,45.0
1660.0,199.7,2550.0,176.0,45.0
1660.0,199.75,2550.0,176.0,45.0
1660.0,199.8,2550.0,176.0,45.0
1660.0,199.85,2550.0,176.0,45.0
1660.0,199.9,2550.0,176.0,45.0
1660.0,199.95,2550.0,176.0,45.0
1660.0,200.0,2550.0,176.0,45.0
1660.0,200.05,2550.0,176.0,45.0
1660.0,200.1,2550.0,176.0,45.0
1660.0,200.15,2550.0,176.0,45.0
1660.0,200.2,2550.0,176.0,45.0
1660.0,200.25,2550.0,176.0,45.0
1660.0,200.3,2550.0,176.0,45.0
1660.0,200.35,2550.0,176.0,45.0
1660.0,200.4,2550.0,176.0,45.0
1660.0,200.45,2550.0,176.0,45.0
1660.0,200.5,2550.0,176.0,45.0
1670.0,189.5,2552.0,76.0,20.0
1670.0,189.55,2552.0,76.0,20.0
1670.0,189.6,2552.0,76.0,20.0
1670.0,189.65,2552.0,76.0,20.0
1670.0,189.7,2552.0,76.0,20.0
1670.0,189.75,2552.0,76.0,20.0
1670.0,189.8,2552.0,76.0,20.0
1670.0,189.85,2552.0,76.0,20.0
1670.0,189.9,2552.0,76.0,20.0
1670.0,189.95,2552.0,76.0,20.0
1670.0,190.0,2552.0,76.0,20.0
1670.0,190.05,2552.0,76.0,20.0
1670.0,190.1,2552.0,76.0,20.0
1670.0,190.15,2552.0,76.0,20.0
1670.0,190.2,2552.0,76.0,20.0
1670.0,190.25,2552.0,76.0,20.0
1670.0,190.3,2552.0,76.0,20.0
1670.0,190.35,2552.0,76.0,20.0
1670.0,190.4,2552.0,76.0,20.0
1670.0,190.45,2552.0,76.0,20.0
1670.0,190.5,2552.0,76.0,20.0
1670.0,190.55,2552.0,76.0,20.0
1670.0,190.6,2552.0,76.0,20.0
1670.0,190.65,2552.0,76.0,20.0
1670.0,190.7,2552.0,76.0,20.0
1670.0,190.75,2552.0,76.0,20.0
1670.0,190.8,2552.0,76.0,20.0
1670.0,190.85,2552.0,76.0,20.0
1670.0,190.9,2552.0,76.0,20.0
1670.0,190.95,2552.0,76.0,20.0
1670.0,191.0,2552.0,76.0,20.0
1670.0,191.05,2552.0,76.0,20.0
1670.0,191.1,2552.0,76.0,20.0
1670.0,191.15,2552.0,76.0,20.0
1670.0,191.2,2552.0,76.0,20.0
1670.0,191.25,2552.0,76.0,20.0
1670.0,191.3,2552.0,76.0,20.0
1670.0,191.35,2552.0,76.0,20.0
1670.0,191.4,2552.0,76.0,20.0
1670.0,191.45,2552.0,76.0,20.0
1670.0,191.5,2552.0,76.0,20.0
1670.0,191.55,2552.0,75.0,21.0
1670.0,191.6,2552.0,74.0,22.0
1670.0,191.65,2551.0,74.0,23.0
1670.0,191.7,2551.0,73.0,24.0
1670.0,191.75,2550.0,73.0,25.0
1670.0,191.8,2550.0,72.0,26.0
1670.0,191.85,2549.0,72.0,27.0
1670.0,191.9,2548.0,71.0,28.0
1670.0,191.95,2547.0,71.0,29.0
1670.0,192.0,2546.0,71.0,30.0
1670.0,192.05,2546.0,70.0,31.0
1670.0,192.1,2546.0,70.0,31.0
1670.0,192.15,2546.0,70.0,32.0
1670.0,192.2,2546.0,69.0,33.0
1670.0,192.25,2547.0,69.0,34.0
1670.0,192.3,2548.0,68.0,35.0
1670.0,192.35,2548.0,68.0,36.0
1670.0,192.4,2549.0,67.0,37.0
1670.0,192.45,2549.0,66.0,38.0
1670.0,192.5,2550.0,66.0,39.0
1670.0,192.55,2544.0,65.0,39.0
1670.0,192.6,2537.0,64.0,39.0
1670.0,192.65,2531.0,63.0,39.0
1670.0,192.7,2525.0,62.0,38.0
1670.0,192.75,2518.0,61.0,38.0
1670.0,192.8,2512.0,60.0,38.0
1670.0,192.85,2506.0,59.0,38.0
1670.0,192.9,2500.0,59.0,37.0
1670.0,192.95,2495.0,58.0,37.0
1670.0,193.0,2490.0,58.0,37.0
1670.0,193.05,2488.0,60.0,36.0
1670.0,193.1,2485.0,62.0,36.0
1670.0,193.15,2483.0,64.0,35.0
1670.0,193.2,2480.0,67.0,35.0
1670.0,193.25,2477.0,70.0,34.0
1670.0,193.3,2475.0,73.0,33.0
1670.0,193.35,2472.0,76.0,32.0
1670.0,193.4,2469.0,80.0,32.0
1670.0,193.45,2466.0,83.0,31.0
1670.0,193.5,2463.0,86.0,30.0
1670.0,193.55,2464.0,87.0,30.0
1670.0,193.6,2465.0,88.0,30.0
1670.0,193.65,2466.0,90.0,30.0
1670.0,193.7,2467.0,91.0,29.0
1670.0,193.75,2468.0,92.0,29.0
1670.0,193.8,2469.0,93.0,29.0
1670.0,193.85,2470.0,95.0,29.0
1670.0,193.9,2471.0,95.0,29.0
1670.0,193.95,2472.0,96.0,29.0
1670.0,194.0,2474.0,97.0,30.0
1670.0,194.05,2478.0,96.0,30.0
1670.0,194.1,2481.0,96.0,31.0
1670.0,194.15,2485.0,95.0,32.0
1670.0,194.2,2491.0,93.0,33.0
1670.0,194.25,2497.0,92.0,34.0
1670.0,194.3,2503.0,90.0,35.0
1670.0,194.35,2509.0,89.0,36.0
1670.0,194.4,2515.0,87.0,37.0
1670.0,194.45,2521.0,86.0,38.0
1670.0,194.5,2527.0,84.0,40.0
1670.0,194.55,2531.0,84.0,40.0
1670.0,194.6,2535.0,83.0,41.0
1670.0,194.65,2539.0,83.0,42.0
1670.0,194.7,2545.0,83.0,43.0
1670.0,194.75,2551.0,83.0,45.0
1670.0,194.8,2558.0,83.0,46.0
1670.0,194.85,2564.0,83.0,47.0
1670.0,194.9,2570.0,83.0,49.0
1670.0,194.95,2576.0,83.0,50.0
1670.0,195.0,2582.0,83.0,51.0
1670.0,195.05,2579.0,84.0,51.0
1670.0,195.1,2576.0,85.0,50.0
1670.0,195.15,2573.0,85.0,50.0
1670.0,195.2,2568.0,85.0,49.0
1670.0,195.25,2564.0,85.0,47.0
1670.0,195.3,2559.0,84.0,46.0
1670.0,195.35,2555.0,84.0,45.0
1670.0,195.4,2550.0,84.0,44.0
1670.0,195.45,2545.0,83.0,43.0
1670.0,195.5,2541.0,83.0,42.0
1670.0,195.55,2518.0,86.0,44.0
1670.0,195.6,2495.0,88.0,46.0
1670.0,195.65,2472.0,91.0,48.0
1670.0,195.7,2450.0,93.0,50.0
1670.0,195.75,2427.0,96.0,52.0
1670.0,195.8,2404.0,99.0,54.0
1670.0,195.85,2381.0,101.0,56.0
1670.0,195.9,2369.0,102.0,58.0
1670.0,195.95,2357.0,103.0,59.0
1670.0,196.0,2344.0,104.0,61.0
1670.0,196.05,2357.0,104.0,60.0
1670.0,196.1,2369.0,105.0,58.0
1670.0,196.15,2381.0,105.0,57.0
1670.0,196.2,2402.0,106.0,55.0
1670.0,196.25,2423.0,107.0,52.0
1670.0,196.3,2444.0,108.0,50.0
1670.0,196.35,2465.0,109.0,48.0
1670.0,196.4,2486.0,109.0,45.0
1670.0,196.45,2506.0,110.0,43.0
1670.0,196.5,2527.0,111.0,41.0
1670.0,196.55,2532.0,111.0,41.0
1670.0,196.6,2536.0,110.0,41.0
1670.0,196.65,2541.0,110.0,41.0
1670.0,196.7,2548.0,109.0,41.0
1670.0,196.75,2554.0,107.0,41.0
1670.0,196.8,2561.0,106.0,41.0
1670.0,196.85,2568.0,105.0,41.0
1670.0,196.9,2574.0,104.0,41.0
1670.0,196.95,2581.0,102.0,42.0
1670.0,197.0,2588.0,101.0,42.0
1670.0,197.05,2592.0,101.0,42.0
1670.0,197.1,2596.0,102.0,43.0
1670.0,197.15,2600.0,102.0,44.0
1670.0,197.2,2605.0,103.0,46.0
1670.0,197.25,2610.0,104.0,48.0
1670.0,197.3,2615.0,104.0,50.0
1670.0,197.35,2620.0,105.0,52.0
1670.0,197.4,2625.0,106.0,54.0
1670.0,197.45,2630.0,107.0,56.0
1670.0,197.5,2635.0,108.0,58.0
1670.0,197.55,2635.0,107.0,58.0
1670.0,197.6,2634.0,107.0,58.0
1670.0,197.65,2634.0,106.0,58.0
1670.0,197.7,2633.0,106.0,57.0
1670.0,197.75,2632.0,105.0,57.0
1670.0,197.8,2632.0,105.0,57.0
1670.0,197.85,2631.0,104.0,57.0
1670.0,197.9,2632.0,105.0,57.0
1670.0,197.95,2633.0,106.0,57.0
1670.0,198.0,2634.0,107.0,56.0
1670.0,198.05,2632.0,108.0,56.0
1670.0,198.1,2630.0,108.0,55.0
1670.0,198.15,2627.0,109.0,55.0
1670.0,198.2,2623.0,120.0,53.0
1670.0,198.25,2618.0,131.0,52.0
1670.0,198.3,2614.0,142.0,50.0
1670.0,198.35,2609.0,154.0,49.0
1670.0,198.4,2605.0,165.0,47.0
1670.0,198.45,2601.0,176.0,46.0
1670.0,198.5,2596.0,188.0,44.0
1670.0,198.55,2596.0,188.0,44.0
1670.0,198.6,2596.0,188.0,44.0
1670.0,198.65,2596.0,188.0,44.0
1670.0,198.7,2596.0,188.0,44.0
1670.0,198.75,2596.0,188.0,44.0
1670.0,198.8,2596.0,188.0,44.0
1670.0,198.85,2596.0,188.0,44.0
1670.0,198.9,2596.0,188.0,44.0
1670.0,198.95,2596.0,188.0,44.0
1670.0,199.0,2596.0,188.0,44.0
1670.0,199.05,2596.0,188.0,44.0
1670.0,199.1,2596.0,188.0,44.0
1670.0,199.15,2596.0,188.0,44.0
1670.0,199.2,2596.0,188.0,44.0
1670.0,199.25,2596.0,188.0,44.0
1670.0,199.3,2596.0,188.0,44.0
1670.0,199.35,2596.0,188.0,44.0
1670.0,199.4,2596.0,188.0,44.0
1670.0,199.45,2596.0,188.0,44.0
1670.0,199.5,2596.0,188.0,44.0
1670.0,199.55,2596.0,188.0,44.0
1670.0,199.6,2596.0,188.0,44.0
1670.0,199.65,2596.0,188.0,44.0
1670.0,199.7,2596.0,188.0,44.0
1670.0,199.75,2596.0,188.0,44.0
1670.0,199.8,2596.0,188.0,44.0
1670.0,199.85,2596.0,188.0,44.0
1670.0,199.9,2596.0,188.0,44.0
1670.0,199.95,2596.0,188.0,44.0
1670.0,200.0,2596.0,188.0,44.0
1670.0,200.05,2596.0,188.0,44.0
1670.0,200.1,2596.0,188.0,44.0
1670.0,200.15,2596.0,188.0,44.0
1670.0,200.2,2596.0,188.0,44.0
1670.0,200.25,2596.0,188.0,44.0
1670.0,200.3,2596.0,188.0,44.0
1670.0,200.35,2596.0,188.0,44.0
1670.0,200.4,2596.0,188.0,44.0
1670.0,200.45,2596.0,188.0,44.0
1670.0,200.5,2596.0,188.0,44.0
1680.0,189.5,2600.0,77.0,20.0
1680.0,189.55,2600.0,77.0,20.0
1680.0,189.6,2600.0,77.0,20.0
1680.0,189.65,2600.0,77.0,20.0
1680.0,189.7,2600.0,77.0,20.0
1680.0,189.75,2600.0,77.0,20.0
1680.0,189.8,2600.0,77.0,20.0
1680.0,189.85,2600.0,77.0,20.0
1680.0,189.9,2600.0,77.0,20.0
1680.0,189.95,2600.0,77.0,20.0
1680.0,190.0,2600.0,77.0,20.0
1680.0,190.05,2600.0,77.0,20.0
1680.0,190.1,2600.0,77.0,20.0
1680.0,190.15,2600.0,77.0,20.0
1680.0,190.2,2600.0,77.0,20.0
1680.0,190.25,2600.0,77.0,20.0
1680.0,190.3,2600.0,77.0,20.0
1680.0,190.35,2600.0,77.0,20.0
1680.0,190.4,2600.0,77.0,20.0
1680.0,190.45,2600.0,77.0,20.0
1680.0,190.5,2600.0,77.0,20.0
1680.0,190.55,2600.0,77.0,20.0
1680.0,190.6,2600.0,77.0,20.0
1680.0,190.65,2600.0,77.0,20.0
1680.0,190.7,2600.0,77.0,20.0
1680.0,190.75,2600.0,77.0,20.0
1680.0,190.8,2600.0,77.0,20.0
1680.0,190.85,2600.0,77.0,20.0
1680.0,190.9,2600.0,77.0,20.0
1680.0,190.95,2600.0,77.0,20.0
1680.0,191.0,2600.0,77.0,20.0
1680.0,191.05,2600.0,77.0,20.0
1680.0,191.1,2600.0,77.0,20.0
1680.0,191.15,2600.0,77.0,20.0
1680.0,191.2,2600.0,77.0,20.0
1680.0,191.25,2600.0,77.0,20.0
1680.0,191.3,2600.0,77.0,20.0
1680.0,191.35,2600.0,77.0,20.0
1680.0,191.4,2600.0,77.0,20.0
1680.0,191.45,2600.0,77.0,20.0
1680.0,191.5,2600.0,77.0,20.0
1680.0,191.55,2600.0,77.0,21.0
1680.0,191.6,2599.0,76.0,22.0
1680.0,191.65,2598.0,75.0,23.0
1680.0,191.7,2598.0,75.0,24.0
1680.0,191.75,2598.0,74.0,25.0
1680.0,191.8,2597.0,74.0,26.0
1680.0,191.85,2597.0,73.0,27.0
1680.0,191.9,2596.0,72.0,28.0
1680.0,191.95,2595.0,72.0,29.0
1680.0,192.0,2594.0,72.0,30.0
1680.0,192.05,2594.0,72.0,31.0
1680.0,192.1,2594.0,71.0,32.0
1680.0,192.15,2594.0,71.0,33.0
1680.0,192.2,2595.0,70.0,34.0
1680.0,192.25,2596.0,70.0,35.0
1680.0,192.3,2596.0,69.0,36.0
1680.0,192.35,2597.0,68.0,37.0
1680.0,192.4,2597.0,68.0,38.0
1680.0,192.45,2598.0,67.0,39.0
1680.0,192.5,2599.0,67.0,40.0
1680.0,192.55,2592.0,66.0,40.0
1680.0,192.6,2586.0,65.0,40.0
1680.0,192.65,2580.0,64.0,39.0
1680.0,192.7,2573.0,63.0,39.0
1680.0,192.75,2567.0,62.0,39.0
1680.0,192.8,2561.0,61.0,39.0
1680.0,192.85,2555.0,60.0,38.0
1680.0,192.9,2548.0,59.0,38.0
1680.0,192.95,2543.0,59.0,38.0
1680.0,193.0,2538.0,58.0,38.0
1680.0,193.05,2535.0,60.0,37.0
1680.0,193.1,2533.0,62.0,37.0
1680.0,193.15,2530.0,65.0,36.0
1680.0,193.2,2527.0,68.0,35.0
1680.0,193.25,2525.0,72.0,34.0
1680.0,193.3,2522.0,75.0,34.0
1680.0,193.35,2519.0,78.0,33.0
1680.0,193.4,2516.0,81.0,32.0
1680.0,193.45,2513.0,84.0,31.0
1680.0,193.5,2511.0,88.0,31.0
1680.0,193.55,2512.0,89.0,30.0
1680.0,193.6,2512.0,90.0,30.0
1680.0,193.65,2513.0,91.0,30.0
1680.0,193.7,2514.0,92.0,30.0
1680.0,193.75,2515.0,94.0,30.0
1680.0,193.8,2516.0,95.0,29.0
1680.0,193.85,2517.0,96.0,29.0
1680.0,193.9,2518.0,97.0,29.0
1680.0,193.95,2519.0,98.0,29.0
1680.0,194.0,2521.0,99.0,30.0
1680.0,194.05,2524.0,98.0,30.0
1680.0,194.1,2528.0,97.0,31.0
1680.0,194.15,2534.0,96.0,32.0
1680.0,194.2,2540.0,94.0,33.0
1680.0,194.25,2546.0,93.0,34.0
1680.0,194.3,2552.0,91.0,35.0
1680.0,194.35,2558.0,90.0,37.0
1680.0,194.4,2564.0,88.0,38.0
1680.0,194.45,2569.0,87.0,39.0
1680.0,194.5,2575.0,85.0,40.0
1680.0,194.55,2580.0,85.0,41.0
1680.0,194.6,2584.0,85.0,41.0
1680.0,194.65,2590.0,85.0,43.0
1680.0,194.7,2596.0,85.0,44.0
1680.0,194.75,2602.0,85.0,45.0
1680.0,194.8,2608.0,85.0,47.0
1680.0,194.85,2614.0,85.0,48.0
1680.0,194.9,2620.0,85.0,50.0
1680.0,194.95,2626.0,85.0,51.0
1680.0,195.0,2633.0,85.0,52.0
1680.0,195.05,2630.0,85.0,52.0
1680.0,195.1,2627.0,86.0,51.0
1680.0,195.15,2622.0,86.0,50.0
1680.0,195.2,2617.0,85.0,49.0
1680.0,195.25,2613.0,85.0,48.0
1680.0,195.3,2608.0,85.0,47.0
1680.0,195.35,2604.0,84.0,45.0
1680.0,195.4,2599.0,84.0,44.0
1680.0,195.45,2594.0,84.0,43.0
1680.0,195.5,2590.0,83.0,42.0
1680.0,195.55,2567.0,86.0,44.0
1680.0,195.6,2544.0,89.0,46.0
1680.0,195.65,2521.0,91.0,48.0
1680.0,195.7,2499.0,94.0,50.0
1680.0,195.75,2476.0,96.0,52.0
1680.0,195.8,2453.0,99.0,54.0
1680.0,195.85,2430.0,101.0,56.0
1680.0,195.9,2407.0,104.0,58.0
1680.0,195.95,2395.0,105.0,60.0
1680.0,196.0,2383.0,106.0,62.0
1680.0,196.05,2395.0,106.0,60.0
1680.0,196.1,2407.0,107.0,59.0
1680.0,196.15,2428.0,108.0,57.0
1680.0,196.2,2449.0,108.0,54.0
1680.0,196.25,2470.0,109.0,52.0
1680.0,196.3,2491.0,110.0,50.0
1680.0,196.35,2512.0,111.0,47.0
1680.0,196.4,2533.0,112.0,45.0
1680.0,196.45,2554.0,113.0,42.0
1680.0,196.5,2575.0,114.0,40.0
1680.0,196.55,2579.0,113.0,40.0
1680.0,196.6,2584.0,113.0,41.0
1680.0,196.65,2590.0,112.0,41.0
1680.0,196.7,2597.0,110.0,41.0
1680.0,196.75,2604.0,109.0,41.0
1680.0,196.8,2610.0,108.0,41.0
1680.0,196.85,2617.0,107.0,41.0
1680.0,196.9,2624.0,105.0,41.0
1680.0,196.95,2630.0,104.0,41.0
1680.0,197.0,2637.0,103.0,41.0
1680.0,197.05,2641.0,103.0,41.0
1680.0,197.1,2646.0,103.0,42.0
1680.0,197.15,2651.0,104.0,44.0
1680.0,197.2,2656.0,105.0,46.0
1680.0,197.25,2661.0,106.0,48.0
1680.0,197.3,2666.0,107.0,51.0
1680.0,197.35,2671.0,108.0,53.0
1680.0,197.4,2676.0,108.0,55.0
1680.0,197.45,2681.0,109.0,57.0
1680.0,197.5,2686.0,110.0,59.0
1680.0,197.55,2685.0,110.0,59.0
1680.0,197.6,2684.0,109.0,58.0
1680.0,197.65,2684.0,108.0,58.0
1680.0,197.7,2683.0,108.0,58.0
1680.0,197.75,2683.0,107.0,58.0
1680.0,197.8,2682.0,107.0,58.0
1680.0,197.85,2681.0,106.0,57.0
1680.0,197.9,2681.0,106.0,57.0
1680.0,197.95,2682.0,107.0,57.0
1680.0,198.0,2683.0,108.0,57.0
1680.0,198.05,2680.0,108.0,56.0
1680.0,198.1,2678.0,109.0,56.0
1680.0,198.15,2674.0,120.0,54.0
1680.0,198.2,2669.0,131.0,53.0
1680.0,198.25,2665.0,143.0,51.0
1680.0,198.3,2660.0,154.0,50.0
1680.0,198.35,2656.0,165.0,49.0
1680.0,198.4,2652.0,177.0,47.0
1680.0,198.45,2647.0,188.0,46.0
1680.0,198.5,2643.0,199.0,44.0
1680.0,198.55,2643.0,199.0,44.0
1680.0,198.6,2643.0,199.0,44.0
1680.0,198.65,2643.0,199.0,44.0
1680.0,198.7,2643.0,199.0,44.0
1680.0,198.75,2643.0,199.0,44.0
1680.0,198.8,2643.0,199.0,44.0
1680.0,198.85,2643.0,199.0,44.0
1680.0,198.9,2643.0,199.0,44.0
1680.0,198.95,2643.0,199.0,44.0
1680.0,199.0,2643.0,199.0,44.0
1680.0,199.05,2643.0,199.0,44.0
1680.0,199.1,2643.0,199.0,44.0
1680.0,199.15,2643.0,199.0,44.0
1680.0,199.2,2643.0,199.0,44.0
1680.0,199.25,2643.0,199.0,44.0
1680.0,199.3,2643.0,199.0,44.0
1680.0,199.35,2643.0,199.0,44.0
1680.0,199.4,2643.0,199.0,44.0
1680.0,199.45,2643.0,199.0,44.0
1680.0,199.5,2643.0,199.0,44.0
1680.0,199.55,2643.0,199.0,44.0
1680.0,199.6,2643.0,199.0,44.0
1680.0,199.65,2643.0,199.0,44.0
1680.0,199.7,2643.0,199.0,44.0
1680.0,199.75,2643.0,199.0,44.0
1680.0,199.8,2643.0,199.0,44.0
1680.0,199.85,2643.0,199.0,44.0
1680.0,199.9,2643.0,199.0,44.0
1680.0,199.95,2643.0,199.0,44.0
1680.0,200.0,2643.0,199.0,44.0
1680.0,200.05,2643.0,199.0,44.0
1680.0,200.1,2643.0,199.0,44.0
1680.0,200.15,2643.0,199.0,44.0
1680.0,200.2,2643.0,199.0,44.0
1680.0,200.25,2643.0,199.0,44.0
1680.0,200.3,2643.0,199.0,44.0
1680.0,200.35,2643.0,199.0,44.0
1680.0,200.4,2643.0,199.0,44.0
1680.0,200.45,2643.0,199.0,44.0
1680.0,200.5,2643.0,199.0,44.0
1690.0,189.5,2648.0,79.0,21.0
1690.0,189.55,2648.0,79.0,21.0
1690.0,189.6,2648.0,79.0,21.0
1690.0,189.65,2648.0,79.0,21.0
1690.0,189.7,2648.0,79.0,21.0
1690.0,189.75,2648.0,79.0,21.0
1690.0,189.8,2648.0,79.0,21.0
1690.0,189.85,2648.0,79.0,21.0
1690.0,189.9,2648.0,79.0,21.0
1690.0,189.95,2648.0,79.0,21.0
1690.0,190.0,2648.0,79.0,21.0
1690.0,190.05,2648.0,79.0,21.0
1690.0,190.1,2648.0,79.0,21.0
1690.0,190.15,2648.0,79.0,21.0
1690.0,190.2,2648.0,79.0,21.0
1690.0,190.25,2648.0,79.0,21.0
1690.0,190.3,2648.0,79.0,21.0
1690.0,190.35,2648.0,79.0,21.0
1690.0,190.4,2648.0,79.0,21.0
1690.0,190.45,2648.0,79.0,21.0
1690.0,190.5,2648.0,79.0,21.0
1690.0,190.55,2648.0,79.0,21.0
1690.0,190.6,2648.0,79.0,21.0
1690.0,190.65,2648.0,79.0,21.0
1690.0,190.7,2648.0,79.0,21.0
1690.0,190.75,2648.0,79.0,21.0
1690.0,190.8,2648.0,79.0,21.0
1690.0,190.85,2648.0,79.0,21.0
1690.0,190.9,2648.0,79.0,21.0
1690.0,190.95,2648.0,79.0,21.0
1690.0,191.0,2648.0,79.0,21.0
1690.0,191.05,2648.0,79.0,21.0
1690.0,191.1,2648.0,79.0,21.0
1690.0,191.15,2648.0,79.0,21.0
1690.0,191.2,2648.0,79.0,21.0
1690.0,191.25,2648.0,79.0,21.0
1690.0,191.3,2648.0,79.0,21.0
1690.0,191.35,2648.0,79.0,21.0
1690.0,191.4,2648.0,79.0,21.0
1690.0,191.45,2648.0,79.0,21.0
1690.0,191.5,2648.0,79.0,21.0
1690.0,191.55,2647.0,78.0,22.0
1690.0,191.6,2646.0,77.0,23.0
1690.0,191.65,2646.0,77.0,24.0
1690.0,191.7,2646.0,76.0,25.0
1690.0,191.75,2645.0,76.0,26.0
1690.0,191.8,2644.0,75.0,27.0
1690.0,191.85,2644.0,74.0,28.0
1690.0,191.9,2644.0,74.0,29.0
1690.0,191.95,2643.0,73.0,30.0
1690.0,192.0,2642.0,73.0,31.0
1690.0,192.05,2642.0,73.0,32.0
1690.0,192.1,2642.0,72.0,33.0
1690.0,192.15,2643.0,72.0,34.0
1690.0,192.2,2644.0,71.0,35.0
1690.0,192.25,2644.0,70.0,36.0
1690.0,192.3,2645.0,70.0,37.0
1690.0,192.35,2646.0,69.0,38.0
1690.0,192.4,2646.0,69.0,39.0
1690.0,192.45,2647.0,68.0,40.0
1690.0,192.5,2647.0,67.0,41.0
1690.0,192.55,2641.0,66.0,41.0
1690.0,192.6,2635.0,65.0,40.0
1690.0,192.65,2628.0,65.0,40.0
1690.0,192.7,2622.0,64.0,40.0
1690.0,192.75,2616.0,63.0,40.0
1690.0,192.8,2609.0,62.0,39.0
1690.0,192.85,2603.0,61.0,39.0
1690.0,192.9,2597.0,60.0,39.0
1690.0,192.95,2591.0,59.0,39.0
1690.0,193.0,2585.0,58.0,38.0
1690.0,193.05,2583.0,60.0,38.0
1690.0,193.1,2580.0,63.0,37.0
1690.0,193.15,2577.0,67.0,36.0
1690.0,193.2,2575.0,70.0,36.0
1690.0,193.25,2572.0,73.0,35.0
1690.0,193.3,2569.0,76.0,34.0
1690.0,193.35,2566.0,79.0,33.0
1690.0,193.4,2563.0,83.0,33.0
1690.0,193.45,2561.0,86.0,32.0
1690.0,193.5,2558.0,89.0,31.0
1690.0,193.55,2559.0,90.0,31.0
1690.0,193.6,2560.0,92.0,31.0
1690.0,193.65,2560.0,93.0,30.0
1690.0,193.7,2561.0,94.0,30.0
1690.0,193.75,2562.0,95.0,30.0
1690.0,193.8,2563.0,96.0,30.0
1690.0,193.85,2564.0,98.0,30.0
1690.0,193.9,2565.0,99.0,29.0
1690.0,193.95,2566.0,100.0,29.0
1690.0,194.0,2567.0,101.0,29.0
1690.0,194.05,2571.0,100.0,30.0
1690.0,194.1,2577.0,99.0,31.0
1690.0,194.15,2583.0,97.0,32.0
1690.0,194.2,2589.0,96.0,34.0
1690.0,194.25,2595.0,94.0,35.0
1690.0,194.3,2601.0,93.0,36.0
1690.0,194.35,2606.0,91.0,37.0
1690.0,194.4,2612.0,90.0,38.0
1690.0,194.45,2618.0,88.0,39.0
1690.0,194.5,2624.0,87.0,40.0
1690.0,194.55,2628.0,86.0,41.0
1690.0,194.6,2634.0,86.0,42.0
1690.0,194.65,2641.0,86.0,44.0
1690.0,194.7,2647.0,86.0,45.0
1690.0,194.75,2653.0,86.0,46.0
1690.0,194.8,2659.0,86.0,48.0
1690.0,194.85,2665.0,86.0,49.0
1690.0,194.9,2671.0,86.0,50.0
1690.0,194.95,2677.0,86.0,52.0
1690.0,195.0,2683.0,86.0,53.0
1690.0,195.05,2680.0,87.0,53.0
1690.0,195.1,2676.0,87.0,51.0
1690.0,195.15,2671.0,86.0,50.0
1690.0,195.2,2667.0,86.0,49.0
1690.0,195.25,2662.0,85.0,48.0
1690.0,195.3,2657.0,85.0,47.0
1690.0,195.35,2653.0,85.0,46.0
1690.0,195.4,2648.0,84.0,44.0
1690.0,195.45,2644.0,84.0,43.0
1690.0,195.5,2639.0,84.0,42.0
1690.0,195.55,2616.0,86.0,44.0
1690.0,195.6,2593.0,89.0,46.0
1690.0,195.65,2570.0,92.0,48.0
1690.0,195.7,2548.0,94.0,50.0
1690.0,195.75,2525.0,97.0,52.0
1690.0,195.8,2502.0,99.0,55.0
1690.0,195.85,2479.0,102.0,57.0
1690.0,195.9,2456.0,104.0,59.0
1690.0,195.95,2434.0,107.0,61.0
1690.0,196.0,2422.0,108.0,62.0
1690.0,196.05,2434.0,108.0,61.0
1690.0,196.1,2455.0,109.0,59.0
1690.0,196.15,2476.0,110.0,56.0
1690.0,196.2,2496.0,111.0,54.0
1690.0,196.25,2517.0,112.0,52.0
1690.0,196.3,2538.0,113.0,49.0
1690.0,196.35,2559.0,114.0,47.0
1690.0,196.4,2580.0,114.0,44.0
1690.0,196.45,2601.0,115.0,42.0
1690.0,196.5,2622.0,116.0,40.0
1690.0,196.55,2626.0,116.0,40.0
1690.0,196.6,2633.0,114.0,40.0
1690.0,196.65,2640.0,113.0,40.0
1690.0,196.7,2646.0,112.0,40.0
1690.0,196.75,2653.0,111.0,40.0
1690.0,196.8,2660.0,109.0,40.0
1690.0,196.85,2666.0,108.0,40.0
1690.0,196.9,2673.0,107.0,40.0
1690.0,196.95,2680.0,106.0,40.0
1690.0,197.0,2687.0,104.0,40.0
1690.0,197.05,2691.0,105.0,41.0
1690.0,197.1,2696.0,106.0,43.0
1690.0,197.15,2701.0,106.0,45.0
1690.0,197.2,2706.0,107.0,47.0
1690.0,197.25,2711.0,108.0,49.0
1690.0,197.3,2716.0,109.0,51.0
1690.0,197.35,2721.0,110.0,53.0
1690.0,197.4,2726.0,111.0,55.0
1690.0,197.45,2731.0,111.0,58.0
1690.0,197.5,2736.0,112.0,60.0
1690.0,197.55,2735.0,112.0,59.0
1690.0,197.6,2735.0,111.0,59.0
1690.0,197.65,2734.0,111.0,59.0
1690.0,197.7,2733.0,110.0,59.0
1690.0,197.75,2733.0,110.0,59.0
1690.0,197.8,2732.0,109.0,58.0
1690.0,197.85,2732.0,109.0,58.0
1690.0,197.9,2731.0,108.0,58.0
1690.0,197.95,2730.0,108.0,58.0
1690.0,198.0,2732.0,109.0,58.0
1690.0,198.05,2729.0,109.0,57.0
1690.0,198.1,2725.0,120.0,56.0
1690.0,198.15,2720.0,132.0,54.0
1690.0,198.2,2716.0,143.0,53.0
1690.0,198.25,2711.0,154.0,51.0
1690.0,198.3,2707.0,166.0,50.0
1690.0,198.35,2703.0,177.0,48.0
1690.0,198.4,2698.0,188.0,47.0
1690.0,198.45,2694.0,200.0,45.0
1690.0,198.5,2689.0,211.0,44.0
1690.0,198.55,2689.0,211.0,44.0
1690.0,198.6,2689.0,211.0,44.0
1690.0,198.65,2689.0,211.0,44.0
1690.0,198.7,2689.0,211.0,44.0
1690.0,198.75,2689.0,211.0,44.0
1690.0,198.8,2689.0,211.0,44.0
1690.0,198.85,2689.0,211.0,44.0
1690.0,198.9,2689.0,211.0,44.0
1690.0,198.95,2689.0,211.0,44.0
1690.0,199.0,2689.0,211.0,44.0
1690.0,199.05,2689.0,211.0,44.0
1690.0,199.1,2689.0,211.0,44.0
1690.0,199.15,2689.0,211.0,44.0
1690.0,199.2,2689.0,211.0,44.0
1690.0,199.25,2689.0,211.0,44.0
1690.0,199.3,2689.0,211.0,44.0
1690.0,199.35,2689.0,211.0,44.0
1690.0,199.4,2689.0,211.0,44.0
1690.0,199.45,2689.0,211.0,44.0
1690.0,199.5,2689.0,211.0,44.0
1690.0,199.55,2689.0,211.0,44.0
1690.0,199.6,2689.0,211.0,44.0
1690.0,199.65,2689.0,211.0,44.0
1690.0,199.7,2689.0,211.0,44.0
1690.0,199.75,2689.0,211.0,44.0
1690.0,199.8,2689.0,211.0,44.0
1690.0,199.85,2689.0,211.0,44.0
1690.0,199.9,2689.0,211.0,44.0
1690.0,199.95,2689.0,211.0,44.0
1690.0,200.0,2689.0,211.0,44.0
1690.0,200.05,2689.0,211.0,44.0
1690.0,200.1,2689.0,211.0,44.0
1690.0,200.15,2689.0,211.0,44.0
1690.0,200.2,2689.0,211.0,44.0
1690.0,200.25,2689.0,211.0,44.0
1690.0,200.3,2689.0,211.0,44.0
1690.0,200.35,2689.0,211.0,44.0
1690.0,200.4,2689.0,211.0,44.0
1690.0,200.45,2689.0,211.0,44.0
1690.0,200.5,2689.0,211.0,44.0
1700.0,189.5,2695.0,80.0,21.0
1700.0,189.55,2695.0,80.0,21.0
1700.0,189.6,2695.0,80.0,21.0
1700.0,189.65,2695.0,80.0,21.0
1700.0,189.7,2695.0,80.0,21.0
1700.0,189.75,2695.0,80.0,21.0
1700.0,189.8,2695.0,80.0,21.0
1700.0,189.85,2695.0,80.0,21.0
1700.0,189.9,2695.0,80.0,21.0
1700.0,189.95,2695.0,80.0,21.0
1700.0,190.0,2695.0,80.0,21.0
1700.0,190.05,2695.0,80.0,21.0
1700.0,190.1,2695.0,80.0,21.0
1700.0,190.15,2695.0,80.0,21.0
1700.0,190.2,2695.0,80.0,21.0
1700.0,190.25,2695.0,80.0,21.0
1700.0,190.3,2695.0,80.0,21.0
1700.0,190.35,2695.0,80.0,21.0
1700.0,190.4,2695.0,80.0,21.0
1700.0,190.45,2695.0,80.0,21.0
1700.0,190.5,2695.0,80.0,21.0
1700.0,190.55,2695.0,80.0,21.0
1700.0,190.6,2695.0,80.0,21.0
1700.0,190.65,2695.0,80.0,21.0
1700.0,190.7,2695.0,80.0,21.0
1700.0,190.75,2695.0,80.0,21.0
1700.0,190.8,2695.0,80.0,21.0
1700.0,190.85,2695.0,80.0,21.0
1700.0,190.9,2695.0,80.0,21.0
1700.0,190.95,2695.0,80.0,21.0
1700.0,191.0,2695.0,80.0,21.0
1700.0,191.05,2695.0,80.0,21.0
1700.0,191.1,2695.0,80.0,21.0
1700.0,191.15,2695.0,80.0,21.0
1700.0,191.2,2695.0,80.0,21.0
1700.0,191.25,2695.0,80.0,21.0
1700.0,191.3,2695.0,80.0,21.0
1700.0,191.35,2695.0,80.0,21.0
1700.0,191.4,2695.0,80.0,21.0
1700.0,191.45,2695.0,80.0,21.0
1700.0,191.5,2695.0,80.0,21.0
1700.0,191.55,2694.0,79.0,22.0
1700.0,191.6,2694.0,79.0,23.0
1700.0,191.65,2694.0,78.0,24.0
1700.0,191.7,2693.0,78.0,25.0
1700.0,191.75,2692.0,77.0,26.0
1700.0,191.8,2692.0,77.0,27.0
1700.0,191.85,2692.0,76.0,28.0
1700.0,191.9,2691.0,75.0,29.0
1700.0,191.95,2691.0,75.0,30.0
1700.0,192.0,2690.0,74.0,31.0
1700.0,192.05,2691.0,74.0,32.0
1700.0,192.1,2691.0,73.0,34.0
1700.0,192.15,2692.0,72.0,35.0
1700.0,192.2,2692.0,72.0,36.0
1700.0,192.25,2693.0,71.0,37.0
1700.0,192.3,2694.0,71.0,38.0
1700.0,192.35,2694.0,70.0,39.0
1700.0,192.4,2695.0,69.0,40.0
1700.0,192.45,2695.0,69.0,41.0
1700.0,192.5,2696.0,68.0,42.0
1700.0,192.55,2690.0,67.0,41.0
1700.0,192.6,2683.0,66.0,41.0
1700.0,192.65,2677.0,65.0,41.0
1700.0,192.7,2671.0,64.0,41.0
1700.0,192.75,2664.0,63.0,40.0
1700.0,192.8,2658.0,62.0,40.0
1700.0,192.85,2652.0,61.0,40.0
1700.0,192.9,2646.0,61.0,40.0
1700.0,192.95,2639.0,60.0,39.0
1700.0,193.0,2633.0,59.0,39.0
1700.0,193.05,2630.0,62.0,38.0
1700.0,193.1,2627.0,65.0,38.0
1700.0,193.15,2625.0,68.0,37.0
1700.0,193.2,2622.0,71.0,36.0
1700.0,193.25,2619.0,75.0,35.0
1700.0,193.3,2616.0,78.0,35.0
1700.0,193.35,2613.0,81.0,34.0
1700.0,193.4,2611.0,84.0,33.0
1700.0,193.45,2608.0,87.0,32.0
1700.0,193.5,2605.0,91.0,32.0
1700.0,193.55,2606.0,92.0,31.0
1700.0,193.6,2607.0,93.0,31.0
1700.0,193.65,2608.0,94.0,31.0
1700.0,193.7,2609.0,96.0,31.0
1700.0,193.75,2610.0,97.0,30.0
1700.0,193.8,2610.0,98.0,30.0
1700.0,193.85,2611.0,99.0,30.0
1700.0,193.9,2612.0,100.0,30.0
1700.0,193.95,2613.0,102.0,30.0
1700.0,194.0,2614.0,103.0,29.0
1700.0,194.05,2620.0,101.0,30.0
1700.0,194.1,2626.0,100.0,32.0
1700.0,194.15,2632.0,98.0,33.0
1700.0,194.2,2638.0,97.0,34.0
1700.0,194.25,2644.0,95.0,35.0
1700.0,194.3,2649.0,94.0,36.0
1700.0,194.35,2655.0,92.0,37.0
1700.0,194.4,2661.0,91.0,38.0
1700.0,194.45,2667.0,89.0,39.0
1700.0,194.5,2673.0,88.0,41.0
1700.0,194.55,2679.0,88.0,42.0
1700.0,194.6,2685.0,88.0,43.0
1700.0,194.65,2691.0,88.0,45.0
1700.0,194.7,2697.0,88.0,46.0
1700.0,194.75,2704.0,88.0,47.0
1700.0,194.8,2710.0,88.0,49.0
1700.0,194.85,2716.0,88.0,50.0
1700.0,194.9,2722.0,88.0,51.0
1700.0,194.95,2728.0,88.0,53.0
1700.0,195.0,2734.0,88.0,54.0
1700.0,195.05,2729.0,87.0,53.0
1700.0,195.1,2725.0,87.0,52.0
1700.0,195.15,2720.0,87.0,51.0
1700.0,195.2,2716.0,86.0,49.0
1700.0,195.25,2711.0,86.0,48.0
1700.0,195.3,2706.0,86.0,47.0
1700.0,195.35,2702.0,85.0,46.0
1700.0,195.4,2697.0,85.0,45.0
1700.0,195.45,2693.0,84.0,44.0
1700.0,195.5,2688.0,84.0,42.0
1700.0,195.55,2665.0,87.0,44.0
1700.0,195.6,2642.0,89.0,47.0
1700.0,195.65,2620.0,92.0,49.0
1700.0,195.7,2597.0,94.0,51.0
1700.0,195.75,2574.0,97.0,53.0
1700.0,195.8,2551.0,100.0,55.0
1700.0,195.85,2528.0,102.0,57.0
1700.0,195.9,2506.0,105.0,59.0
1700.0,195.95,2483.0,107.0,61.0
1700.0,196.0,2460.0,110.0,63.0
1700.0,196.05,2481.0,111.0,61.0
1700.0,196.1,2502.0,112.0,58.0
1700.0,196.15,2523.0,113.0,56.0
1700.0,196.2,2544.0,113.0,54.0
1700.0,196.25,2564.0,114.0,51.0
1700.0,196.3,2585.0,115.0,49.0
1700.0,196.35,2606.0,116.0,46.0
1700.0,196.4,2627.0,117.0,44.0
1700.0,196.45,2648.0,118.0,42.0
1700.0,196.5,2669.0,119.0,39.0
1700.0,196.55,2676.0,117.0,39.0
1700.0,196.6,2682.0,116.0,39.0
1700.0,196.65,2689.0,115.0,39.0
1700.0,196.7,2696.0,114.0,39.0
1700.0,196.75,2702.0,112.0,39.0
1700.0,196.8,2709.0,111.0,39.0
1700.0,196.85,2716.0,110.0,39.0
1700.0,196.9,2723.0,109.0,39.0
1700.0,196.95,2729.0,107.0,39.0
1700.0,197.0,2736.0,106.0,39.0
1700.0,197.05,2741.0,107.0,41.0
1700.0,197.1,2746.0,108.0,44.0
1700.0,197.15,2751.0,109.0,46.0
1700.0,197.2,2756.0,109.0,48.0
1700.0,197.25,2761.0,110.0,50.0
1700.0,197.3,2766.0,111.0,52.0
1700.0,197.35,2771.0,112.0,54.0
1700.0,197.4,2776.0,113.0,56.0
1700.0,197.45,2781.0,114.0,58.0
1700.0,197.5,2786.0,115.0,60.0
1700.0,197.55,2785.0,114.0,60.0
1700.0,197.6,2785.0,113.0,60.0
1700.0,197.65,2784.0,113.0,60.0
1700.0,197.7,2784.0,112.0,59.0
1700.0,197.75,2783.0,112.0,59.0
1700.0,197.8,2782.0,111.0,59.0
1700.0,197.85,2782.0,111.0,59.0
1700.0,197.9,2781.0,110.0,59.0
1700.0,197.95,2781.0,110.0,58.0
1700.0,198.0,2780.0,109.0,58.0
1700.0,198.05,2776.0,121.0,57.0
1700.0,198.1,2771.0,132.0,55.0
1700.0,198.15,2767.0,143.0,54.0
1700.0,198.2,2762.0,155.0,52.0
1700.0,198.25,2758.0,166.0,51.0
1700.0,198.3,2754.0,177.0,49.0
1700.0,198.35,2749.0,189.0,48.0
1700.0,198.4,2745.0,200.0,46.0
1700.0,198.45,2740.0,211.0,45.0
1700.0,198.5,2736.0,222.0,43.0
1700.0,198.55,2736.0,222.0,43.0
1700.0,198.6,2736.0,222.0,43.0
1700.0,198.65,2736.0,222.0,43.0
1700.0,198.7,2736.0,222.0,43.0
1700.0,198.75,2736.0,222.0,43.0
1700.0,198.8,2736.0,222.0,43.0
1700.0,198.85,2736.0,222.0,43.0
1700.0,198.9,2736.0,222.0,43.0
1700.0,198.95,2736.0,222.0,43.0
1700.0,199.0,2736.0,222.0,43.0
1700.0,199.05,2736.0,222.0,43.0
1700.0,199.1,2736.0,222.0,43.0
1700.0,199.15,2736.0,222.0,43.0
1700.0,199.2,2736.0,222.0,43.0
1700.0,199.25,2736.0,222.0,43.0
1700.0,199.3,2736.0,222.0,43.0
1700.0,199.35,2736.0,222.0,43.0
1700.0,199.4,2736.0,222.0,43.0
1700.0,199.45,2736.0,222.0,43.0
1700.0,199.5,2736.0,222.0,43.0
1700.0,199.55,2736.0,222.0,43.0
1700.0,199.6,2736.0,222.0,43.0
1700.0,199.65,2736.0,222.0,43.0
1700.0,199.7,2736.0,222.0,43.0
1700.0,199.75,2736.0,222.0,43.0
1700.0,199.8,2736.0,222.0,43.0
1700.0,199.85,2736.0,222.0,43.0
1700.0,199.9,2736.0,222.0,43.0
1700.0,199.95,2736.0,222.0,43.0
1700.0,200.0,2736.0,222.0,43.0
1700.0,200.05,2736.0,222.0,43.0
1700.0,200.1,2736.0,222.0,43.0
1700.0,200.15,2736.0,222.0,43.0
1700.0,200.2,2736.0,222.0,43.0
1700.0,200.25,2736.0,222.0,43.0
1700.0,200.3,2736.0,222.0,43.0
1700.0,200.35,2736.0,222.0,43.0
1700.0,200.4,2736.0,222.0,43.0
1700.0,200.45,2736.0,222.0,43.0
1700.0,200.5,2736.0,222.0,43.0
1710.0,189.5,2753.0,81.0,21.0
1710.0,189.55,2753.0,81.0,21.0
1710.0,189.6,2753.0,81.0,21.0
1710.0,189.65,2753.0,81.0,21.0
1710.0,189.7,2753.0,81.0,21.0
1710.0,189.75,2753.0,81.0,21.0
1710.0,189.8,2753.0,81.0,21.0
1710.0,189.85,2753.0,81.0,21.0
1710.0,189.9,2753.0,81.0,21.0
1710.0,189.95,2753.0,81.0,21.0
1710.0,190.0,2753.0,81.0,21.0
1710.0,190.05,2753.0,81.0,21.0
1710.0,190.1,2753.0,81.0,21.0
1710.0,190.15,2753.0,81.0,21.0
1710.0,190.2,2753.0,81.0,21.0
1710.0,190.25,2753.0,81.0,21.0
1710.0,190.3,2753.0,81.0,21.0
1710.0,190.35,2753.0,81.0,21.0
1710.0,190.4,2753.0,81.0,21.0
1710.0,190.45,2753.0,81.0,21.0
1710.0,190.5,2753.0,81.0,21.0
1710.0,190.55,2753.0,81.0,21.0
1710.0,190.6,2753.0,81.0,21.0
1710.0,190.65,2753.0,81.0,21.0
1710.0,190.7,2753.0,81.0,21.0
1710.0,190.75,2753.0,81.0,21.0
1710.0,190.8,2753.0,81.0,21.0
1710.0,190.85,2753.0,81.0,21.0
1710.0,190.9,2753.0,81.0,21.0
1710.0,190.95,2753.0,81.0,21.0
1710.0,191.0,2753.0,81.0,21.0
1710.0,191.05,2753.0,81.0,21.0
1710.0,191.1,2753.0,81.0,21.0
1710.0,191.15,2753.0,81.0,21.0
1710.0,191.2,2753.0,81.0,21.0
1710.0,191.25,2753.0,81.0,21.0
1710.0,191.3,2753.0,81.0,21.0
1710.0,191.35,2753.0,81.0,21.0
1710.0,191.4,2753.0,81.0,21.0
1710.0,191.45,2753.0,81.0,21.0
1710.0,191.5,2753.0,81.0,21.0
1710.0,191.55,2752.0,80.0,22.0
1710.0,191.6,2752.0,80.0,23.0
1710.0,191.65,2752.0,79.0,25.0
1710.0,191.7,2751.0,79.0,26.0
1710.0,191.75,2750.0,78.0,27.0
1710.0,191.8,2750.0,78.0,28.0
1710.0,191.85,2750.0,77.0,29.0
1710.0,191.9,2749.0,76.0,30.0
1710.0,191.95,2748.0,76.0,31.0
1710.0,192.0,2747.0,76.0,32.0
1710.0,192.05,2749.0,75.0,33.0
1710.0,192.1,2750.0,74.0,34.0
1710.0,192.15,2750.0,73.0,35.0
1710.0,192.2,2751.0,73.0,36.0
1710.0,192.25,2752.0,72.0,37.0
1710.0,192.3,2752.0,72.0,38.0
1710.0,192.35,2753.0,71.0,39.0
1710.0,192.4,2753.0,70.0,40.0
1710.0,192.45,2754.0,70.0,41.0
1710.0,192.5,2755.0,69.0,42.0
1710.0,192.55,2748.0,68.0,42.0
1710.0,192.6,2741.0,66.0,42.0
1710.0,192.65,2735.0,65.0,42.0
1710.0,192.7,2729.0,65.0,41.0
1710.0,192.75,2722.0,64.0,41.0
1710.0,192.8,2716.0,63.0,41.0
1710.0,192.85,2710.0,62.0,41.0
1710.0,192.9,2704.0,61.0,40.0
1710.0,192.95,2697.0,60.0,40.0
1710.0,193.0,2691.0,59.0,40.0
1710.0,193.05,2688.0,62.0,39.0
1710.0,193.1,2685.0,65.0,38.0
1710.0,193.15,2683.0,68.0,38.0
1710.0,193.2,2680.0,72.0,37.0
1710.0,193.25,2677.0,75.0,36.0
1710.0,193.3,2674.0,78.0,35.0
1710.0,193.35,2671.0,81.0,35.0
1710.0,193.4,2669.0,84.0,34.0
1710.0,193.45,2665.0,88.0,33.0
1710.0,193.5,2662.0,91.0,32.0
1710.0,193.55,2663.0,94.0,32.0
1710.0,193.6,2665.0,96.0,32.0
1710.0,193.65,2666.0,98.0,32.0
1710.0,193.7,2666.0,99.0,32.0
1710.0,193.75,2667.0,100.0,31.0
1710.0,193.8,2668.0,101.0,31.0
1710.0,193.85,2669.0,103.0,31.0
1710.0,193.9,2670.0,104.0,31.0
1710.0,193.95,2671.0,105.0,30.0
1710.0,194.0,2672.0,106.0,30.0
1710.0,194.05,2678.0,105.0,31.0
1710.0,194.1,2684.0,103.0,32.0
1710.0,194.15,2690.0,102.0,34.0
1710.0,194.2,2695.0,100.0,35.0
1710.0,194.25,2701.0,99.0,36.0
1710.0,194.3,2707.0,97.0,37.0
1710.0,194.35,2713.0,96.0,38.0
1710.0,194.4,2719.0,94.0,39.0
1710.0,194.45,2725.0,92.0,40.0
1710.0,194.5,2732.0,90.0,41.0
1710.0,194.55,2738.0,90.0,42.0
1710.0,194.6,2744.0,90.0,43.0
1710.0,194.65,2750.0,90.0,45.0
1710.0,194.7,2756.0,90.0,46.0
1710.0,194.75,2762.0,90.0,47.0
1710.0,194.8,2768.0,90.0,49.0
1710.0,194.85,2774.0,90.0,50.0
1710.0,194.9,2781.0,90.0,51.0
1710.0,194.95,2789.0,90.0,53.0
1710.0,195.0,2797.0,91.0,55.0
1710.0,195.05,2792.0,90.0,54.0
1710.0,195.1,2787.0,89.0,53.0
1710.0,195.15,2782.0,88.0,51.0
1710.0,195.2,2778.0,88.0,50.0
1710.0,195.25,2773.0,88.0,49.0
1710.0,195.3,2769.0,87.0,48.0
1710.0,195.35,2764.0,87.0,47.0
1710.0,195.4,2759.0,87.0,46.0
1710.0,195.45,2755.0,86.0,44.0
1710.0,195.5,2750.0,86.0,43.0
1710.0,195.55,2727.0,88.0,45.0
1710.0,195.6,2705.0,91.0,47.0
1710.0,195.65,2682.0,94.0,49.0
1710.0,195.7,2659.0,96.0,51.0
1710.0,195.75,2636.0,99.0,54.0
1710.0,195.8,2613.0,101.0,56.0
1710.0,195.85,2591.0,104.0,58.0
1710.0,195.9,2568.0,107.0,60.0
1710.0,195.95,2543.0,109.0,61.0
1710.0,196.0,2518.0,111.0,62.0
1710.0,196.05,2540.0,113.0,58.0
1710.0,196.1,2561.0,116.0,54.0
1710.0,196.15,2582.0,116.0,51.0
1710.0,196.2,2603.0,117.0,49.0
1710.0,196.25,2624.0,118.0,47.0
1710.0,196.3,2645.0,119.0,44.0
1710.0,196.35,2666.0,120.0,42.0
1710.0,196.4,2687.0,121.0,39.0
1710.0,196.45,2707.0,122.0,37.0
1710.0,196.5,2728.0,122.0,35.0
1710.0,196.55,2735.0,121.0,35.0
1710.0,196.6,2742.0,120.0,35.0
1710.0,196.65,2749.0,119.0,35.0
1710.0,196.7,2755.0,117.0,35.0
1710.0,196.75,2762.0,116.0,35.0
1710.0,196.8,2769.0,115.0,35.0
1710.0,196.85,2775.0,114.0,35.0
1710.0,196.9,2782.0,112.0,35.0
1710.0,196.95,2791.0,110.0,37.0
1710.0,197.0,2800.0,108.0,40.0
1710.0,197.05,2806.0,106.0,41.0
1710.0,197.1,2812.0,104.0,43.0
1710.0,197.15,2817.0,105.0,45.0
1710.0,197.2,2822.0,106.0,47.0
1710.0,197.25,2827.0,106.0,49.0
1710.0,197.3,2832.0,107.0,51.0
1710.0,197.35,2837.0,108.0,53.0
1710.0,197.4,2842.0,109.0,55.0
1710.0,197.45,2847.0,110.0,57.0
1710.0,197.5,2852.0,111.0,59.0
1710.0,197.55,2852.0,110.0,59.0
1710.0,197.6,2851.0,110.0,59.0
1710.0,197.65,2850.0,109.0,59.0
1710.0,197.7,2850.0,109.0,58.0
1710.0,197.75,2849.0,108.0,58.0
1710.0,197.8,2849.0,107.0,58.0
1710.0,197.85,2848.0,107.0,58.0
1710.0,197.9,2847.0,106.0,58.0
1710.0,197.95,2845.0,108.0,57.0
1710.0,198.0,2843.0,109.0,57.0
1710.0,198.05,2836.0,111.0,55.0
1710.0,198.1,2829.0,112.0,53.0
1710.0,198.15,2824.0,123.0,51.0
1710.0,198.2,2820.0,135.0,50.0
1710.0,198.25,2815.0,146.0,48.0
1710.0,198.3,2811.0,157.0,47.0
1710.0,198.35,2807.0,169.0,45.0
1710.0,198.4,2802.0,180.0,44.0
1710.0,198.45,2798.0,191.0,43.0
1710.0,198.5,2793.0,203.0,41.0
1710.0,198.55,2793.0,203.0,41.0
1710.0,198.6,2793.0,203.0,41.0
1710.0,198.65,2793.0,203.0,41.0
1710.0,198.7,2793.0,203.0,41.0
1710.0,198.75,2793.0,203.0,41.0
1710.0,198.8,2793.0,203.0,41.0
1710.0,198.85,2793.0,203.0,41.0
1710.0,198.9,2793.0,203.0,41.0
1710.0,198.95,2793.0,203.0,41.0
1710.0,199.0,2793.0,203.0,41.0
1710.0,199.05,2793.0,203.0,41.0
1710.0,199.1,2793.0,203.0,41.0
1710.0,199.15,2793.0,203.0,41.0
1710.0,199.2,2793.0,203.0,41.0
1710.0,199.25,2793.0,203.0,41.0
1710.0,199.3,2793.0,203.0,41.0
1710.0,199.35,2793.0,203.0,41.0
1710.0,199.4,2793.0,203.0,41.0
1710.0,199.45,2793.0,203.0,41.0
1710.0,199.5,2793.0,203.0,41.0
1710.0,199.55,2793.0,203.0,41.0
1710.0,199.6,2793.0,203.0,41.0
1710.0,199.65,2793.0,203.0,41.0
1710.0,199.7,2793.0,203.0,41.0
1710.0,199.75,2793.0,203.0,41.0
1710.0,199.8,2793.0,203.0,41.0
1710.0,199.85,2793.0,203.0,41.0
1710.0,199.9,2793.0,203.0,41.0
1710.0,199.95,2793.0,203.0,41.0
1710.0,200.0,2793.0,203.0,41.0
1710.0,200.05,2793.0,203.0,41.0
1710.0,200.1,2793.0,203.0,41.0
1710.0,200.15,2793.0,203.0,41.0
1710.0,200.2,2793.0,203.0,41.0
1710.0,200.25,2793.0,203.0,41.0
1710.0,200.3,2793.0,203.0,41.0
1710.0,200.35,2793.0,203.0,41.0
1710.0,200.4,2793.0,203.0,41.0
1710.0,200.45,2793.0,203.0,41.0
1710.0,200.5,2793.0,203.0,41.0
1720.0,189.5,2811.0,82.0,22.0
1720.0,189.55,2811.0,82.0,22.0
1720.0,189.6,2811.0,82.0,22.0
1720.0,189.65,2811.0,82.0,22.0
1720.0,189.7,2811.0,82.0,22.0
1720.0,189.75,2811.0,82.0,22.0
1720.0,189.8,2811.0,82.0,22.0
1720.0,189.85,2811.0,82.0,22.0
1720.0,189.9,2811.0,82.0,22.0
1720.0,189.95,2811.0,82.0,22.0
1720.0,190.0,2811.0,82.0,22.0
1720.0,190.05,2811.0,82.0,22.0
1720.0,190.1,2811.0,82.0,22.0
1720.0,190.15,2811.0,82.0,22.0
1720.0,190.2,2811.0,82.0,22.0
1720.0,190.25,2811.0,82.0,22.0
1720.0,190.3,2811.0,82.0,22.0
1720.0,190.35,2811.0,82.0,22.0
1720.0,190.4,2811.0,82.0,22.0
1720.0,190.45,2811.0,82.0,22.0
1720.0,190.5,2811.0,82.0,22.0
1720.0,190.55,2811.0,82.0,22.0
1720.0,190.6,2811.0,82.0,22.0
1720.0,190.65,2811.0,82.0,22.0
1720.0,190.7,2811.0,82.0,22.0
1720.0,190.75,2811.0,82.0,22.0
1720.0,190.8,2811.0,82.0,22.0
1720.0,190.85,2811.0,82.0,22.0
1720.0,190.9,2811.0,82.0,22.0
1720.0,190.95,2811.0,82.0,22.0
1720.0,191.0,2811.0,82.0,22.0
1720.0,191.05,2811.0,82.0,22.0
1720.0,191.1,2811.0,82.0,22.0
1720.0,191.15,2811.0,82.0,22.0
1720.0,191.2,2811.0,82.0,22.0
1720.0,191.25,2811.0,82.0,22.0
1720.0,191.3,2811.0,82.0,22.0
1720.0,191.35,2811.0,82.0,22.0
1720.0,191.4,2811.0,82.0,22.0
1720.0,191.45,2811.0,82.0,22.0
1720.0,191.5,2811.0,82.0,22.0
1720.0,191.55,2810.0,82.0,23.0
1720.0,191.6,2810.0,81.0,24.0
1720.0,191.65,2810.0,80.0,25.0
1720.0,191.7,2809.0,80.0,26.0
1720.0,191.75,2808.0,79.0,27.0
1720.0,191.8,2808.0,79.0,28.0
1720.0,191.85,2807.0,78.0,29.0
1720.0,191.9,2806.0,78.0,30.0
1720.0,191.95,2806.0,78.0,31.0
1720.0,192.0,2805.0,78.0,32.0
1720.0,192.05,2806.0,77.0,33.0
1720.0,192.1,2807.0,76.0,34.0
1720.0,192.15,2808.0,75.0,35.0
1720.0,192.2,2810.0,74.0,36.0
1720.0,192.25,2810.0,73.0,37.0
1720.0,192.3,2811.0,73.0,38.0
1720.0,192.35,2811.0,72.0,39.0
1720.0,192.4,2812.0,71.0,40.0
1720.0,192.45,2813.0,71.0,42.0
1720.0,192.5,2813.0,70.0,43.0
1720.0,192.55,2807.0,69.0,42.0
1720.0,192.6,2800.0,67.0,42.0
1720.0,192.65,2793.0,66.0,42.0
1720.0,192.7,2787.0,65.0,42.0
1720.0,192.75,2780.0,64.0,42.0
1720.0,192.8,2774.0,63.0,42.0
1720.0,192.85,2768.0,62.0,42.0
1720.0,192.9,2762.0,61.0,41.0
1720.0,192.95,2755.0,60.0,41.0
1720.0,193.0,2749.0,59.0,41.0
1720.0,193.05,2746.0,62.0,40.0
1720.0,193.1,2743.0,65.0,39.0
1720.0,193.15,2741.0,69.0,39.0
1720.0,193.2,2738.0,72.0,38.0
1720.0,193.25,2735.0,75.0,37.0
1720.0,193.3,2732.0,78.0,36.0
1720.0,193.35,2729.0,82.0,36.0
1720.0,193.4,2725.0,85.0,35.0
1720.0,193.45,2722.0,89.0,34.0
1720.0,193.5,2719.0,92.0,33.0
1720.0,193.55,2720.0,95.0,33.0
1720.0,193.6,2721.0,97.0,33.0
1720.0,193.65,2723.0,100.0,33.0
1720.0,193.7,2724.0,102.0,32.0
1720.0,193.75,2725.0,103.0,32.0
1720.0,193.8,2726.0,105.0,32.0
1720.0,193.85,2727.0,106.0,32.0
1720.0,193.9,2728.0,107.0,32.0
1720.0,193.95,2729.0,108.0,31.0
1720.0,194.0,2730.0,109.0,31.0
1720.0,194.05,2736.0,108.0,32.0
1720.0,194.1,2741.0,106.0,33.0
1720.0,194.15,2747.0,105.0,35.0
1720.0,194.2,2753.0,103.0,36.0
1720.0,194.25,2759.0,102.0,37.0
1720.0,194.3,2765.0,100.0,38.0
1720.0,194.35,2771.0,99.0,39.0
1720.0,194.4,2778.0,97.0,39.0
1720.0,194.45,2784.0,95.0,40.0
1720.0,194.5,2791.0,93.0,41.0
1720.0,194.55,2797.0,93.0,42.0
1720.0,194.6,2803.0,93.0,43.0
1720.0,194.65,2809.0,93.0,45.0
1720.0,194.7,2815.0,93.0,46.0
1720.0,194.75,2821.0,93.0,47.0
1720.0,194.8,2827.0,93.0,49.0
1720.0,194.85,2835.0,93.0,50.0
1720.0,194.9,2843.0,93.0,52.0
1720.0,194.95,2851.0,93.0,54.0
1720.0,195.0,2860.0,94.0,55.0
1720.0,195.05,2855.0,93.0,54.0
1720.0,195.1,2850.0,92.0,53.0
1720.0,195.15,2845.0,91.0,52.0
1720.0,195.2,2840.0,90.0,51.0
1720.0,195.25,2835.0,89.0,50.0
1720.0,195.3,2831.0,89.0,49.0
1720.0,195.35,2826.0,89.0,48.0
1720.0,195.4,2822.0,88.0,46.0
1720.0,195.45,2817.0,88.0,45.0
1720.0,195.5,2812.0,88.0,44.0
1720.0,195.55,2790.0,90.0,46.0
1720.0,195.6,2767.0,93.0,48.0
1720.0,195.65,2744.0,95.0,50.0
1720.0,195.7,2721.0,98.0,52.0
1720.0,195.75,2698.0,101.0,54.0
1720.0,195.8,2676.0,103.0,56.0
1720.0,195.85,2651.0,105.0,57.0
1720.0,195.9,2626.0,108.0,58.0
1720.0,195.95,2601.0,110.0,59.0
1720.0,196.0,2576.0,113.0,60.0
1720.0,196.05,2597.0,115.0,56.0
1720.0,196.1,2619.0,117.0,52.0
1720.0,196.15,2641.0,119.0,48.0
1720.0,196.2,2662.0,121.0,44.0
1720.0,196.25,2683.0,122.0,42.0
1720.0,196.3,2704.0,123.0,40.0
1720.0,196.35,2725.0,124.0,37.0
1720.0,196.4,2746.0,125.0,35.0
1720.0,196.45,2767.0,126.0,32.0
1720.0,196.5,2788.0,126.0,30.0
1720.0,196.55,2795.0,125.0,30.0
1720.0,196.6,2801.0,124.0,30.0
1720.0,196.65,2808.0,123.0,30.0
1720.0,196.7,2815.0,121.0,30.0
1720.0,196.75,2821.0,120.0,30.0
1720.0,196.8,2828.0,119.0,30.0
1720.0,196.85,2837.0,117.0,33.0
1720.0,196.9,2846.0,115.0,35.0
1720.0,196.95,2855.0,112.0,37.0
1720.0,197.0,2864.0,110.0,40.0
1720.0,197.05,2870.0,108.0,41.0
1720.0,197.1,2876.0,106.0,43.0
1720.0,197.15,2882.0,104.0,44.0
1720.0,197.2,2888.0,102.0,46.0
1720.0,197.25,2893.0,102.0,48.0
1720.0,197.3,2898.0,103.0,50.0
1720.0,197.35,2903.0,104.0,52.0
1720.0,197.4,2908.0,105.0,54.0
1720.0,197.45,2913.0,106.0,56.0
1720.0,197.5,2918.0,107.0,58.0
1720.0,197.55,2918.0,106.0,58.0
1720.0,197.6,2917.0,106.0,58.0
1720.0,197.65,2917.0,105.0,58.0
1720.0,197.7,2916.0,105.0,57.0
1720.0,197.75,2915.0,104.0,57.0
1720.0,197.8,2915.0,104.0,57.0
1720.0,197.85,2912.0,105.0,57.0
1720.0,197.9,2910.0,106.0,57.0
1720.0,197.95,2908.0,108.0,56.0
1720.0,198.0,2905.0,109.0,56.0
1720.0,198.05,2898.0,111.0,54.0
1720.0,198.1,2891.0,112.0,52.0
1720.0,198.15,2884.0,113.0,50.0
1720.0,198.2,2877.0,115.0,48.0
1720.0,198.25,2873.0,126.0,46.0
1720.0,198.3,2868.0,137.0,45.0
1720.0,198.35,2864.0,149.0,43.0
1720.0,198.4,2860.0,160.0,42.0
1720.0,198.45,2855.0,171.0,40.0
1720.0,198.5,2851.0,183.0,39.0
1720.0,198.55,2851.0,183.0,39.0
1720.0,198.6,2851.0,183.0,39.0
1720.0,198.65,2851.0,183.0,39.0
1720.0,198.7,2851.0,183.0,39.0
1720.0,198.75,2851.0,183.0,39.0
1720.0,198.8,2851.0,183.0,39.0
1720.0,198.85,2851.0,183.0,39.0
1720.0,198.9,2851.0,183.0,39.0
1720.0,198.95,2851.0,183.0,39.0
1720.0,199.0,2851.0,183.0,39.0
1720.0,199.05,2851.0,183.0,39.0
1720.0,199.1,2851.0,183.0,39.0
1720.0,199.15,2851.0,183.0,39.0
1720.0,199.2,2851.0,183.0,39.0
1720.0,199.25,2851.0,183.0,39.0
1720.0,199.3,2851.0,183.0,39.0
1720.0,199.35,2851.0,183.0,39.0
1720.0,199.4,2851.0,183.0,39.0
1720.0,199.45,2851.0,183.0,39.0
1720.0,199.5,2851.0,183.0,39.0
1720.0,199.55,2851.0,183.0,39.0
1720.0,199.6,2851.0,183.0,39.0
1720.0,199.65,2851.0,183.0,39.0
1720.0,199.7,2851.0,183.0,39.0
1720.0,199.75,2851.0,183.0,39.0
1720.0,199.8,2851.0,183.0,39.0
1720.0,199.85,2851.0,183.0,39.0
1720.0,199.9,2851.0,183.0,39.0
1720.0,199.95,2851.0,183.0,39.0
1720.0,200.0,2851.0,183.0,39.0
1720.0,200.05,2851.0,183.0,39.0
1720.0,200.1,2851.0,183.0,39.0
1720.0,200.15,2851.0,183.0,39.0
1720.0,200.2,2851.0,183.0,39.0
1720.0,200.25,2851.0,183.0,39.0
1720.0,200.3,2851.0,183.0,39.0
1720.0,200.35,2851.0,183.0,39.0
1720.0,200.4,2851.0,183.0,39.0
1720.0,200.45,2851.0,183.0,39.0
1720.0,200.5,2851.0,183.0,39.0
1730.0,189.5,2869.0,83.0,22.0
1730.0,189.55,2869.0,83.0,22.0
1730.0,189.6,2869.0,83.0,22.0
1730.0,189.65,2869.0,83.0,22.0
1730.0,189.7,2869.0,83.0,22.0
1730.0,189.75,2869.0,83.0,22.0
1730.0,189.8,2869.0,83.0,22.0
1730.0,189.85,2869.0,83.0,22.0
1730.0,189.9,2869.0,83.0,22.0
1730.0,189.95,2869.0,83.0,22.0
1730.0,190.0,2869.0,83.0,22.0
1730.0,190.05,2869.0,83.0,22.0
1730.0,190.1,2869.0,83.0,22.0
1730.0,190.15,2869.0,83.0,22.0
1730.0,190.2,2869.0,83.0,22.0
1730.0,190.25,2869.0,83.0,22.0
1730.0,190.3,2869.0,83.0,22.0
1730.0,190.35,2869.0,83.0,22.0
1730.0,190.4,2869.0,83.0,22.0
1730.0,190.45,2869.0,83.0,22.0
1730.0,190.5,2869.0,83.0,22.0
1730.0,190.55,2869.0,83.0,22.0
1730.0,190.6,2869.0,83.0,22.0
1730.0,190.65,2869.0,83.0,22.0
1730.0,190.7,2869.0,83.0,22.0
1730.0,190.75,2869.0,83.0,22.0
1730.0,190.8,2869.0,83.0,22.0
1730.0,190.85,2869.0,83.0,22.0
1730.0,190.9,2869.0,83.0,22.0
1730.0,190.95,2869.0,83.0,22.0
1730.0,191.0,2869.0,83.0,22.0
1730.0,191.05,2869.0,83.0,22.0
1730.0,191.1,2869.0,83.0,22.0
1730.0,191.15,2869.0,83.0,22.0
1730.0,191.2,2869.0,83.0,22.0
1730.0,191.25,2869.0,83.0,22.0
1730.0,191.3,2869.0,83.0,22.0
1730.0,191.35,2869.0,83.0,22.0
1730.0,191.4,2869.0,83.0,22.0
1730.0,191.45,2869.0,83.0,22.0
1730.0,191.5,2869.0,83.0,22.0
1730.0,191.55,2868.0,83.0,23.0
1730.0,191.6,2868.0,82.0,24.0
1730.0,191.65,2868.0,81.0,25.0
1730.0,191.7,2867.0,81.0,26.0
1730.0,191.75,2866.0,81.0,27.0
1730.0,191.8,2865.0,80.0,28.0
1730.0,191.85,2865.0,80.0,29.0
1730.0,191.9,2864.0,80.0,30.0
1730.0,191.95,2863.0,80.0,31.0
1730.0,192.0,2862.0,79.0,32.0
1730.0,192.05,2863.0,78.0,33.0
1730.0,192.1,2865.0,78.0,34.0
1730.0,192.15,2866.0,77.0,35.0
1730.0,192.2,2867.0,76.0,37.0
1730.0,192.25,2868.0,75.0,38.0
1730.0,192.3,2869.0,74.0,39.0
1730.0,192.35,2870.0,73.0,40.0
1730.0,192.4,2871.0,72.0,41.0
1730.0,192.45,2871.0,72.0,42.0
1730.0,192.5,2872.0,71.0,43.0
1730.0,192.55,2865.0,70.0,43.0
1730.0,192.6,2859.0,68.0,43.0
1730.0,192.65,2852.0,67.0,43.0
1730.0,192.7,2845.0,66.0,43.0
1730.0,192.75,2839.0,64.0,43.0
1730.0,192.8,2832.0,63.0,43.0
1730.0,192.85,2826.0,62.0,43.0
1730.0,192.9,2820.0,61.0,42.0
1730.0,192.95,2813.0,60.0,42.0
1730.0,193.0,2807.0,59.0,42.0
1730.0,193.05,2804.0,62.0,41.0
1730.0,193.1,2801.0,66.0,40.0
1730.0,193.15,2799.0,69.0,40.0
1730.0,193.2,2796.0,72.0,39.0
1730.0,193.25,2792.0,75.0,38.0
1730.0,193.3,2789.0,79.0,37.0
1730.0,193.35,2786.0,83.0,36.0
1730.0,193.4,2782.0,86.0,36.0
1730.0,193.45,2779.0,90.0,35.0
1730.0,193.5,2775.0,93.0,34.0
1730.0,193.55,2777.0,96.0,34.0
1730.0,193.6,2778.0,98.0,34.0
1730.0,193.65,2780.0,101.0,34.0
1730.0,193.7,2781.0,103.0,33.0
1730.0,193.75,2782.0,105.0,33.0
1730.0,193.8,2784.0,108.0,33.0
1730.0,193.85,2785.0,109.0,33.0
1730.0,193.9,2786.0,110.0,33.0
1730.0,193.95,2786.0,112.0,32.0
1730.0,194.0,2787.0,113.0,32.0
1730.0,194.05,2793.0,111.0,33.0
1730.0,194.1,2799.0,110.0,34.0
1730.0,194.15,2805.0,108.0,35.0
1730.0,194.2,2811.0,107.0,37.0
1730.0,194.25,2817.0,105.0,37.0
1730.0,194.3,2824.0,103.0,38.0
1730.0,194.35,2830.0,101.0,39.0
1730.0,194.4,2837.0,99.0,39.0
1730.0,194.45,2843.0,97.0,40.0
1730.0,194.5,2849.0,96.0,41.0
1730.0,194.55,2856.0,96.0,42.0
1730.0,194.6,2862.0,96.0,43.0
1730.0,194.65,2868.0,96.0,45.0
1730.0,194.7,2874.0,95.0,46.0
1730.0,194.75,2882.0,96.0,48.0
1730.0,194.8,2890.0,96.0,49.0
1730.0,194.85,2898.0,96.0,51.0
1730.0,194.9,2906.0,96.0,53.0
1730.0,194.95,2914.0,96.0,54.0
1730.0,195.0,2922.0,97.0,56.0
1730.0,195.05,2917.0,96.0,55.0
1730.0,195.1,2913.0,95.0,54.0
1730.0,195.15,2908.0,94.0,53.0
1730.0,195.2,2903.0,93.0,52.0
1730.0,195.25,2898.0,92.0,51.0
1730.0,195.3,2893.0,91.0,50.0
1730.0,195.35,2888.0,90.0,48.0
1730.0,195.4,2884.0,90.0,47.0
1730.0,195.45,2879.0,90.0,46.0
1730.0,195.5,2875.0,89.0,45.0
1730.0,195.55,2852.0,92.0,47.0
1730.0,195.6,2829.0,95.0,49.0
1730.0,195.65,2806.0,97.0,51.0
1730.0,195.7,2783.0,100.0,53.0
1730.0,195.75,2758.0,102.0,54.0
1730.0,195.8,2733.0,104.0,55.0
1730.0,195.85,2708.0,107.0,56.0
1730.0,195.9,2683.0,109.0,57.0
1730.0,195.95,2658.0,112.0,58.0
1730.0,196.0,2633.0,114.0,59.0
1730.0,196.05,2655.0,116.0,55.0
1730.0,196.1,2677.0,118.0,51.0
1730.0,196.15,2699.0,120.0,47.0
1730.0,196.2,2720.0,122.0,43.0
1730.0,196.25,2742.0,125.0,39.0
1730.0,196.3,2764.0,127.0,35.0
1730.0,196.35,2784.0,128.0,33.0
1730.0,196.4,2805.0,129.0,30.0
1730.0,196.45,2826.0,129.0,28.0
1730.0,196.5,2847.0,130.0,25.0
1730.0,196.55,2854.0,129.0,25.0
1730.0,196.6,2861.0,128.0,25.0
1730.0,196.65,2867.0,127.0,25.0
1730.0,196.7,2874.0,125.0,25.0
1730.0,196.75,2883.0,123.0,28.0
1730.0,196.8,2892.0,121.0,30.0
1730.0,196.85,2901.0,119.0,33.0
1730.0,196.9,2910.0,117.0,35.0
1730.0,196.95,2918.0,114.0,38.0
1730.0,197.0,2927.0,112.0,40.0
1730.0,197.05,2934.0,110.0,41.0
1730.0,197.1,2940.0,108.0,43.0
1730.0,197.15,2946.0,106.0,44.0
1730.0,197.2,2952.0,104.0,46.0
1730.0,197.25,2958.0,102.0,47.0
1730.0,197.3,2965.0,99.0,49.0
1730.0,197.35,2970.0,100.0,51.0
1730.0,197.4,2975.0,101.0,53.0
1730.0,197.45,2980.0,102.0,55.0
1730.0,197.5,2985.0,103.0,57.0
1730.0,197.55,2984.0,102.0,57.0
1730.0,197.6,2983.0,102.0,57.0
1730.0,197.65,2983.0,101.0,57.0
1730.0,197.7,2982.0,101.0,56.0
1730.0,197.75,2980.0,102.0,56.0
1730.0,197.8,2977.0,104.0,56.0
1730.0,197.85,2975.0,105.0,56.0
1730.0,197.9,2973.0,106.0,56.0
1730.0,197.95,2970.0,108.0,55.0
1730.0,198.0,2968.0,109.0,55.0
1730.0,198.05,2961.0,111.0,53.0
1730.0,198.1,2954.0,112.0,51.0
1730.0,198.15,2947.0,113.0,49.0
1730.0,198.2,2940.0,115.0,47.0
1730.0,198.25,2933.0,116.0,44.0
1730.0,198.3,2926.0,117.0,42.0
1730.0,198.35,2921.0,129.0,41.0
1730.0,198.4,2917.0,140.0,39.0
1730.0,198.45,2913.0,151.0,38.0
1730.0,198.5,2908.0,163.0,36.0
1730.0,198.55,2908.0,163.0,36.0
1730.0,198.6,2908.0,163.0,36.0
1730.0,198.65,2908.0,163.0,36.0
1730.0,198.7,2908.0,163.0,36.0
1730.0,198.75,2908.0,163.0,36.0
1730.0,198.8,2908.0,163.0,36.0
1730.0,198.85,2908.0,163.0,36.0
1730.0,198.9,2908.0,163.0,36.0
1730.0,198.95,2908.0,163.0,36.0
1730.0,199.0,2908.0,163.0,36.0
1730.0,199.05,2908.0,163.0,36.0
1730.0,199.1,2908.0,163.0,36.0
1730.0,199.15,2908.0,163.0,36.0
1730.0,199.2,2908.0,163.0,36.0
1730.0,199.25,2908.0,163.0,36.0
1730.0,199.3,2908.0,163.0,36.0
1730.0,199.35,2908.0,163.0,36.0
1730.0,199.4,2908.0,163.0,36.0
1730.0,199.45,2908.0,163.0,36.0
1730.0,199.5,2908.0,163.0,36.0
1730.0,199.55,2908.0,163.0,36.0
1730.0,199.6,2908.0,163.0,36.0
1730.0,199.65,2908.0,163.0,36.0
1730.0,199.7,2908.0,163.0,36.0
1730.0,199.75,2908.0,163.0,36.0
1730.0,199.8,2908.0,163.0,36.0
1730.0,199.85,2908.0,163.0,36.0
1730.0,199.9,2908.0,163.0,36.0
1730.0,199.95,2908.0,163.0,36.0
1730.0,200.0,2908.0,163.0,36.0
1730.0,200.05,2908.0,163.0,36.0
1730.0,200.1,2908.0,163.0,36.0
1730.0,200.15,2908.0,163.0,36.0
1730.0,200.2,2908.0,163.0,36.0
1730.0,200.25,2908.0,163.0,36.0
1730.0,200.3,2908.0,163.0,36.0
1730.0,200.35,2908.0,163.0,36.0
1730.0,200.4,2908.0,163.0,36.0
1730.0,200.45,2908.0,163.0,36.0
1730.0,200.5,2908.0,163.0,36.0
1740.0,189.5,2927.0,84.0,22.0
1740.0,189.55,2927.0,84.0,22.0
1740.0,189.6,2927.0,84.0,22.0
1740.0,189.65,2927.0,84.0,22.0
1740.0,189.7,2927.0,84.0,22.0
1740.0,189.75,2927.0,84.0,22.0
1740.0,189.8,2927.0,84.0,22.0
1740.0,189.85,2927.0,84.0,22.0
1740.0,189.9,2927.0,84.0,22.0
1740.0,189.95,2927.0,84.0,22.0
1740.0,190.0,2927.0,84.0,22.0
1740.0,190.05,2927.0,84.0,22.0
1740.0,190.1,2927.0,84.0,22.0
1740.0,190.15,2927.0,84.0,22.0
1740.0,190.2,2927.0,84.0,22.0
1740.0,190.25,2927.0,84.0,22.0
1740.0,190.3,2927.0,84.0,22.0
1740.0,190.35,2927.0,84.0,22.0
1740.0,190.4,2927.0,84.0,22.0
1740.0,190.45,2927.0,84.0,22.0
1740.0,190.5,2927.0,84.0,22.0
1740.0,190.55,2927.0,84.0,22.0
1740.0,190.6,2927.0,84.0,22.0
1740.0,190.65,2927.0,84.0,22.0
1740.0,190.7,2927.0,84.0,22.0
1740.0,190.75,2927.0,84.0,22.0
1740.0,190.8,2927.0,84.0,22.0
1740.0,190.85,2927.0,84.0,22.0
1740.0,190.9,2927.0,84.0,22.0
1740.0,190.95,2927.0,84.0,22.0
1740.0,191.0,2927.0,84.0,22.0
1740.0,191.05,2927.0,84.0,22.0
1740.0,191.1,2927.0,84.0,22.0
1740.0,191.15,2927.0,84.0,22.0
1740.0,191.2,2927.0,84.0,22.0
1740.0,191.25,2927.0,84.0,22.0
1740.0,191.3,2927.0,84.0,22.0
1740.0,191.35,2927.0,84.0,22.0
1740.0,191.4,2927.0,84.0,22.0
1740.0,191.45,2927.0,84.0,22.0
1740.0,191.5,2927.0,84.0,22.0
1740.0,191.55,2926.0,84.0,23.0
1740.0,191.6,2926.0,83.0,24.0
1740.0,191.65,2925.0,83.0,25.0
1740.0,191.7,2924.0,83.0,26.0
1740.0,191.75,2924.0,82.0,27.0
1740.0,191.8,2923.0,82.0,28.0
1740.0,191.85,2922.0,82.0,29.0
1740.0,191.9,2921.0,82.0,30.0
1740.0,191.95,2920.0,81.0,31.0
1740.0,192.0,2920.0,81.0,32.0
1740.0,192.05,2921.0,80.0,33.0
1740.0,192.1,2922.0,79.0,34.0
1740.0,192.15,2923.0,78.0,36.0
1740.0,192.2,2924.0,77.0,37.0
1740.0,192.25,2926.0,76.0,38.0
1740.0,192.3,2927.0,75.0,39.0
1740.0,192.35,2928.0,74.0,40.0
1740.0,192.4,2929.0,73.0,41.0
1740.0,192.45,2930.0,73.0,42.0
1740.0,192.5,2930.0,72.0,43.0
1740.0,192.55,2924.0,71.0,43.0
1740.0,192.6,2917.0,69.0,43.0
1740.0,192.65,2911.0,68.0,43.0
1740.0,192.7,2904.0,67.0,43.0
1740.0,192.75,2897.0,65.0,43.0
1740.0,192.8,2891.0,64.0,43.0
1740.0,192.85,2884.0,63.0,43.0
1740.0,192.9,2878.0,61.0,43.0
1740.0,192.95,2871.0,60.0,43.0
1740.0,193.0,2865.0,59.0,43.0
1740.0,193.05,2862.0,62.0,42.0
1740.0,193.1,2859.0,66.0,41.0
1740.0,193.15,2856.0,69.0,40.0
1740.0,193.2,2853.0,73.0,40.0
1740.0,193.25,2849.0,76.0,39.0
1740.0,193.3,2846.0,80.0,38.0
1740.0,193.35,2842.0,83.0,37.0
1740.0,193.4,2839.0,87.0,37.0
1740.0,193.45,2836.0,91.0,36.0
1740.0,193.5,2832.0,94.0,35.0
1740.0,193.55,2834.0,97.0,35.0
1740.0,193.6,2835.0,99.0,35.0
1740.0,193.65,2836.0,101.0,34.0
1740.0,193.7,2838.0,104.0,34.0
1740.0,193.75,2839.0,106.0,34.0
1740.0,193.8,2841.0,109.0,34.0
1740.0,193.85,2842.0,111.0,34.0
1740.0,193.9,2843.0,114.0,33.0
1740.0,193.95,2844.0,115.0,33.0
1740.0,194.0,2845.0,116.0,33.0
1740.0,194.05,2851.0,115.0,34.0
1740.0,194.1,2857.0,113.0,35.0
1740.0,194.15,2863.0,111.0,36.0
1740.0,194.2,2870.0,109.0,37.0
1740.0,194.25,2876.0,108.0,37.0
1740.0,194.3,2883.0,106.0,38.0
1740.0,194.35,2889.0,104.0,39.0
1740.0,194.4,2895.0,102.0,39.0
1740.0,194.45,2902.0,100.0,40.0
1740.0,194.5,2908.0,98.0,41.0
1740.0,194.55,2914.0,98.0,42.0
1740.0,194.6,2920.0,98.0,43.0
1740.0,194.65,2929.0,98.0,45.0
1740.0,194.7,2937.0,98.0,47.0
1740.0,194.75,2945.0,99.0,48.0
1740.0,194.8,2953.0,99.0,50.0
1740.0,194.85,2961.0,99.0,52.0
1740.0,194.9,2969.0,99.0,53.0
1740.0,194.95,2977.0,99.0,55.0
1740.0,195.0,2985.0,100.0,57.0
1740.0,195.05,2980.0,99.0,56.0
1740.0,195.1,2975.0,98.0,55.0
1740.0,195.15,2970.0,97.0,53.0
1740.0,195.2,2966.0,96.0,52.0
1740.0,195.25,2961.0,95.0,51.0
1740.0,195.3,2956.0,94.0,50.0
1740.0,195.35,2951.0,93.0,49.0
1740.0,195.4,2946.0,92.0,48.0
1740.0,195.45,2941.0,91.0,47.0
1740.0,195.5,2937.0,91.0,46.0
1740.0,195.55,2914.0,94.0,48.0
1740.0,195.6,2891.0,96.0,50.0
1740.0,195.65,2866.0,99.0,51.0
1740.0,195.7,2841.0,101.0,52.0
1740.0,195.75,2816.0,103.0,53.0
1740.0,195.8,2791.0,106.0,54.0
1740.0,195.85,2766.0,108.0,55.0
1740.0,195.9,2741.0,110.0,56.0
1740.0,195.95,2716.0,113.0,57.0
1740.0,196.0,2691.0,115.0,58.0
1740.0,196.05,2713.0,117.0,54.0
1740.0,196.1,2735.0,119.0,50.0
1740.0,196.15,2756.0,122.0,46.0
1740.0,196.2,2778.0,124.0,42.0
1740.0,196.25,2800.0,126.0,38.0
1740.0,196.3,2821.0,128.0,34.0
1740.0,196.35,2843.0,130.0,30.0
1740.0,196.4,2865.0,132.0,26.0
1740.0,196.45,2886.0,133.0,23.0
1740.0,196.5,2907.0,134.0,21.0
1740.0,196.55,2913.0,133.0,21.0
1740.0,196.6,2920.0,132.0,21.0
1740.0,196.65,2929.0,129.0,23.0
1740.0,196.7,2938.0,127.0,26.0
1740.0,196.75,2947.0,125.0,28.0
1740.0,196.8,2956.0,123.0,30.0
1740.0,196.85,2964.0,121.0,33.0
1740.0,196.9,2973.0,119.0,35.0
1740.0,196.95,2982.0,116.0,38.0
1740.0,197.0,2991.0,114.0,40.0
1740.0,197.05,2997.0,112.0,42.0
1740.0,197.1,3004.0,110.0,43.0
1740.0,197.15,3010.0,108.0,45.0
1740.0,197.2,3016.0,106.0,46.0
1740.0,197.25,3022.0,104.0,48.0
1740.0,197.3,3028.0,101.0,49.0
1740.0,197.35,3035.0,99.0,51.0
1740.0,197.4,3041.0,97.0,52.0
1740.0,197.45,3046.0,98.0,54.0
1740.0,197.5,3051.0,99.0,56.0
1740.0,197.55,3050.0,98.0,56.0
1740.0,197.6,3050.0,98.0,56.0
1740.0,197.65,3047.0,99.0,56.0
1740.0,197.7,3045.0,101.0,55.0
1740.0,197.75,3042.0,102.0,55.0
1740.0,197.8,3040.0,103.0,55.0
1740.0,197.85,3038.0,105.0,55.0
1740.0,197.9,3035.0,106.0,55.0
1740.0,197.95,3033.0,108.0,55.0
1740.0,198.0,3030.0,109.0,54.0
1740.0,198.05,3023.0,110.0,52.0
1740.0,198.1,3016.0,112.0,50.0
1740.0,198.15,3009.0,113.0,48.0
1740.0,198.2,3002.0,115.0,46.0
1740.0,198.25,2995.0,116.0,44.0
1740.0,198.3,2988.0,117.0,41.0
1740.0,198.35,2981.0,119.0,39.0
1740.0,198.4,2974.0,120.0,37.0
1740.0,198.45,2970.0,131.0,36.0
1740.0,198.5,2966.0,143.0,34.0
1740.0,198.55,2966.0,143.0,34.0
1740.0,198.6,2966.0,143.0,34.0
1740.0,198.65,2966.0,143.0,34.0
1740.0,198.7,2966.0,143.0,34.0
1740.0,198.75,2966.0,143.0,34.0
1740.0,198.8,2966.0,143.0,34.0
1740.0,198.85,2966.0,143.0,34.0
1740.0,198.9,2966.0,143.0,34.0
1740.0,198.95,2966.0,143.0,34.0
1740.0,199.0,2966.0,143.0,34.0
1740.0,199.05,2966.0,143.0,34.0
1740.0,199.1,2966.0,143.0,34.0
1740.0,199.15,2966.0,143.0,34.0
1740.0,199.2,2966.0,143.0,34.0
1740.0,199.25,2966.0,143.0,34.0
1740.0,199.3,2966.0,143.0,34.0
1740.0,199.35,2966.0,143.0,34.0
1740.0,199.4,2966.0,143.0,34.0
1740.0,199.45,2966.0,143.0,34.0
1740.0,199.5,2966.0,143.0,34.0
1740.0,199.55,2966.0,143.0,34.0
1740.0,199.6,2966.0,143.0,34.0
1740.0,199.65,2966.0,143.0,34.0
1740.0,199.7,2966.0,143.0,34.0
1740.0,199.75,2966.0,143.0,34.0
1740.0,199.8,2966.0,143.0,34.0
1740.0,199.85,2966.0,143.0,34.0
1740.0,199.9,2966.0,143.0,34.0
1740.0,199.95,2966.0,143.0,34.0
1740.0,200.0,2966.0,143.0,34.0
1740.0,200.05,2966.0,143.0,34.0
1740.0,200.1,2966.0,143.0,34.0
1740.0,200.15,2966.0,143.0,34.0
1740.0,200.2,2966.0,143.0,34.0
1740.0,200.25,2966.0,143.0,34.0
1740.0,200.3,2966.0,143.0,34.0
1740.0,200.35,2966.0,143.0,34.0
1740.0,200.4,2966.0,143.0,34.0
1740.0,200.45,2966.0,143.0,34.0
1740.0,200.5,2966.0,143.0,34.0
1750.0,189.5,2985.0,85.0,22.0
1750.0,189.55,2985.0,85.0,22.0
1750.0,189.6,2985.0,85.0,22.0
1750.0,189.65,2985.0,85.0,22.0
1750.0,189.7,2985.0,85.0,22.0
1750.0,189.75,2985.0,85.0,22.0
1750.0,189.8,2985.0,85.0,22.0
1750.0,189.85,2985.0,85.0,22.0
1750.0,189.9,2985.0,85.0,22.0
1750.0,189.95,2985.0,85.0,22.0
1750.0,190.0,2985.0,85.0,22.0
1750.0,190.05,2985.0,85.0,22.0
1750.0,190.1,2985.0,85.0,22.0
1750.0,190.15,2985.0,85.0,22.0
1750.0,190.2,2985.0,85.0,22.0
1750.0,190.25,2985.0,85.0,22.0
1750.0,190.3,2985.0,85.0,22.0
1750.0,190.35,2985.0,85.0,22.0
1750.0,190.4,2985.0,85.0,22.0
1750.0,190.45,2985.0,85.0,22.0
1750.0,190.5,2985.0,85.0,22.0
1750.0,190.55,2985.0,85.0,22.0
1750.0,190.6,2985.0,85.0,22.0
1750.0,190.65,2985.0,85.0,22.0
1750.0,190.7,2985.0,85.0,22.0
1750.0,190.75,2985.0,85.0,22.0
1750.0,190.8,2985.0,85.0,22.0
1750.0,190.85,2985.0,85.0,22.0
1750.0,190.9,2985.0,85.0,22.0
1750.0,190.95,2985.0,85.0,22.0
1750.0,191.0,2985.0,85.0,22.0
1750.0,191.05,2985.0,85.0,22.0
1750.0,191.1,2985.0,85.0,22.0
1750.0,191.15,2985.0,85.0,22.0
1750.0,191.2,2985.0,85.0,22.0
1750.0,191.25,2985.0,85.0,22.0
1750.0,191.3,2985.0,85.0,22.0
1750.0,191.35,2985.0,85.0,22.0
1750.0,191.4,2985.0,85.0,22.0
1750.0,191.45,2985.0,85.0,22.0
1750.0,191.5,2985.0,85.0,22.0
1750.0,191.55,2984.0,85.0,23.0
1750.0,191.6,2983.0,85.0,24.0
1750.0,191.65,2983.0,85.0,25.0
1750.0,191.7,2982.0,84.0,26.0
1750.0,191.75,2981.0,84.0,27.0
1750.0,191.8,2980.0,84.0,28.0
1750.0,191.85,2979.0,84.0,29.0
1750.0,191.9,2979.0,83.0,30.0
1750.0,191.95,2978.0,83.0,31.0
1750.0,192.0,2977.0,83.0,32.0
1750.0,192.05,2978.0,82.0,33.0
1750.0,192.1,2979.0,81.0,35.0
1750.0,192.15,2981.0,80.0,36.0
1750.0,192.2,2982.0,79.0,37.0
1750.0,192.25,2983.0,78.0,38.0
1750.0,192.3,2984.0,77.0,39.0
1750.0,192.35,2985.0,76.0,40.0
1750.0,192.4,2987.0,75.0,42.0
1750.0,192.45,2988.0,74.0,43.0
1750.0,192.5,2989.0,73.0,44.0
1750.0,192.55,2982.0,72.0,44.0
1750.0,192.6,2976.0,70.0,44.0
1750.0,192.65,2969.0,69.0,44.0
1750.0,192.7,2963.0,68.0,44.0
1750.0,192.75,2956.0,66.0,44.0
1750.0,192.8,2949.0,65.0,44.0
1750.0,192.85,2943.0,64.0,44.0
1750.0,192.9,2936.0,62.0,44.0
1750.0,192.95,2930.0,61.0,44.0
1750.0,193.0,2923.0,59.0,44.0
1750.0,193.05,2920.0,63.0,43.0
1750.0,193.1,2916.0,67.0,42.0
1750.0,193.15,2913.0,70.0,41.0
1750.0,193.2,2909.0,74.0,41.0
1750.0,193.25,2906.0,77.0,40.0
1750.0,193.3,2903.0,81.0,39.0
1750.0,193.35,2899.0,84.0,38.0
1750.0,193.4,2896.0,88.0,37.0
1750.0,193.45,2892.0,91.0,37.0
1750.0,193.5,2889.0,95.0,36.0
1750.0,193.55,2890.0,97.0,36.0
1750.0,193.6,2892.0,100.0,36.0
1750.0,193.65,2893.0,102.0,35.0
1750.0,193.7,2895.0,105.0,35.0
1750.0,193.75,2896.0,107.0,35.0
1750.0,193.8,2897.0,110.0,35.0
1750.0,193.85,2899.0,112.0,34.0
1750.0,193.9,2900.0,115.0,34.0
1750.0,193.95,2902.0,117.0,34.0
1750.0,194.0,2903.0,119.0,34.0
1750.0,194.05,2909.0,118.0,35.0
1750.0,194.1,2916.0,116.0,35.0
1750.0,194.15,2922.0,114.0,36.0
1750.0,194.2,2929.0,112.0,37.0
1750.0,194.25,2935.0,110.0,37.0
1750.0,194.3,2941.0,108.0,38.0
1750.0,194.35,2948.0,106.0,39.0
1750.0,194.4,2954.0,105.0,39.0
1750.0,194.45,2961.0,103.0,40.0
1750.0,194.5,2967.0,101.0,41.0
1750.0,194.55,2975.0,101.0,42.0
1750.0,194.6,2983.0,101.0,44.0
1750.0,194.65,2991.0,101.0,46.0
1750.0,194.7,2999.0,101.0,47.0
1750.0,194.75,3008.0,102.0,49.0
1750.0,194.8,3016.0,102.0,51.0
1750.0,194.85,3024.0,102.0,52.0
1750.0,194.9,3032.0,102.0,54.0
1750.0,194.95,3040.0,102.0,56.0
1750.0,195.0,3048.0,102.0,57.0
1750.0,195.05,3043.0,102.0,56.0
1750.0,195.1,3038.0,101.0,55.0
1750.0,195.15,3033.0,100.0,54.0
1750.0,195.2,3028.0,99.0,53.0
1750.0,195.25,3024.0,98.0,52.0
1750.0,195.3,3019.0,97.0,51.0
1750.0,195.35,3014.0,96.0,50.0
1750.0,195.4,3009.0,95.0,49.0
1750.0,195.45,3004.0,94.0,48.0
1750.0,195.5,2999.0,93.0,47.0
1750.0,195.55,2974.0,95.0,48.0
1750.0,195.6,2949.0,98.0,49.0
1750.0,195.65,2924.0,100.0,50.0
1750.0,195.7,2899.0,102.0,51.0
1750.0,195.75,2874.0,105.0,52.0
1750.0,195.8,2849.0,107.0,53.0
1750.0,195.85,2824.0,109.0,54.0
1750.0,195.9,2799.0,112.0,55.0
1750.0,195.95,2774.0,114.0,56.0
1750.0,196.0,2749.0,116.0,57.0
1750.0,196.05,2771.0,119.0,53.0
1750.0,196.1,2792.0,121.0,48.0
1750.0,196.15,2814.0,123.0,44.0
1750.0,196.2,2836.0,125.0,40.0
1750.0,196.25,2858.0,127.0,36.0
1750.0,196.3,2879.0,129.0,32.0
1750.0,196.35,2901.0,132.0,28.0
1750.0,196.4,2923.0,134.0,24.0
1750.0,196.45,2944.0,136.0,20.0
1750.0,196.5,2966.0,138.0,16.0
1750.0,196.55,2975.0,136.0,19.0
1750.0,196.6,2984.0,134.0,21.0
1750.0,196.65,2993.0,132.0,23.0
1750.0,196.7,3002.0,129.0,26.0
1750.0,196.75,3010.0,127.0,28.0
1750.0,196.8,3019.0,125.0,31.0
1750.0,196.85,3028.0,123.0,33.0
1750.0,196.9,3037.0,121.0,35.0
1750.0,196.95,3046.0,118.0,38.0
1750.0,197.0,3055.0,116.0,40.0
1750.0,197.05,3061.0,114.0,42.0
1750.0,197.1,3067.0,112.0,43.0
1750.0,197.15,3074.0,110.0,45.0
1750.0,197.2,3080.0,108.0,46.0
1750.0,197.25,3086.0,106.0,48.0
1750.0,197.3,3092.0,103.0,49.0
1750.0,197.35,3098.0,101.0,51.0
1750.0,197.4,3105.0,99.0,52.0
1750.0,197.45,3111.0,97.0,54.0
1750.0,197.5,3117.0,95.0,55.0
1750.0,197.55,3115.0,96.0,55.0
1750.0,197.6,3112.0,98.0,55.0
1750.0,197.65,3110.0,99.0,55.0
1750.0,197.7,3107.0,101.0,54.0
1750.0,197.75,3105.0,102.0,54.0
1750.0,197.8,3103.0,103.0,54.0
1750.0,197.85,3100.0,105.0,54.0
1750.0,197.9,3098.0,106.0,54.0
1750.0,197.95,3095.0,108.0,54.0
1750.0,198.0,3093.0,109.0,53.0
1750.0,198.05,3086.0,110.0,51.0
1750.0,198.1,3079.0,112.0,49.0
1750.0,198.15,3072.0,113.0,47.0
1750.0,198.2,3065.0,115.0,45.0
1750.0,198.25,3058.0,116.0,43.0
1750.0,198.3,3051.0,117.0,40.0
1750.0,198.35,3044.0,119.0,38.0
1750.0,198.4,3037.0,120.0,36.0
1750.0,198.45,3030.0,121.0,34.0
1750.0,198.5,3023.0,123.0,32.0
1750.0,198.55,3023.0,123.0,32.0
1750.0,198.6,3023.0,123.0,32.0
1750.0,198.65,3023.0,123.0,32.0
1750.0,198.7,3023.0,123.0,32.0
1750.0,198.75,3023.0,123.0,32.0
1750.0,198.8,3023.0,123.0,32.0
1750.0,198.85,3023.0,123.0,32.0
1750.0,198.9,3023.0,123.0,32.0
1750.0,198.95,3023.0,123.0,32.0
1750.0,199.0,3023.0,123.0,32.0
1750.0,199.05,3023.0,123.0,32.0
1750.0,199.1,3023.0,123.0,32.0
1750.0,199.15,3023.0,123.0,32.0
1750.0,199.2,3023.0,123.0,32.0
1750.0,199.25,3023.0,123.0,32.0
1750.0,199.3,3023.0,123.0,32.0
1750.0,199.35,3023.0,123.0,32.0
1750.0,199.4,3023.0,123.0,32.0
1750.0,199.45,3023.0,123.0,32.0
1750.0,199.5,3023.0,123.0,32.0
1750.0,199.55,3023.0,123.0,32.0
1750.0,199.6,3023.0,123.0,32.0
1750.0,199.65,3023.0,123.0,32.0
1750.0,199.7,3023.0,123.0,32.0
1750.0,199.75,3023.0,123.0,32.0
1750.0,199.8,3023.0,123.0,32.0
1750.0,199.85,3023.0,123.0,32.0
1750.0,199.9,3023.0,123.0,32.0
1750.0,199.95,3023.0,123.0,32.0
1750.0,200.0,3023.0,123.0,32.0
1750.0,200.05,3023.0,123.0,32.0
1750.0,200.1,3023.0,123.0,32.0
1750.0,200.15,3023.0,123.0,32.0
1750.0,200.2,3023.0,123.0,32.0
1750.0,200.25,3023.0,123.0,32.0
1750.0,200.3,3023.0,123.0,32.0
1750.0,200.35,3023.0,123.0,32.0
1750.0,200.4,3023.0,123.0,32.0
1750.0,200.45,3023.0,123.0,32.0
1750.0,200.5,3023.0,123.0,32.0
1760.0,189.5,3051.0,86.0,23.0
1760.0,189.55,3051.0,86.0,23.0
1760.0,189.6,3051.0,86.0,23.0
1760.0,189.65,3051.0,86.0,23.0
1760.0,189.7,3051.0,86.0,23.0
1760.0,189.75,3051.0,86.0,23.0
1760.0,189.8,3051.0,86.0,23.0
1760.0,189.85,3051.0,86.0,23.0
1760.0,189.9,3051.0,86.0,23.0
1760.0,189.95,3051.0,86.0,23.0
1760.0,190.0,3051.0,86.0,23.0
1760.0,190.05,3051.0,86.0,23.0
1760.0,190.1,3051.0,86.0,23.0
1760.0,190.15,3051.0,86.0,23.0
1760.0,190.2,3051.0,86.0,23.0
1760.0,190.25,3051.0,86.0,23.0
1760.0,190.3,3051.0,86.0,23.0
1760.0,190.35,3051.0,86.0,23.0
1760.0,190.4,3051.0,86.0,23.0
1760.0,190.45,3051.0,86.0,23.0
1760.0,190.5,3051.0,86.0,23.0
1760.0,190.55,3051.0,86.0,23.0
1760.0,190.6,3051.0,86.0,23.0
1760.0,190.65,3051.0,86.0,23.0
1760.0,190.7,3051.0,86.0,23.0
1760.0,190.75,3051.0,86.0,23.0
1760.0,190.8,3051.0,86.0,23.0
1760.0,190.85,3051.0,86.0,23.0
1760.0,190.9,3051.0,86.0,23.0
1760.0,190.95,3051.0,86.0,23.0
1760.0,191.0,3051.0,86.0,23.0
1760.0,191.05,3051.0,86.0,23.0
1760.0,191.1,3051.0,86.0,23.0
1760.0,191.15,3051.0,86.0,23.0
1760.0,191.2,3051.0,86.0,23.0
1760.0,191.25,3051.0,86.0,23.0
1760.0,191.3,3051.0,86.0,23.0
1760.0,191.35,3051.0,86.0,23.0
1760.0,191.4,3051.0,86.0,23.0
1760.0,191.45,3051.0,86.0,23.0
1760.0,191.5,3051.0,86.0,23.0
1760.0,191.55,3050.0,86.0,24.0
1760.0,191.6,3049.0,86.0,25.0
1760.0,191.65,3049.0,86.0,26.0
1760.0,191.7,3048.0,85.0,27.0
1760.0,191.75,3047.0,85.0,28.0
1760.0,191.8,3046.0,85.0,29.0
1760.0,191.85,3045.0,85.0,30.0
1760.0,191.9,3045.0,84.0,31.0
1760.0,191.95,3044.0,85.0,32.0
1760.0,192.0,3043.0,86.0,34.0
1760.0,192.05,3044.0,84.0,35.0
1760.0,192.1,3046.0,83.0,36.0
1760.0,192.15,3047.0,82.0,37.0
1760.0,192.2,3048.0,81.0,38.0
1760.0,192.25,3049.0,80.0,40.0
1760.0,192.3,3050.0,79.0,41.0
1760.0,192.35,3052.0,78.0,42.0
1760.0,192.4,3053.0,77.0,43.0
1760.0,192.45,3054.0,76.0,44.0
1760.0,192.5,3055.0,75.0,45.0
1760.0,192.55,3049.0,73.0,45.0
1760.0,192.6,3042.0,72.0,45.0
1760.0,192.65,3035.0,71.0,45.0
1760.0,192.7,3029.0,69.0,45.0
1760.0,192.75,3022.0,68.0,45.0
1760.0,192.8,3016.0,67.0,45.0
1760.0,192.85,3009.0,65.0,45.0
1760.0,192.9,3002.0,64.0,45.0
1760.0,192.95,2995.0,62.0,45.0
1760.0,193.0,2988.0,60.0,45.0
1760.0,193.05,2985.0,65.0,44.0
1760.0,193.1,2981.0,69.0,44.0
1760.0,193.15,2978.0,73.0,43.0
1760.0,193.2,2974.0,77.0,42.0
1760.0,193.25,2971.0,80.0,41.0
1760.0,193.3,2968.0,84.0,41.0
1760.0,193.35,2964.0,87.0,40.0
1760.0,193.4,2961.0,91.0,39.0
1760.0,193.45,2957.0,94.0,38.0
1760.0,193.5,2954.0,98.0,37.0
1760.0,193.55,2955.0,100.0,37.0
1760.0,193.6,2957.0,103.0,37.0
1760.0,193.65,2958.0,105.0,37.0
1760.0,193.7,2960.0,108.0,37.0
1760.0,193.75,2961.0,110.0,36.0
1760.0,193.8,2962.0,113.0,36.0
1760.0,193.85,2964.0,115.0,36.0
1760.0,193.9,2965.0,117.0,36.0
1760.0,193.95,2966.0,118.0,35.0
1760.0,194.0,2968.0,119.0,35.0
1760.0,194.05,2975.0,119.0,36.0
1760.0,194.1,2982.0,119.0,37.0
1760.0,194.15,2989.0,117.0,38.0
1760.0,194.2,2995.0,115.0,39.0
1760.0,194.25,3001.0,113.0,39.0
1760.0,194.3,3008.0,111.0,40.0
1760.0,194.35,3014.0,109.0,41.0
1760.0,194.4,3021.0,108.0,41.0
1760.0,194.45,3027.0,106.0,42.0
1760.0,194.5,3033.0,104.0,43.0
1760.0,194.55,3043.0,101.0,44.0
1760.0,194.6,3052.0,98.0,46.0
1760.0,194.65,3061.0,98.0,48.0
1760.0,194.7,3069.0,98.0,49.0
1760.0,194.75,3077.0,98.0,51.0
1760.0,194.8,3085.0,99.0,53.0
1760.0,194.85,3093.0,99.0,54.0
1760.0,194.9,3101.0,99.0,56.0
1760.0,194.95,3109.0,99.0,58.0
1760.0,195.0,3117.0,99.0,59.0
1760.0,195.05,3112.0,98.0,58.0
1760.0,195.1,3107.0,97.0,57.0
1760.0,195.15,3102.0,96.0,56.0
1760.0,195.2,3098.0,96.0,55.0
1760.0,195.25,3093.0,95.0,54.0
1760.0,195.3,3088.0,94.0,53.0
1760.0,195.35,3083.0,93.0,52.0
1760.0,195.4,3078.0,92.0,51.0
1760.0,195.45,3074.0,91.0,50.0
1760.0,195.5,3070.0,90.0,49.0
1760.0,195.55,3045.0,92.0,50.0
1760.0,195.6,3020.0,95.0,51.0
1760.0,195.65,2995.0,97.0,52.0
1760.0,195.7,2970.0,99.0,53.0
1760.0,195.75,2945.0,102.0,54.0
1760.0,195.8,2920.0,104.0,55.0
1760.0,195.85,2895.0,107.0,56.0
1760.0,195.9,2870.0,109.0,57.0
1760.0,195.95,2862.0,113.0,51.0
1760.0,196.0,2853.0,117.0,45.0
1760.0,196.05,2857.0,118.0,45.0
1760.0,196.1,2861.0,119.0,45.0
1760.0,196.15,2883.0,121.0,41.0
1760.0,196.2,2904.0,123.0,37.0
1760.0,196.25,2926.0,125.0,33.0
1760.0,196.3,2948.0,128.0,29.0
1760.0,196.35,2969.0,130.0,25.0
1760.0,196.4,2991.0,132.0,21.0
1760.0,196.45,3013.0,134.0,17.0
1760.0,196.5,3035.0,136.0,13.0
1760.0,196.55,3044.0,134.0,15.0
1760.0,196.6,3052.0,132.0,18.0
1760.0,196.65,3061.0,130.0,20.0
1760.0,196.7,3070.0,128.0,23.0
1760.0,196.75,3079.0,125.0,25.0
1760.0,196.8,3088.0,123.0,27.0
1760.0,196.85,3097.0,121.0,30.0
1760.0,196.9,3106.0,119.0,32.0
1760.0,196.95,3119.0,117.0,34.0
1760.0,197.0,3132.0,116.0,35.0
1760.0,197.05,3143.0,112.0,39.0
1760.0,197.1,3154.0,107.0,43.0
1760.0,197.15,3160.0,105.0,45.0
1760.0,197.2,3166.0,103.0,46.0
1760.0,197.25,3172.0,101.0,48.0
1760.0,197.3,3179.0,99.0,49.0
1760.0,197.35,3185.0,97.0,51.0
1760.0,197.4,3191.0,94.0,52.0
1760.0,197.45,3197.0,92.0,54.0
1760.0,197.5,3203.0,90.0,55.0
1760.0,197.55,3201.0,92.0,55.0
1760.0,197.6,3199.0,93.0,55.0
1760.0,197.65,3196.0,94.0,55.0
1760.0,197.7,3194.0,96.0,55.0
1760.0,197.75,3191.0,97.0,54.0
1760.0,197.8,3189.0,99.0,54.0
1760.0,197.85,3187.0,100.0,54.0
1760.0,197.9,3184.0,101.0,54.0
1760.0,197.95,3179.0,103.0,53.0
1760.0,198.0,3173.0,104.0,53.0
1760.0,198.05,3160.0,107.0,50.0
1760.0,198.1,3148.0,110.0,46.0
1760.0,198.15,3141.0,111.0,44.0
1760.0,198.2,3134.0,112.0,42.0
1760.0,198.25,3127.0,114.0,40.0
1760.0,198.3,3120.0,115.0,38.0
1760.0,198.35,3113.0,117.0,36.0
1760.0,198.4,3106.0,118.0,33.0
1760.0,198.45,3099.0,119.0,31.0
1760.0,198.5,3092.0,121.0,29.0
1760.0,198.55,3092.0,121.0,29.0
1760.0,198.6,3092.0,121.0,29.0
1760.0,198.65,3092.0,121.0,29.0
1760.0,198.7,3092.0,121.0,29.0
1760.0,198.75,3092.0,121.0,29.0
1760.0,198.8,3092.0,121.0,29.0
1760.0,198.85,3092.0,121.0,29.0
1760.0,198.9,3092.0,121.0,29.0
1760.0,198.95,3092.0,121.0,29.0
1760.0,199.0,3092.0,121.0,29.0
1760.0,199.05,3092.0,121.0,29.0
1760.0,199.1,3092.0,121.0,29.0
1760.0,199.15,3092.0,121.0,29.0
1760.0,199.2,3092.0,121.0,29.0
1760.0,199.25,3092.0,121.0,29.0
1760.0,199.3,3092.0,121.0,29.0
1760.0,199.35,3092.0,121.0,29.0
1760.0,199.4,3092.0,121.0,29.0
1760.0,199.45,3092.0,121.0,29.0
1760.0,199.5,3092.0,121.0,29.0
1760.0,199.55,3092.0,121.0,29.0
1760.0,199.6,3092.0,121.0,29.0
1760.0,199.65,3092.0,121.0,29.0
1760.0,199.7,3092.0,121.0,29.0
1760.0,199.75,3092.0,121.0,29.0
1760.0,199.8,3092.0,121.0,29.0
1760.0,199.85,3092.0,121.0,29.0
1760.0,199.9,3092.0,121.0,29.0
1760.0,199.95,3092.0,121.0,29.0
1760.0,200.0,3092.0,121.0,29.0
1760.0,200.05,3092.0,121.0,29.0
1760.0,200.1,3092.0,121.0,29.0
1760.0,200.15,3092.0,121.0,29.0
1760.0,200.2,3092.0,121.0,29.0
1760.0,200.25,3092.0,121.0,29.0
1760.0,200.3,3092.0,121.0,29.0
1760.0,200.35,3092.0,121.0,29.0
1760.0,200.4,3092.0,121.0,29.0
1760.0,200.45,3092.0,121.0,29.0
1760.0,200.5,3092.0,121.0,29.0
1770.0,189.5,3117.0,87.0,24.0
1770.0,189.55,3117.0,87.0,24.0
1770.0,189.6,3117.0,87.0,24.0
1770.0,189.65,3117.0,87.0,24.0
1770.0,189.7,3117.0,87.0,24.0
1770.0,189.75,3117.0,87.0,24.0
1770.0,189.8,3117.0,87.0,24.0
1770.0,189.85,3117.0,87.0,24.0
1770.0,189.9,3117.0,87.0,24.0
1770.0,189.95,3117.0,87.0,24.0
1770.0,190.0,3117.0,87.0,24.0
1770.0,190.05,3117.0,87.0,24.0
1770.0,190.1,3117.0,87.0,24.0
1770.0,190.15,3117.0,87.0,24.0
1770.0,190.2,3117.0,87.0,24.0
1770.0,190.25,3117.0,87.0,24.0
1770.0,190.3,3117.0,87.0,24.0
1770.0,190.35,3117.0,87.0,24.0
1770.0,190.4,3117.0,87.0,24.0
1770.0,190.45,3117.0,87.0,24.0
1770.0,190.5,3117.0,87.0,24.0
1770.0,190.55,3117.0,87.0,24.0
1770.0,190.6,3117.0,87.0,24.0
1770.0,190.65,3117.0,87.0,24.0
1770.0,190.7,3117.0,87.0,24.0
1770.0,190.75,3117.0,87.0,24.0
1770.0,190.8,3117.0,87.0,24.0
1770.0,190.85,3117.0,87.0,24.0
1770.0,190.9,3117.0,87.0,24.0
1770.0,190.95,3117.0,87.0,24.0
1770.0,191.0,3117.0,87.0,24.0
1770.0,191.05,3117.0,87.0,24.0
1770.0,191.1,3117.0,87.0,24.0
1770.0,191.15,3117.0,87.0,24.0
1770.0,191.2,3117.0,87.0,24.0
1770.0,191.25,3117.0,87.0,24.0
1770.0,191.3,3117.0,87.0,24.0
1770.0,191.35,3117.0,87.0,24.0
1770.0,191.4,3117.0,87.0,24.0
1770.0,191.45,3117.0,87.0,24.0
1770.0,191.5,3117.0,87.0,24.0
1770.0,191.55,3116.0,87.0,25.0
1770.0,191.6,3115.0,87.0,26.0
1770.0,191.65,3115.0,87.0,27.0
1770.0,191.7,3114.0,86.0,28.0
1770.0,191.75,3113.0,86.0,29.0
1770.0,191.8,3112.0,86.0,30.0
1770.0,191.85,3112.0,86.0,31.0
1770.0,191.9,3111.0,87.0,33.0
1770.0,191.95,3110.0,88.0,34.0
1770.0,192.0,3109.0,88.0,35.0
1770.0,192.05,3111.0,87.0,36.0
1770.0,192.1,3112.0,85.0,38.0
1770.0,192.15,3113.0,84.0,39.0
1770.0,192.2,3114.0,82.0,40.0
1770.0,192.25,3115.0,81.0,41.0
1770.0,192.3,3117.0,80.0,42.0
1770.0,192.35,3118.0,79.0,44.0
1770.0,192.4,3119.0,78.0,45.0
1770.0,192.45,3120.0,77.0,46.0
1770.0,192.5,3121.0,76.0,47.0
1770.0,192.55,3115.0,75.0,47.0
1770.0,192.6,3108.0,74.0,47.0
1770.0,192.65,3102.0,72.0,47.0
1770.0,192.7,3095.0,71.0,47.0
1770.0,192.75,3088.0,70.0,47.0
1770.0,192.8,3082.0,68.0,47.0
1770.0,192.85,3075.0,66.0,47.0
1770.0,192.9,3068.0,64.0,46.0
1770.0,192.95,3061.0,62.0,46.0
1770.0,193.0,3054.0,60.0,46.0
1770.0,193.05,3050.0,65.0,45.0
1770.0,193.1,3047.0,70.0,45.0
1770.0,193.15,3043.0,75.0,44.0
1770.0,193.2,3039.0,80.0,44.0
1770.0,193.25,3036.0,83.0,43.0
1770.0,193.3,3033.0,87.0,42.0
1770.0,193.35,3029.0,90.0,41.0
1770.0,193.4,3026.0,94.0,41.0
1770.0,193.45,3022.0,97.0,40.0
1770.0,193.5,3019.0,101.0,39.0
1770.0,193.55,3020.0,103.0,39.0
1770.0,193.6,3022.0,106.0,39.0
1770.0,193.65,3023.0,108.0,38.0
1770.0,193.7,3025.0,111.0,38.0
1770.0,193.75,3026.0,113.0,38.0
1770.0,193.8,3027.0,116.0,38.0
1770.0,193.85,3029.0,116.0,37.0
1770.0,193.9,3030.0,117.0,37.0
1770.0,193.95,3031.0,118.0,36.0
1770.0,194.0,3033.0,119.0,36.0
1770.0,194.05,3040.0,119.0,37.0
1770.0,194.1,3047.0,119.0,38.0
1770.0,194.15,3054.0,118.0,39.0
1770.0,194.2,3061.0,118.0,41.0
1770.0,194.25,3068.0,116.0,41.0
1770.0,194.3,3074.0,114.0,42.0
1770.0,194.35,3081.0,112.0,43.0
1770.0,194.4,3087.0,111.0,43.0
1770.0,194.45,3093.0,109.0,44.0
1770.0,194.5,3100.0,107.0,45.0
1770.0,194.55,3109.0,104.0,46.0
1770.0,194.6,3119.0,101.0,48.0
1770.0,194.65,3128.0,98.0,50.0
1770.0,194.7,3138.0,95.0,51.0
1770.0,194.75,3146.0,95.0,53.0
1770.0,194.8,3154.0,96.0,54.0
1770.0,194.85,3162.0,96.0,56.0
1770.0,194.9,3170.0,96.0,58.0
1770.0,194.95,3178.0,96.0,60.0
1770.0,195.0,3186.0,96.0,61.0
1770.0,195.05,3181.0,95.0,60.0
1770.0,195.1,3177.0,94.0,59.0
1770.0,195.15,3172.0,93.0,58.0
1770.0,195.2,3167.0,92.0,57.0
1770.0,195.25,3162.0,91.0,56.0
1770.0,195.3,3157.0,90.0,55.0
1770.0,195.35,3153.0,90.0,54.0
1770.0,195.4,3149.0,89.0,53.0
1770.0,195.45,3145.0,88.0,53.0
1770.0,195.5,3141.0,87.0,52.0
1770.0,195.55,3116.0,90.0,53.0
1770.0,195.6,3091.0,92.0,54.0
1770.0,195.65,3066.0,94.0,55.0
1770.0,195.7,3041.0,97.0,56.0
1770.0,195.75,3016.0,99.0,57.0
1770.0,195.8,2991.0,101.0,58.0
1770.0,195.85,2983.0,106.0,52.0
1770.0,195.9,2974.0,110.0,46.0
1770.0,195.95,2966.0,114.0,40.0
1770.0,196.0,2957.0,118.0,34.0
1770.0,196.05,2961.0,119.0,34.0
1770.0,196.1,2965.0,120.0,34.0
1770.0,196.15,2969.0,121.0,34.0
1770.0,196.2,2973.0,121.0,34.0
1770.0,196.25,2995.0,124.0,30.0
1770.0,196.3,3016.0,126.0,26.0
1770.0,196.35,3038.0,128.0,22.0
1770.0,196.4,3060.0,130.0,18.0
1770.0,196.45,3081.0,132.0,14.0
1770.0,196.5,3103.0,134.0,10.0
1770.0,196.55,3112.0,132.0,12.0
1770.0,196.6,3121.0,130.0,15.0
1770.0,196.65,3130.0,128.0,17.0
1770.0,196.7,3139.0,126.0,19.0
1770.0,196.75,3148.0,124.0,22.0
1770.0,196.8,3157.0,121.0,24.0
1770.0,196.85,3170.0,120.0,25.0
1770.0,196.9,3183.0,118.0,27.0
1770.0,196.95,3196.0,117.0,28.0
1770.0,197.0,3209.0,116.0,29.0
1770.0,197.05,3220.0,111.0,34.0
1770.0,197.1,3231.0,107.0,38.0
1770.0,197.15,3242.0,103.0,42.0
1770.0,197.2,3253.0,98.0,46.0
1770.0,197.25,3259.0,96.0,48.0
1770.0,197.3,3265.0,94.0,49.0
1770.0,197.35,3271.0,92.0,51.0
1770.0,197.4,3277.0,90.0,52.0
1770.0,197.45,3284.0,87.0,54.0
1770.0,197.5,3290.0,85.0,55.0
1770.0,197.55,3287.0,87.0,55.0
1770.0,197.6,3285.0,88.0,55.0
1770.0,197.65,3283.0,90.0,55.0
1770.0,197.7,3280.0,91.0,55.0
1770.0,197.75,3278.0,92.0,54.0
1770.0,197.8,3275.0,94.0,54.0
1770.0,197.85,3270.0,95.0,54.0
1770.0,197.9,3264.0,97.0,53.0
1770.0,197.95,3259.0,98.0,53.0
1770.0,198.0,3253.0,100.0,52.0
1770.0,198.05,3240.0,103.0,49.0
1770.0,198.1,3228.0,105.0,46.0
1770.0,198.15,3215.0,108.0,42.0
1770.0,198.2,3203.0,110.0,39.0
1770.0,198.25,3196.0,112.0,37.0
1770.0,198.3,3189.0,113.0,35.0
1770.0,198.35,3182.0,115.0,33.0
1770.0,198.4,3175.0,116.0,31.0
1770.0,198.45,3168.0,117.0,28.0
1770.0,198.5,3161.0,119.0,26.0
1770.0,198.55,3161.0,119.0,26.0
1770.0,198.6,3161.0,119.0,26.0
1770.0,198.65,3161.0,119.0,26.0
1770.0,198.7,3161.0,119.0,26.0
1770.0,198.75,3161.0,119.0,26.0
1770.0,198.8,3161.0,119.0,26.0
1770.0,198.85,3161.0,119.0,26.0
1770.0,198.9,3161.0,119.0,26.0
1770.0,198.95,3161.0,119.0,26.0
1770.0,199.0,3161.0,119.0,26.0
1770.0,199.05,3161.0,119.0,26.0
1770.0,199.1,3161.0,119.0,26.0
1770.0,199.15,3161.0,119.0,26.0
1770.0,199.2,3161.0,119.0,26.0
1770.0,199.25,3161.0,119.0,26.0
1770.0,199.3,3161.0,119.0,26.0
1770.0,199.35,3161.0,119.0,26.0
1770.0,199.4,3161.0,119.0,26.0
1770.0,199.45,3161.0,119.0,26.0
1770.0,199.5,3161.0,119.0,26.0
1770.0,199.55,3161.0,119.0,26.0
1770.0,199.6,3161.0,119.0,26.0
1770.0,199.65,3161.0,119.0,26.0
1770.0,199.7,3161.0,119.0,26.0
1770.0,199.75,3161.0,119.0,26.0
1770.0,199.8,3161.0,119.0,26.0
1770.0,199.85,3161.0,119.0,26.0
1770.0,199.9,3161.0,119.0,26.0
1770.0,199.95,3161.0,119.0,26.0
1770.0,200.0,3161.0,119.0,26.0
1770.0,200.05,3161.0,119.0,26.0
1770.0,200.1,3161.0,119.0,26.0
1770.0,200.15,3161.0,119.0,26.0
1770.0,200.2,3161.0,119.0,26.0
1770.0,200.25,3161.0,119.0,26.0
1770.0,200.3,3161.0,119.0,26.0
1770.0,200.35,3161.0,119.0,26.0
1770.0,200.4,3161.0,119.0,26.0
1770.0,200.45,3161.0,119.0,26.0
1770.0,200.5,3161.0,119.0,26.0
1780.0,189.5,3183.0,88.0,25.0
1780.0,189.55,3183.0,88.0,25.0
1780.0,189.6,3183.0,88.0,25.0
1780.0,189.65,3183.0,88.0,25.0
1780.0,189.7,3183.0,88.0,25.0
1780.0,189.75,3183.0,88.0,25.0
1780.0,189.8,3183.0,88.0,25.0
1780.0,189.85,3183.0,88.0,25.0
1780.0,189.9,3183.0,88.0,25.0
1780.0,189.95,3183.0,88.0,25.0
1780.0,190.0,3183.0,88.0,25.0
1780.0,190.05,3183.0,88.0,25.0
1780.0,190.1,3183.0,88.0,25.0
1780.0,190.15,3183.0,88.0,25.0
1780.0,190.2,3183.0,88.0,25.0
1780.0,190.25,3183.0,88.0,25.0
1780.0,190.3,3183.0,88.0,25.0
1780.0,190.35,3183.0,88.0,25.0
1780.0,190.4,3183.0,88.0,25.0
1780.0,190.45,3183.0,88.0,25.0
1780.0,190.5,3183.0,88.0,25.0
1780.0,190.55,3183.0,88.0,25.0
1780.0,190.6,3183.0,88.0,25.0
1780.0,190.65,3183.0,88.0,25.0
1780.0,190.7,3183.0,88.0,25.0
1780.0,190.75,3183.0,88.0,25.0
1780.0,190.8,3183.0,88.0,25.0
1780.0,190.85,3183.0,88.0,25.0
1780.0,190.9,3183.0,88.0,25.0
1780.0,190.95,3183.0,88.0,25.0
1780.0,191.0,3183.0,88.0,25.0
1780.0,191.05,3183.0,88.0,25.0
1780.0,191.1,3183.0,88.0,25.0
1780.0,191.15,3183.0,88.0,25.0
1780.0,191.2,3183.0,88.0,25.0
1780.0,191.25,3183.0,88.0,25.0
1780.0,191.3,3183.0,88.0,25.0
1780.0,191.35,3183.0,88.0,25.0
1780.0,191.4,3183.0,88.0,25.0
1780.0,191.45,3183.0,88.0,25.0
1780.0,191.5,3183.0,88.0,25.0
1780.0,191.55,3182.0,88.0,26.0
1780.0,191.6,3181.0,88.0,27.0
1780.0,191.65,3181.0,88.0,28.0
1780.0,191.7,3180.0,87.0,29.0
1780.0,191.75,3179.0,88.0,30.0
1780.0,191.8,3178.0,89.0,32.0
1780.0,191.85,3178.0,89.0,33.0
1780.0,191.9,3177.0,90.0,34.0
1780.0,191.95,3176.0,90.0,35.0
1780.0,192.0,3176.0,91.0,36.0
1780.0,192.05,3177.0,89.0,38.0
1780.0,192.1,3178.0,88.0,39.0
1780.0,192.15,3179.0,86.0,40.0
1780.0,192.2,3180.0,85.0,41.0
1780.0,192.25,3182.0,83.0,43.0
1780.0,192.3,3183.0,82.0,44.0
1780.0,192.35,3184.0,81.0,45.0
1780.0,192.4,3185.0,80.0,46.0
1780.0,192.45,3186.0,79.0,47.0
1780.0,192.5,3188.0,78.0,49.0
1780.0,192.55,3181.0,77.0,49.0
1780.0,192.6,3174.0,75.0,49.0
1780.0,192.65,3168.0,74.0,49.0
1780.0,192.7,3161.0,73.0,49.0
1780.0,192.75,3154.0,71.0,48.0
1780.0,192.8,3147.0,69.0,48.0
1780.0,192.85,3140.0,67.0,48.0
1780.0,192.9,3133.0,65.0,47.0
1780.0,192.95,3126.0,63.0,47.0
1780.0,193.0,3119.0,61.0,47.0
1780.0,193.05,3116.0,66.0,46.0
1780.0,193.1,3112.0,70.0,46.0
1780.0,193.15,3108.0,75.0,45.0
1780.0,193.2,3105.0,80.0,45.0
1780.0,193.25,3101.0,85.0,44.0
1780.0,193.3,3098.0,90.0,44.0
1780.0,193.35,3094.0,93.0,43.0
1780.0,193.4,3091.0,97.0,42.0
1780.0,193.45,3087.0,100.0,41.0
1780.0,193.5,3084.0,104.0,41.0
1780.0,193.55,3085.0,106.0,40.0
1780.0,193.6,3087.0,109.0,40.0
1780.0,193.65,3088.0,111.0,40.0
1780.0,193.7,3090.0,114.0,40.0
1780.0,193.75,3091.0,114.0,39.0
1780.0,193.8,3092.0,115.0,39.0
1780.0,193.85,3093.0,116.0,38.0
1780.0,193.9,3095.0,117.0,37.0
1780.0,193.95,3096.0,118.0,37.0
1780.0,194.0,3097.0,119.0,36.0
1780.0,194.05,3105.0,119.0,38.0
1780.0,194.1,3112.0,118.0,39.0
1780.0,194.15,3119.0,118.0,40.0
1780.0,194.2,3126.0,118.0,42.0
1780.0,194.25,3133.0,118.0,43.0
1780.0,194.3,3141.0,117.0,44.0
1780.0,194.35,3147.0,115.0,45.0
1780.0,194.4,3153.0,114.0,46.0
1780.0,194.45,3160.0,112.0,46.0
1780.0,194.5,3166.0,110.0,47.0
1780.0,194.55,3176.0,107.0,48.0
1780.0,194.6,3185.0,104.0,50.0
1780.0,194.65,3195.0,101.0,52.0
1780.0,194.7,3204.0,98.0,53.0
1780.0,194.75,3214.0,95.0,55.0
1780.0,194.8,3223.0,92.0,56.0
1780.0,194.85,3231.0,93.0,58.0
1780.0,194.9,3239.0,93.0,60.0
1780.0,194.95,3247.0,93.0,61.0
1780.0,195.0,3256.0,93.0,63.0
1780.0,195.05,3251.0,92.0,62.0
1780.0,195.1,3246.0,91.0,61.0
1780.0,195.15,3241.0,90.0,60.0
1780.0,195.2,3236.0,89.0,59.0
1780.0,195.25,3232.0,88.0,58.0
1780.0,195.3,3228.0,88.0,57.0
1780.0,195.35,3224.0,87.0,57.0
1780.0,195.4,3220.0,86.0,56.0
1780.0,195.45,3216.0,85.0,56.0
1780.0,195.5,3212.0,84.0,55.0
1780.0,195.55,3187.0,87.0,56.0
1780.0,195.6,3162.0,89.0,57.0
1780.0,195.65,3137.0,91.0,58.0
1780.0,195.7,3112.0,94.0,59.0
1780.0,195.75,3104.0,98.0,53.0
1780.0,195.8,3095.0,102.0,47.0
1780.0,195.85,3087.0,106.0,41.0
1780.0,195.9,3078.0,111.0,35.0
1780.0,195.95,3070.0,115.0,29.0
1780.0,196.0,3062.0,119.0,23.0
1780.0,196.05,3066.0,120.0,23.0
1780.0,196.1,3069.0,121.0,23.0
1780.0,196.15,3073.0,121.0,23.0
1780.0,196.2,3077.0,122.0,23.0
1780.0,196.25,3081.0,123.0,23.0
1780.0,196.3,3085.0,124.0,23.0
1780.0,196.35,3107.0,126.0,19.0
1780.0,196.4,3128.0,128.0,15.0
1780.0,196.45,3150.0,130.0,11.0
1780.0,196.5,3172.0,133.0,6.0
1780.0,196.55,3181.0,130.0,9.0
1780.0,196.6,3190.0,128.0,11.0
1780.0,196.65,3199.0,126.0,14.0
1780.0,196.7,3207.0,124.0,16.0
1780.0,196.75,3220.0,122.0,17.0
1780.0,196.8,3234.0,121.0,19.0
1780.0,196.85,3247.0,120.0,20.0
1780.0,196.9,3260.0,118.0,21.0
1780.0,196.95,3273.0,117.0,23.0
1780.0,197.0,3286.0,115.0,24.0
1780.0,197.05,3297.0,111.0,28.0
1780.0,197.1,3308.0,107.0,32.0
1780.0,197.15,3319.0,102.0,37.0
1780.0,197.2,3330.0,98.0,41.0
1780.0,197.25,3340.0,93.0,45.0
1780.0,197.3,3351.0,89.0,49.0
1780.0,197.35,3358.0,87.0,51.0
1780.0,197.4,3364.0,85.0,52.0
1780.0,197.45,3370.0,83.0,54.0
1780.0,197.5,3376.0,81.0,55.0
1780.0,197.55,3374.0,82.0,55.0
1780.0,197.6,3371.0,83.0,55.0
1780.0,197.65,3369.0,85.0,55.0
1780.0,197.7,3367.0,86.0,55.0
1780.0,197.75,3361.0,88.0,54.0
1780.0,197.8,3355.0,89.0,53.0
1780.0,197.85,3350.0,91.0,53.0
1780.0,197.9,3344.0,92.0,52.0
1780.0,197.95,3339.0,94.0,52.0
1780.0,198.0,3333.0,95.0,51.0
1780.0,198.05,3320.0,98.0,48.0
1780.0,198.1,3308.0,101.0,45.0
1780.0,198.15,3295.0,103.0,42.0
1780.0,198.2,3283.0,106.0,39.0
1780.0,198.25,3270.0,108.0,35.0
1780.0,198.3,3258.0,111.0,32.0
1780.0,198.35,3251.0,112.0,30.0
1780.0,198.4,3244.0,114.0,28.0
1780.0,198.45,3237.0,115.0,26.0
1780.0,198.5,3230.0,117.0,24.0
1780.0,198.55,3230.0,117.0,24.0
1780.0,198.6,3230.0,117.0,24.0
1780.0,198.65,3230.0,117.0,24.0
1780.0,198.7,3230.0,117.0,24.0
1780.0,198.75,3230.0,117.0,24.0
1780.0,198.8,3230.0,117.0,24.0
1780.0,198.85,3230.0,117.0,24.0
1780.0,198.9,3230.0,117.0,24.0
1780.0,198.95,3230.0,117.0,24.0
1780.0,199.0,3230.0,117.0,24.0
1780.0,199.05,3230.0,117.0,24.0
1780.0,199.1,3230.0,117.0,24.0
1780.0,199.15,3230.0,117.0,24.0
1780.0,199.2,3230.0,117.0,24.0
1780.0,199.25,3230.0,117.0,24.0
1780.0,199.3,3230.0,117.0,24.0
1780.0,199.35,3230.0,117.0,24.0
1780.0,199.4,3230.0,117.0,24.0
1780.0,199.45,3230.0,117.0,24.0
1780.0,199.5,3230.0,117.0,24.0
1780.0,199.55,3230.0,117.0,24.0
1780.0,199.6,3230.0,117.0,24.0
1780.0,199.65,3230.0,117.0,24.0
1780.0,199.7,3230.0,117.0,24.0
1780.0,199.75,3230.0,117.0,24.0
1780.0,199.8,3230.0,117.0,24.0
1780.0,199.85,3230.0,117.0,24.0
1780.0,199.9,3230.0,117.0,24.0
1780.0,199.95,3230.0,117.0,24.0
1780.0,200.0,3230.0,117.0,24.0
1780.0,200.05,3230.0,117.0,24.0
1780.0,200.1,3230.0,117.0,24.0
1780.0,200.15,3230.0,117.0,24.0
1780.0,200.2,3230.0,117.0,24.0
1780.0,200.25,3230.0,117.0,24.0
1780.0,200.3,3230.0,117.0,24.0
1780.0,200.35,3230.0,117.0,24.0
1780.0,200.4,3230.0,117.0,24.0
1780.0,200.45,3230.0,117.0,24.0
1780.0,200.5,3230.0,117.0,24.0
1790.0,189.5,3249.0,89.0,26.0
1790.0,189.55,3249.0,89.0,26.0
1790.0,189.6,3249.0,89.0,26.0
1790.0,189.65,3249.0,89.0,26.0
1790.0,189.7,3249.0,89.0,26.0
1790.0,189.75,3249.0,89.0,26.0
1790.0,189.8,3249.0,89.0,26.0
1790.0,189.85,3249.0,89.0,26.0
1790.0,189.9,3249.0,89.0,26.0
1790.0,189.95,3249.0,89.0,26.0
1790.0,190.0,3249.0,89.0,26.0
1790.0,190.05,3249.0,89.0,26.0
1790.0,190.1,3249.0,89.0,26.0
1790.0,190.15,3249.0,89.0,26.0
1790.0,190.2,3249.0,89.0,26.0
1790.0,190.25,3249.0,89.0,26.0
1790.0,190.3,3249.0,89.0,26.0
1790.0,190.35,3249.0,89.0,26.0
1790.0,190.4,3249.0,89.0,26.0
1790.0,190.45,3249.0,89.0,26.0
1790.0,190.5,3249.0,89.0,26.0
1790.0,190.55,3249.0,89.0,26.0
1790.0,190.6,3249.0,89.0,26.0
1790.0,190.65,3249.0,89.0,26.0
1790.0,190.7,3249.0,89.0,26.0
1790.0,190.75,3249.0,89.0,26.0
1790.0,190.8,3249.0,89.0,26.0
1790.0,190.85,3249.0,89.0,26.0
1790.0,190.9,3249.0,89.0,26.0
1790.0,190.95,3249.0,89.0,26.0
1790.0,191.0,3249.0,89.0,26.0
1790.0,191.05,3249.0,89.0,26.0
1790.0,191.1,3249.0,89.0,26.0
1790.0,191.15,3249.0,89.0,26.0
1790.0,191.2,3249.0,89.0,26.0
1790.0,191.25,3249.0,89.0,26.0
1790.0,191.3,3249.0,89.0,26.0
1790.0,191.35,3249.0,89.0,26.0
1790.0,191.4,3249.0,89.0,26.0
1790.0,191.45,3249.0,89.0,26.0
1790.0,191.5,3249.0,89.0,26.0
1790.0,191.55,3248.0,89.0,27.0
1790.0,191.6,3247.0,89.0,28.0
1790.0,191.65,3247.0,89.0,29.0
1790.0,191.7,3246.0,90.0,30.0
1790.0,191.75,3245.0,91.0,32.0
1790.0,191.8,3245.0,91.0,33.0
1790.0,191.85,3244.0,92.0,34.0
1790.0,191.9,3243.0,92.0,35.0
1790.0,191.95,3242.0,93.0,36.0
1790.0,192.0,3242.0,94.0,38.0
1790.0,192.05,3243.0,92.0,39.0
1790.0,192.1,3244.0,91.0,40.0
1790.0,192.15,3245.0,89.0,41.0
1790.0,192.2,3247.0,88.0,43.0
1790.0,192.25,3248.0,86.0,44.0
1790.0,192.3,3249.0,85.0,45.0
1790.0,192.35,3250.0,83.0,47.0
1790.0,192.4,3251.0,82.0,48.0
1790.0,192.45,3253.0,81.0,49.0
1790.0,192.5,3254.0,80.0,50.0
1790.0,192.55,3247.0,78.0,50.0
1790.0,192.6,3241.0,77.0,50.0
1790.0,192.65,3234.0,75.0,50.0
1790.0,192.7,3227.0,73.0,50.0
1790.0,192.75,3220.0,71.0,49.0
1790.0,192.8,3213.0,69.0,49.0
1790.0,192.85,3206.0,67.0,49.0
1790.0,192.9,3199.0,65.0,48.0
1790.0,192.95,3192.0,63.0,48.0
1790.0,193.0,3185.0,61.0,48.0
1790.0,193.05,3181.0,66.0,47.0
1790.0,193.1,3177.0,71.0,47.0
1790.0,193.15,3174.0,76.0,46.0
1790.0,193.2,3170.0,81.0,46.0
1790.0,193.25,3167.0,85.0,45.0
1790.0,193.3,3163.0,90.0,45.0
1790.0,193.35,3159.0,95.0,44.0
1790.0,193.4,3156.0,100.0,44.0
1790.0,193.45,3152.0,103.0,43.0
1790.0,193.5,3149.0,107.0,42.0
1790.0,193.55,3150.0,109.0,42.0
1790.0,193.6,3152.0,112.0,42.0
1790.0,193.65,3153.0,112.0,41.0
1790.0,193.7,3154.0,113.0,41.0
1790.0,193.75,3156.0,114.0,40.0
1790.0,193.8,3157.0,115.0,39.0
1790.0,193.85,3158.0,116.0,39.0
1790.0,193.9,3160.0,117.0,38.0
1790.0,193.95,3161.0,118.0,38.0
1790.0,194.0,3162.0,119.0,37.0
1790.0,194.05,3169.0,118.0,39.0
1790.0,194.1,3177.0,118.0,40.0
1790.0,194.15,3184.0,118.0,41.0
1790.0,194.2,3191.0,118.0,42.0
1790.0,194.25,3198.0,117.0,44.0
1790.0,194.3,3205.0,117.0,45.0
1790.0,194.35,3213.0,117.0,46.0
1790.0,194.4,3220.0,117.0,48.0
1790.0,194.45,3226.0,115.0,48.0
1790.0,194.5,3233.0,113.0,49.0
1790.0,194.55,3242.0,110.0,51.0
1790.0,194.6,3252.0,107.0,52.0
1790.0,194.65,3261.0,104.0,54.0
1790.0,194.7,3271.0,101.0,55.0
1790.0,194.75,3280.0,98.0,57.0
1790.0,194.8,3290.0,95.0,58.0
1790.0,194.85,3299.0,92.0,60.0
1790.0,194.9,3309.0,90.0,62.0
1790.0,194.95,3317.0,90.0,63.0
1790.0,195.0,3325.0,90.0,65.0
1790.0,195.05,3320.0,89.0,64.0
1790.0,195.1,3315.0,88.0,63.0
1790.0,195.15,3311.0,87.0,62.0
1790.0,195.2,3307.0,86.0,62.0
1790.0,195.25,3303.0,86.0,61.0
1790.0,195.3,3299.0,85.0,60.0
1790.0,195.35,3295.0,84.0,60.0
1790.0,195.4,3291.0,83.0,59.0
1790.0,195.45,3287.0,82.0,58.0
1790.0,195.5,3283.0,82.0,58.0
1790.0,195.55,3258.0,84.0,59.0
1790.0,195.6,3233.0,86.0,60.0
1790.0,195.65,3225.0,90.0,54.0
1790.0,195.7,3216.0,95.0,48.0
1790.0,195.75,3208.0,99.0,42.0
1790.0,195.8,3199.0,103.0,35.0
1790.0,195.85,3191.0,107.0,29.0
1790.0,195.9,3183.0,111.0,23.0
1790.0,195.95,3174.0,115.0,17.0
1790.0,196.0,3166.0,120.0,11.0
1790.0,196.05,3170.0,121.0,11.0
1790.0,196.1,3174.0,121.0,11.0
1790.0,196.15,3178.0,122.0,11.0
1790.0,196.2,3181.0,123.0,11.0
1790.0,196.25,3185.0,124.0,11.0
1790.0,196.3,3189.0,125.0,11.0
1790.0,196.35,3193.0,126.0,11.0
1790.0,196.4,3197.0,126.0,11.0
1790.0,196.45,3219.0,129.0,7.0
1790.0,196.5,3240.0,131.0,3.0
1790.0,196.55,3249.0,129.0,6.0
1790.0,196.6,3258.0,126.0,8.0
1790.0,196.65,3271.0,125.0,9.0
1790.0,196.7,3284.0,124.0,11.0
1790.0,196.75,3298.0,122.0,12.0
1790.0,196.8,3311.0,121.0,13.0
1790.0,196.85,3324.0,119.0,14.0
1790.0,196.9,3337.0,118.0,16.0
1790.0,196.95,3350.0,116.0,17.0
1790.0,197.0,3363.0,115.0,18.0
1790.0,197.05,3374.0,111.0,23.0
1790.0,197.1,3385.0,106.0,27.0
1790.0,197.15,3396.0,102.0,31.0
1790.0,197.2,3407.0,98.0,35.0
1790.0,197.25,3418.0,93.0,40.0
1790.0,197.3,3428.0,89.0,44.0
1790.0,197.35,3439.0,84.0,48.0
1790.0,197.4,3450.0,80.0,52.0
1790.0,197.45,3456.0,78.0,54.0
1790.0,197.5,3463.0,76.0,55.0
1790.0,197.55,3460.0,77.0,55.0
1790.0,197.6,3458.0,79.0,55.0
1790.0,197.65,3452.0,80.0,54.0
1790.0,197.7,3447.0,82.0,54.0
1790.0,197.75,3441.0,83.0,53.0
1790.0,197.8,3435.0,85.0,53.0
1790.0,197.85,3430.0,86.0,52.0
1790.0,197.9,3424.0,88.0,52.0
1790.0,197.95,3419.0,89.0,51.0
1790.0,198.0,3413.0,91.0,50.0
1790.0,198.05,3400.0,93.0,47.0
1790.0,198.1,3388.0,96.0,44.0
1790.0,198.15,3375.0,99.0,41.0
1790.0,198.2,3363.0,101.0,38.0
1790.0,198.25,3350.0,104.0,35.0
1790.0,198.3,3338.0,106.0,32.0
1790.0,198.35,3326.0,109.0,28.0
1790.0,198.4,3313.0,112.0,25.0
1790.0,198.45,3306.0,113.0,23.0
1790.0,198.5,3299.0,115.0,21.0
1790.0,198.55,3299.0,115.0,21.0
1790.0,198.6,3299.0,115.0,21.0
1790.0,198.65,3299.0,115.0,21.0
1790.0,198.7,3299.0,115.0,21.0
1790.0,198.75,3299.0,115.0,21.0
1790.0,198.8,3299.0,115.0,21.0
1790.0,198.85,3299.0,115.0,21.0
1790.0,198.9,3299.0,115.0,21.0
1790.0,198.95,3299.0,115.0,21.0
1790.0,199.0,3299.0,115.0,21.0
1790.0,199.05,3299.0,115.0,21.0
1790.0,199.1,3299.0,115.0,21.0
1790.0,199.15,3299.0,115.0,21.0
1790.0,199.2,3299.0,115.0,21.0
1790.0,199.25,3299.0,115.0,21.0
1790.0,199.3,3299.0,115.0,21.0
1790.0,199.35,3299.0,115.0,21.0
1790.0,199.4,3299.0,115.0,21.0
1790.0,199.45,3299.0,115.0,21.0
1790.0,199.5,3299.0,115.0,21.0
1790.0,199.55,3299.0,115.0,21.0
1790.0,199.6,3299.0,115.0,21.0
1790.0,199.65,3299.0,115.0,21.0
1790.0,199.7,3299.0,115.0,21.0
1790.0,199.75,3299.0,115.0,21.0
1790.0,199.8,3299.0,115.0,21.0
1790.0,199.85,3299.0,115.0,21.0
1790.0,199.9,3299.0,115.0,21.0
1790.0,199.95,3299.0,115.0,21.0
1790.0,200.0,3299.0,115.0,21.0
1790.0,200.05,3299.0,115.0,21.0
1790.0,200.1,3299.0,115.0,21.0
1790.0,200.15,3299.0,115.0,21.0
1790.0,200.2,3299.0,115.0,21.0
1790.0,200.25,3299.0,115.0,21.0
1790.0,200.3,3299.0,115.0,21.0
1790.0,200.35,3299.0,115.0,21.0
1790.0,200.4,3299.0,115.0,21.0
1790.0,200.45,3299.0,115.0,21.0
1790.0,200.5,3299.0,115.0,21.0
1800.0,189.5,3315.0,90.0,27.0
1800.0,189.55,3315.0,90.0,27.0
1800.0,189.6,3315.0,90.0,27.0
1800.0,189.65,3315.0,90.0,27.0
1800.0,189.7,3315.0,90.0,27.0
1800.0,189.75,3315.0,90.0,27.0
1800.0,189.8,3315.0,90.0,27.0
1800.0,189.85,3315.0,90.0,27.0
1800.0,189.9,3315.0,90.0,27.0
1800.0,189.95,3315.0,90.0,27.0
1800.0,190.0,3315.0,90.0,27.0
1800.0,190.05,3315.0,90.0,27.0
1800.0,190.1,3315.0,90.0,27.0
1800.0,190.15,3315.0,90.0,27.0
1800.0,190.2,3315.0,90.0,27.0
1800.0,190.25,3315.0,90.0,27.0
1800.0,190.3,3315.0,90.0,27.0
1800.0,190.35,3315.0,90.0,27.0
1800.0,190.4,3315.0,90.0,27.0
1800.0,190.45,3315.0,90.0,27.0
1800.0,190.5,3315.0,90.0,27.0
1800.0,190.55,3315.0,90.0,27.0
1800.0,190.6,3315.0,90.0,27.0
1800.0,190.65,3315.0,90.0,27.0
1800.0,190.7,3315.0,90.0,27.0
1800.0,190.75,3315.0,90.0,27.0
1800.0,190.8,3315.0,90.0,27.0
1800.0,190.85,3315.0,90.0,27.0
1800.0,190.9,3315.0,90.0,27.0
1800.0,190.95,3315.0,90.0,27.0
1800.0,191.0,3315.0,90.0,27.0
1800.0,191.05,3315.0,90.0,27.0
1800.0,191.1,3315.0,90.0,27.0
1800.0,191.15,3315.0,90.0,27.0
1800.0,191.2,3315.0,90.0,27.0
1800.0,191.25,3315.0,90.0,27.0
1800.0,191.3,3315.0,90.0,27.0
1800.0,191.35,3315.0,90.0,27.0
1800.0,191.4,3315.0,90.0,27.0
1800.0,191.45,3315.0,90.0,27.0
1800.0,191.5,3315.0,90.0,27.0
1800.0,191.55,3314.0,91.0,28.0
1800.0,191.6,3314.0,91.0,29.0
1800.0,191.65,3313.0,92.0,31.0
1800.0,191.7,3312.0,93.0,32.0
1800.0,191.75,3312.0,93.0,33.0
1800.0,191.8,3311.0,94.0,34.0
1800.0,191.85,3310.0,94.0,35.0
1800.0,191.9,3309.0,95.0,37.0
1800.0,191.95,3309.0,96.0,38.0
1800.0,192.0,3308.0,96.0,39.0
1800.0,192.05,3309.0,95.0,40.0
1800.0,192.1,3310.0,93.0,42.0
1800.0,192.15,3312.0,92.0,43.0
1800.0,192.2,3313.0,90.0,44.0
1800.0,192.25,3314.0,89.0,45.0
1800.0,192.3,3315.0,87.0,47.0
1800.0,192.35,3316.0,86.0,48.0
1800.0,192.4,3318.0,84.0,49.0
1800.0,192.45,3319.0,83.0,51.0
1800.0,192.5,3320.0,81.0,52.0
1800.0,192.55,3313.0,79.0,52.0
1800.0,192.6,3306.0,77.0,51.0
1800.0,192.65,3299.0,75.0,51.0
1800.0,192.7,3292.0,74.0,51.0
1800.0,192.75,3285.0,72.0,50.0
1800.0,192.8,3278.0,70.0,50.0
1800.0,192.85,3271.0,68.0,50.0
1800.0,192.9,3264.0,66.0,50.0
1800.0,192.95,3257.0,64.0,49.0
1800.0,193.0,3250.0,62.0,49.0
1800.0,193.05,3246.0,67.0,48.0
1800.0,193.1,3243.0,72.0,48.0
1800.0,193.15,3239.0,76.0,47.0
1800.0,193.2,3236.0,81.0,47.0
1800.0,193.25,3232.0,86.0,46.0
1800.0,193.3,3228.0,91.0,46.0
1800.0,193.35,3225.0,95.0,45.0
1800.0,193.4,3221.0,100.0,45.0
1800.0,193.45,3218.0,105.0,44.0
1800.0,193.5,3214.0,110.0,44.0
1800.0,193.55,3215.0,110.0,43.0
1800.0,193.6,3217.0,111.0,42.0
1800.0,193.65,3218.0,112.0,42.0
1800.0,193.7,3219.0,113.0,41.0
1800.0,193.75,3220.0,114.0,41.0
1800.0,193.8,3222.0,115.0,40.0
1800.0,193.85,3223.0,116.0,40.0
1800.0,193.9,3224.0,117.0,39.0
1800.0,193.95,3226.0,118.0,39.0
1800.0,194.0,3227.0,118.0,38.0
1800.0,194.05,3234.0,118.0,39.0
1800.0,194.1,3241.0,118.0,41.0
1800.0,194.15,3249.0,118.0,42.0
1800.0,194.2,3256.0,117.0,43.0
1800.0,194.25,3263.0,117.0,45.0
1800.0,194.3,3270.0,117.0,46.0
1800.0,194.35,3277.0,117.0,47.0
1800.0,194.4,3285.0,116.0,48.0
1800.0,194.45,3292.0,116.0,50.0
1800.0,194.5,3299.0,116.0,51.0
1800.0,194.55,3309.0,113.0,53.0
1800.0,194.6,3318.0,110.0,54.0
1800.0,194.65,3328.0,107.0,56.0
1800.0,194.7,3337.0,104.0,57.0
1800.0,194.75,3346.0,101.0,59.0
1800.0,194.8,3356.0,98.0,61.0
1800.0,194.85,3365.0,95.0,62.0
1800.0,194.9,3375.0,93.0,64.0
1800.0,194.95,3384.0,90.0,65.0
1800.0,195.0,3394.0,87.0,67.0
1800.0,195.05,3390.0,86.0,66.0
1800.0,195.1,3386.0,85.0,66.0
1800.0,195.15,3382.0,84.0,65.0
1800.0,195.2,3378.0,84.0,64.0
1800.0,195.25,3374.0,83.0,64.0
1800.0,195.3,3370.0,82.0,63.0
1800.0,195.35,3366.0,81.0,62.0
1800.0,195.4,3362.0,80.0,62.0
1800.0,195.45,3358.0,80.0,61.0
1800.0,195.5,3354.0,79.0,60.0
1800.0,195.55,3346.0,83.0,54.0
1800.0,195.6,3337.0,87.0,48.0
1800.0,195.65,3329.0,91.0,42.0
1800.0,195.7,3320.0,95.0,36.0
1800.0,195.75,3312.0,100.0,30.0
1800.0,195.8,3304.0,104.0,24.0
1800.0,195.85,3295.0,108.0,18.0
1800.0,195.9,3287.0,112.0,12.0
1800.0,195.95,3278.0,116.0,6.0
1800.0,196.0,3270.0,120.0,0.0
1800.0,196.05,3274.0,121.0,0.0
1800.0,196.1,3278.0,122.0,0.0
1800.0,196.15,3282.0,123.0,0.0
1800.0,196.2,3286.0,124.0,0.0
1800.0,196.25,3290.0,125.0,0.0
1800.0,196.3,3293.0,126.0,0.0
1800.0,196.35,3297.0,126.0,0.0
1800.0,196.4,3301.0,127.0,0.0
1800.0,196.45,3305.0,128.0,0.0
1800.0,196.5,3309.0,129.0,0.0
1800.0,196.55,3322.0,128.0,1.0
1800.0,196.6,3335.0,126.0,3.0
1800.0,196.65,3348.0,125.0,4.0
1800.0,196.7,3361.0,123.0,5.0
1800.0,196.75,3374.0,122.0,6.0
1800.0,196.8,3388.0,120.0,8.0
1800.0,196.85,3401.0,119.0,9.0
1800.0,196.9,3414.0,118.0,10.0
1800.0,196.95,3427.0,116.0,11.0
1800.0,197.0,3440.0,115.0,13.0
1800.0,197.05,3451.0,110.0,17.0
1800.0,197.1,3462.0,106.0,21.0
1800.0,197.15,3473.0,102.0,26.0
1800.0,197.2,3484.0,97.0,30.0
1800.0,197.25,3494.0,93.0,34.0
1800.0,197.3,3505.0,88.0,38.0
1800.0,197.35,3516.0,84.0,43.0
1800.0,197.4,3527.0,80.0,47.0
1800.0,197.45,3538.0,75.0,51.0
1800.0,197.5,3549.0,71.0,55.0
1800.0,197.55,3543.0,73.0,55.0
1800.0,197.6,3538.0,74.0,54.0
1800.0,197.65,3532.0,76.0,54.0
1800.0,197.7,3527.0,77.0,53.0
1800.0,197.75,3521.0,79.0,53.0
1800.0,197.8,3515.0,80.0,52.0
1800.0,197.85,3510.0,82.0,51.0
1800.0,197.9,3504.0,83.0,51.0
1800.0,197.95,3499.0,85.0,50.0
1800.0,198.0,3493.0,86.0,50.0
1800.0,198.05,3480.0,89.0,47.0
1800.0,198.1,3468.0,91.0,43.0
1800.0,198.15,3455.0,94.0,40.0
1800.0,198.2,3443.0,97.0,37.0
1800.0,198.25,3430.0,99.0,34.0
1800.0,198.3,3418.0,102.0,31.0
1800.0,198.35,3406.0,105.0,28.0
1800.0,198.4,3393.0,107.0,24.0
1800.0,198.45,3381.0,110.0,21.0
1800.0,198.5,3368.0,112.0,18.0
1800.0,198.55,3368.0,112.0,18.0
1800.0,198.6,3368.0,112.0,18.0
1800.0,198.65,3368.0,112.0,18.0
1800.0,198.7,3368.0,112.0,18.0
1800.0,198.75,3368.0,112.0,18.0
1800.0,198.8,3368.0,112.0,18.0
1800.0,198.85,3368.0,112.0,18.0
1800.0,198.9,3368.0,112.0,18.0
1800.0,198.95,3368.0,112.0,18.0
1800.0,199.0,3368.0,112.0,18.0
1800.0,199.05,3368.0,112.0,18.0
1800.0,199.1,3368.0,112.0,18.0
1800.0,199.15,3368.0,112.0,18.0
1800.0,199.2,3368.0,112.0,18.0
1800.0,199.25,3368.0,112.0,18.0
1800.0,199.3,3368.0,112.0,18.0
1800.0,199.35,3368.0,112.0,18.0
1800.0,199.4,3368.0,112.0,18.0
1800.0,199.45,3368.0,112.0,18.0
1800.0,199.5,3368.0,112.0,18.0
1800.0,199.55,3368.0,112.0,18.0
1800.0,199.6,3368.0,112.0,18.0
1800.0,199.65,3368.0,112.0,18.0
1800.0,199.7,3368.0,112.0,18.0
1800.0,199.75,3368.0,112.0,18.0
1800.0,199.8,3368.0,112.0,18.0
1800.0,199.85,3368.0,112.0,18.0
1800.0,199.9,3368.0,112.0,18.0
1800.0,199.95,3368.0,112.0,18.0
1800.0,200.0,3368.0,112.0,18.0
1800.0,200.05,3368.0,112.0,18.0
1800.0,200.1,3368.0,112.0,18.0
1800.0,200.15,3368.0,112.0,18.0
1800.0,200.2,3368.0,112.0,18.0
1800.0,200.25,3368.0,112.0,18.0
1800.0,200.3,3368.0,112.0,18.0
1800.0,200.35,3368.0,112.0,18.0
1800.0,200.4,3368.0,112.0,18.0
1800.0,200.45,3368.0,112.0,18.0
1800.0,200.5,3368.0,112.0,18.0
